unit,source_start,source_end,state,english_batch,note_ids
U00001,0,2,represented_draft,english-00001-00250.jsonl,
U00002,2,37,represented_with_review_flags,english-00001-00250.jsonl,N-001
U00003,37,40,represented_draft,english-00001-00250.jsonl,
U00004,40,110,represented_with_review_flags,english-00001-00250.jsonl,N-T01
U00005,110,134,represented_with_review_flags,english-00001-00250.jsonl,N-002
U00006,134,170,represented_with_review_flags,english-00001-00250.jsonl,N-001
U00007,170,182,represented_draft,english-00001-00250.jsonl,
U00008,182,246,represented_with_review_flags,english-00001-00250.jsonl,N-T01
U00009,246,290,represented_draft,english-00001-00250.jsonl,
U00010,290,324,represented_draft,english-00001-00250.jsonl,
U00011,324,358,represented_with_review_flags,english-00001-00250.jsonl,N-016
U00012,358,395,represented_draft,english-00001-00250.jsonl,
U00013,395,423,represented_draft,english-00001-00250.jsonl,
U00014,423,448,represented_draft,english-00001-00250.jsonl,
U00015,448,478,represented_draft,english-00001-00250.jsonl,
U00016,478,506,represented_draft,english-00001-00250.jsonl,
U00017,506,540,represented_with_review_flags,english-00001-00250.jsonl,N-003
U00018,540,574,represented_with_review_flags,english-00001-00250.jsonl,N-003
U00019,574,602,represented_with_review_flags,english-00001-00250.jsonl,N-003
U00020,602,627,represented_with_review_flags,english-00001-00250.jsonl,N-003
U00021,627,659,represented_with_review_flags,english-00001-00250.jsonl,N-003
U00022,659,688,represented_with_review_flags,english-00001-00250.jsonl,N-003
U00023,688,719,represented_with_review_flags,english-00001-00250.jsonl,N-003
U00024,719,749,represented_with_review_flags,english-00001-00250.jsonl,N-003
U00025,749,778,represented_with_review_flags,english-00001-00250.jsonl,N-003
U00026,778,804,represented_draft,english-00001-00250.jsonl,
U00027,804,834,represented_draft,english-00001-00250.jsonl,
U00028,834,861,represented_draft,english-00001-00250.jsonl,
U00029,861,888,represented_with_review_flags,english-00001-00250.jsonl,N-016
U00030,888,923,represented_draft,english-00001-00250.jsonl,
U00031,923,955,represented_with_review_flags,english-00001-00250.jsonl,N-004
U00032,955,985,represented_with_review_flags,english-00001-00250.jsonl,N-004
U00033,985,1009,represented_draft,english-00001-00250.jsonl,
U00034,1009,1038,represented_draft,english-00001-00250.jsonl,
U00035,1038,1067,represented_draft,english-00001-00250.jsonl,
U00036,1067,1094,represented_draft,english-00001-00250.jsonl,
U00037,1094,1121,represented_with_review_flags,english-00001-00250.jsonl,N-004
U00038,1121,1154,represented_with_review_flags,english-00001-00250.jsonl,N-004
U00039,1154,1183,represented_with_review_flags,english-00001-00250.jsonl,N-004
U00040,1183,1210,represented_with_review_flags,english-00001-00250.jsonl,N-004
U00041,1210,1246,represented_with_review_flags,english-00001-00250.jsonl,N-004
U00042,1246,1279,represented_draft,english-00001-00250.jsonl,
U00043,1279,1310,represented_draft,english-00001-00250.jsonl,
U00044,1310,1345,represented_draft,english-00001-00250.jsonl,
U00045,1345,1379,represented_draft,english-00001-00250.jsonl,
U00046,1379,1408,represented_draft,english-00001-00250.jsonl,
U00047,1408,1437,represented_draft,english-00001-00250.jsonl,
U00048,1437,1468,represented_draft,english-00001-00250.jsonl,
U00049,1468,1496,represented_with_review_flags,english-00001-00250.jsonl,N-005;N-T15
U00050,1496,1525,represented_draft,english-00001-00250.jsonl,
U00051,1525,1553,represented_draft,english-00001-00250.jsonl,
U00052,1553,1579,represented_draft,english-00001-00250.jsonl,
U00053,1579,1606,represented_with_review_flags,english-00001-00250.jsonl,N-005
U00054,1606,1627,represented_with_review_flags,english-00001-00250.jsonl,N-005
U00055,1627,1657,represented_with_review_flags,english-00001-00250.jsonl,N-005
U00056,1657,1681,represented_draft,english-00001-00250.jsonl,
U00057,1681,1710,represented_draft,english-00001-00250.jsonl,
U00058,1710,1742,represented_draft,english-00001-00250.jsonl,
U00059,1742,1767,represented_draft,english-00001-00250.jsonl,
U00060,1767,1796,represented_draft,english-00001-00250.jsonl,
U00061,1796,1824,represented_draft,english-00001-00250.jsonl,
U00062,1824,1858,represented_draft,english-00001-00250.jsonl,
U00063,1858,1885,represented_draft,english-00001-00250.jsonl,
U00064,1885,1911,represented_draft,english-00001-00250.jsonl,
U00065,1911,1938,represented_draft,english-00001-00250.jsonl,
U00066,1938,1966,represented_draft,english-00001-00250.jsonl,
U00067,1966,1993,represented_draft,english-00001-00250.jsonl,
U00068,1993,2021,represented_draft,english-00001-00250.jsonl,
U00069,2021,2049,represented_draft,english-00001-00250.jsonl,
U00070,2049,2076,represented_draft,english-00001-00250.jsonl,
U00071,2076,2110,represented_with_review_flags,english-00001-00250.jsonl,N-006
U00072,2110,2138,represented_with_review_flags,english-00001-00250.jsonl,N-006
U00073,2138,2164,represented_draft,english-00001-00250.jsonl,
U00074,2164,2196,represented_draft,english-00001-00250.jsonl,
U00075,2196,2224,represented_draft,english-00001-00250.jsonl,
U00076,2224,2256,represented_draft,english-00001-00250.jsonl,
U00077,2256,2286,represented_draft,english-00001-00250.jsonl,
U00078,2286,2314,represented_draft,english-00001-00250.jsonl,
U00079,2314,2340,represented_draft,english-00001-00250.jsonl,
U00080,2340,2373,represented_draft,english-00001-00250.jsonl,
U00081,2373,2405,represented_draft,english-00001-00250.jsonl,
U00082,2405,2434,represented_with_review_flags,english-00001-00250.jsonl,N-T05
U00083,2434,2463,represented_draft,english-00001-00250.jsonl,
U00084,2463,2493,represented_draft,english-00001-00250.jsonl,
U00085,2493,2523,represented_draft,english-00001-00250.jsonl,
U00086,2523,2551,represented_draft,english-00001-00250.jsonl,
U00087,2551,2579,represented_with_review_flags,english-00001-00250.jsonl,N-007
U00088,2579,2608,represented_with_review_flags,english-00001-00250.jsonl,N-007
U00089,2608,2640,represented_with_review_flags,english-00001-00250.jsonl,N-007;N-T04
U00090,2640,2670,represented_with_review_flags,english-00001-00250.jsonl,N-007
U00091,2670,2695,represented_draft,english-00001-00250.jsonl,
U00092,2695,2720,represented_draft,english-00001-00250.jsonl,
U00093,2720,2748,represented_draft,english-00001-00250.jsonl,
U00094,2748,2778,represented_draft,english-00001-00250.jsonl,
U00095,2778,2804,represented_draft,english-00001-00250.jsonl,
U00096,2804,2832,represented_draft,english-00001-00250.jsonl,
U00097,2832,2866,represented_draft,english-00001-00250.jsonl,
U00098,2866,2892,represented_draft,english-00001-00250.jsonl,
U00099,2892,2919,represented_draft,english-00001-00250.jsonl,
U00100,2919,2949,represented_with_review_flags,english-00001-00250.jsonl,N-T08
U00101,2949,2975,represented_draft,english-00001-00250.jsonl,
U00102,2975,3005,represented_draft,english-00001-00250.jsonl,
U00103,3005,3032,represented_draft,english-00001-00250.jsonl,
U00104,3032,3062,represented_draft,english-00001-00250.jsonl,
U00105,3062,3087,represented_draft,english-00001-00250.jsonl,
U00106,3087,3114,represented_draft,english-00001-00250.jsonl,
U00107,3114,3142,represented_draft,english-00001-00250.jsonl,
U00108,3142,3174,represented_with_review_flags,english-00001-00250.jsonl,N-008
U00109,3174,3203,represented_with_review_flags,english-00001-00250.jsonl,N-008
U00110,3203,3231,represented_with_review_flags,english-00001-00250.jsonl,N-008
U00111,3231,3261,represented_with_review_flags,english-00001-00250.jsonl,N-008
U00112,3261,3290,represented_with_review_flags,english-00001-00250.jsonl,N-008
U00113,3290,3323,represented_with_review_flags,english-00001-00250.jsonl,N-008
U00114,3323,3349,represented_with_review_flags,english-00001-00250.jsonl,N-008
U00115,3349,3381,represented_with_review_flags,english-00001-00250.jsonl,N-008
U00116,3381,3416,represented_with_review_flags,english-00001-00250.jsonl,N-008;N-T03
U00117,3416,3444,represented_draft,english-00001-00250.jsonl,
U00118,3444,3471,represented_with_review_flags,english-00001-00250.jsonl,N-T03
U00119,3471,3503,represented_draft,english-00001-00250.jsonl,
U00120,3503,3534,represented_draft,english-00001-00250.jsonl,
U00121,3534,3564,represented_draft,english-00001-00250.jsonl,
U00122,3564,3594,represented_draft,english-00001-00250.jsonl,
U00123,3594,3625,represented_with_review_flags,english-00001-00250.jsonl,N-T03
U00124,3625,3653,represented_with_review_flags,english-00001-00250.jsonl,N-T03
U00125,3653,3679,represented_draft,english-00001-00250.jsonl,
U00126,3679,3714,represented_with_review_flags,english-00001-00250.jsonl,N-T03
U00127,3714,3748,represented_draft,english-00001-00250.jsonl,
U00128,3748,3781,represented_draft,english-00001-00250.jsonl,
U00129,3781,3813,represented_with_review_flags,english-00001-00250.jsonl,N-T09
U00130,3813,3843,represented_draft,english-00001-00250.jsonl,
U00131,3843,3874,represented_draft,english-00001-00250.jsonl,
U00132,3874,3898,represented_with_review_flags,english-00001-00250.jsonl,N-009
U00133,3898,3929,represented_with_review_flags,english-00001-00250.jsonl,N-009
U00134,3929,3961,represented_with_review_flags,english-00001-00250.jsonl,N-009
U00135,3961,3992,represented_with_review_flags,english-00001-00250.jsonl,N-009
U00136,3992,4021,represented_with_review_flags,english-00001-00250.jsonl,N-009
U00137,4021,4052,represented_with_review_flags,english-00001-00250.jsonl,N-009
U00138,4052,4081,represented_draft,english-00001-00250.jsonl,
U00139,4081,4109,represented_with_review_flags,english-00001-00250.jsonl,N-T03
U00140,4109,4141,represented_draft,english-00001-00250.jsonl,
U00141,4141,4172,represented_with_review_flags,english-00001-00250.jsonl,N-010
U00142,4172,4204,represented_with_review_flags,english-00001-00250.jsonl,N-010
U00143,4204,4235,represented_draft,english-00001-00250.jsonl,
U00144,4235,4264,represented_with_review_flags,english-00001-00250.jsonl,N-010
U00145,4264,4297,represented_with_review_flags,english-00001-00250.jsonl,N-010
U00146,4297,4329,represented_with_review_flags,english-00001-00250.jsonl,N-010
U00147,4329,4357,represented_with_review_flags,english-00001-00250.jsonl,N-010
U00148,4357,4388,represented_with_review_flags,english-00001-00250.jsonl,N-010
U00149,4388,4419,represented_with_review_flags,english-00001-00250.jsonl,N-010
U00150,4419,4451,represented_with_review_flags,english-00001-00250.jsonl,N-010
U00151,4451,4475,represented_draft,english-00001-00250.jsonl,
U00152,4475,4499,represented_draft,english-00001-00250.jsonl,
U00153,4499,4532,represented_with_review_flags,english-00001-00250.jsonl,N-011
U00154,4532,4562,represented_with_review_flags,english-00001-00250.jsonl,N-011
U00155,4562,4587,represented_with_review_flags,english-00001-00250.jsonl,N-011
U00156,4587,4616,represented_with_review_flags,english-00001-00250.jsonl,N-011
U00157,4616,4647,represented_with_review_flags,english-00001-00250.jsonl,N-011
U00158,4647,4678,represented_draft,english-00001-00250.jsonl,
U00159,4678,4710,represented_draft,english-00001-00250.jsonl,
U00160,4710,4739,represented_draft,english-00001-00250.jsonl,
U00161,4739,4772,represented_draft,english-00001-00250.jsonl,
U00162,4772,4802,represented_draft,english-00001-00250.jsonl,
U00163,4802,4832,represented_draft,english-00001-00250.jsonl,
U00164,4832,4858,represented_draft,english-00001-00250.jsonl,
U00165,4858,4887,represented_draft,english-00001-00250.jsonl,
U00166,4887,4914,represented_draft,english-00001-00250.jsonl,
U00167,4914,4945,represented_draft,english-00001-00250.jsonl,
U00168,4945,4971,represented_draft,english-00001-00250.jsonl,
U00169,4971,5001,represented_draft,english-00001-00250.jsonl,
U00170,5001,5029,represented_draft,english-00001-00250.jsonl,
U00171,5029,5057,represented_draft,english-00001-00250.jsonl,
U00172,5057,5089,represented_draft,english-00001-00250.jsonl,
U00173,5089,5117,represented_draft,english-00001-00250.jsonl,
U00174,5117,5146,represented_with_review_flags,english-00001-00250.jsonl,N-T07
U00175,5146,5179,represented_with_review_flags,english-00001-00250.jsonl,N-T07;N-T09
U00176,5179,5212,represented_draft,english-00001-00250.jsonl,
U00177,5212,5240,represented_with_review_flags,english-00001-00250.jsonl,N-T08
U00178,5240,5274,represented_draft,english-00001-00250.jsonl,
U00179,5274,5304,represented_draft,english-00001-00250.jsonl,
U00180,5304,5361,represented_with_review_flags,english-00001-00250.jsonl,N-012
U00181,5361,5391,represented_with_review_flags,english-00001-00250.jsonl,N-012
U00182,5391,5420,represented_with_review_flags,english-00001-00250.jsonl,N-012
U00183,5420,5448,represented_draft,english-00001-00250.jsonl,
U00184,5448,5473,represented_draft,english-00001-00250.jsonl,
U00185,5473,5501,represented_draft,english-00001-00250.jsonl,
U00186,5501,5529,represented_draft,english-00001-00250.jsonl,
U00187,5529,5575,represented_with_review_flags,english-00001-00250.jsonl,N-013
U00188,5575,5603,represented_draft,english-00001-00250.jsonl,
U00189,5603,5630,represented_draft,english-00001-00250.jsonl,
U00190,5630,5656,represented_draft,english-00001-00250.jsonl,
U00191,5656,5683,represented_draft,english-00001-00250.jsonl,
U00192,5683,5806,represented_with_review_flags,english-00001-00250.jsonl,N-013;N-T20
U00193,5806,5832,represented_draft,english-00001-00250.jsonl,
U00194,5832,5858,represented_draft,english-00001-00250.jsonl,
U00195,5858,5887,represented_draft,english-00001-00250.jsonl,
U00196,5887,5913,represented_draft,english-00001-00250.jsonl,
U00197,5913,5945,represented_draft,english-00001-00250.jsonl,
U00198,5945,5972,represented_draft,english-00001-00250.jsonl,
U00199,5972,5998,represented_with_review_flags,english-00001-00250.jsonl,N-T15
U00200,5998,6024,represented_draft,english-00001-00250.jsonl,
U00201,6024,6048,represented_draft,english-00001-00250.jsonl,
U00202,6048,6077,represented_draft,english-00001-00250.jsonl,
U00203,6077,6105,represented_draft,english-00001-00250.jsonl,
U00204,6105,6131,represented_draft,english-00001-00250.jsonl,
U00205,6131,6157,represented_draft,english-00001-00250.jsonl,
U00206,6157,6181,represented_draft,english-00001-00250.jsonl,
U00207,6181,6209,represented_draft,english-00001-00250.jsonl,
U00208,6209,6244,represented_with_review_flags,english-00001-00250.jsonl,N-014
U00209,6244,6275,represented_draft,english-00001-00250.jsonl,
U00210,6275,6307,represented_draft,english-00001-00250.jsonl,
U00211,6307,6336,represented_draft,english-00001-00250.jsonl,
U00212,6336,6364,represented_draft,english-00001-00250.jsonl,
U00213,6364,6396,represented_draft,english-00001-00250.jsonl,
U00214,6396,6422,represented_draft,english-00001-00250.jsonl,
U00215,6422,6452,represented_draft,english-00001-00250.jsonl,
U00216,6452,6484,represented_draft,english-00001-00250.jsonl,
U00217,6484,6510,represented_draft,english-00001-00250.jsonl,
U00218,6510,6538,represented_draft,english-00001-00250.jsonl,
U00219,6538,6565,represented_draft,english-00001-00250.jsonl,
U00220,6565,6593,represented_draft,english-00001-00250.jsonl,
U00221,6593,6623,represented_draft,english-00001-00250.jsonl,
U00222,6623,6653,represented_draft,english-00001-00250.jsonl,
U00223,6653,6685,represented_draft,english-00001-00250.jsonl,
U00224,6685,6713,represented_draft,english-00001-00250.jsonl,
U00225,6713,6742,represented_draft,english-00001-00250.jsonl,
U00226,6742,6773,represented_draft,english-00001-00250.jsonl,
U00227,6773,6802,represented_draft,english-00001-00250.jsonl,
U00228,6802,6833,represented_draft,english-00001-00250.jsonl,
U00229,6833,6864,represented_draft,english-00001-00250.jsonl,
U00230,6864,6896,represented_draft,english-00001-00250.jsonl,
U00231,6896,6922,represented_draft,english-00001-00250.jsonl,
U00232,6922,6953,represented_draft,english-00001-00250.jsonl,
U00233,6953,6985,represented_draft,english-00001-00250.jsonl,
U00234,6985,7020,represented_draft,english-00001-00250.jsonl,
U00235,7020,7050,represented_draft,english-00001-00250.jsonl,
U00236,7050,7078,represented_with_review_flags,english-00001-00250.jsonl,N-T43
U00237,7078,7111,represented_draft,english-00001-00250.jsonl,
U00238,7111,7138,represented_draft,english-00001-00250.jsonl,
U00239,7138,7164,represented_draft,english-00001-00250.jsonl,
U00240,7164,7189,represented_with_review_flags,english-00001-00250.jsonl,N-T50;N-T51
U00241,7189,7218,represented_draft,english-00001-00250.jsonl,
U00242,7218,7247,represented_draft,english-00001-00250.jsonl,
U00243,7247,7277,represented_draft,english-00001-00250.jsonl,
U00244,7277,7306,represented_with_review_flags,english-00001-00250.jsonl,N-T11
U00245,7306,7335,represented_with_review_flags,english-00001-00250.jsonl,N-T15
U00246,7335,7365,represented_with_review_flags,english-00001-00250.jsonl,N-T15
U00247,7365,7394,represented_draft,english-00001-00250.jsonl,
U00248,7394,7421,represented_draft,english-00001-00250.jsonl,
U00249,7421,7452,represented_draft,english-00001-00250.jsonl,
U00250,7452,7481,represented_draft,english-00001-00250.jsonl,
U00251,7481,7508,represented_draft,english-00251-00500.jsonl,
U00252,7508,7538,represented_with_review_flags,english-00251-00500.jsonl,N-T17
U00253,7538,7565,represented_with_review_flags,english-00251-00500.jsonl,N-T16
U00254,7565,7593,represented_draft,english-00251-00500.jsonl,
U00255,7593,7625,represented_with_review_flags,english-00251-00500.jsonl,N-T17
U00256,7625,7655,represented_draft,english-00251-00500.jsonl,
U00257,7655,7685,represented_draft,english-00251-00500.jsonl,
U00258,7685,7718,represented_draft,english-00251-00500.jsonl,
U00259,7718,7750,represented_draft,english-00251-00500.jsonl,
U00260,7750,7778,represented_with_review_flags,english-00251-00500.jsonl,N-T09
U00261,7778,7805,represented_draft,english-00251-00500.jsonl,
U00262,7805,7835,represented_draft,english-00251-00500.jsonl,
U00263,7835,7860,represented_draft,english-00251-00500.jsonl,
U00264,7860,7886,represented_draft,english-00251-00500.jsonl,
U00265,7886,7912,represented_draft,english-00251-00500.jsonl,
U00266,7912,7941,represented_with_review_flags,english-00251-00500.jsonl,N-T08
U00267,7941,7971,represented_with_review_flags,english-00251-00500.jsonl,N-019
U00268,7971,7995,represented_draft,english-00251-00500.jsonl,
U00269,7995,8021,represented_draft,english-00251-00500.jsonl,
U00270,8021,8048,represented_draft,english-00251-00500.jsonl,
U00271,8048,8076,represented_draft,english-00251-00500.jsonl,
U00272,8076,8142,represented_with_review_flags,english-00251-00500.jsonl,N-020
U00273,8142,8173,represented_with_review_flags,english-00251-00500.jsonl,N-020
U00274,8173,8201,represented_with_review_flags,english-00251-00500.jsonl,N-020
U00275,8201,8228,represented_with_review_flags,english-00251-00500.jsonl,N-020
U00276,8228,8259,represented_with_review_flags,english-00251-00500.jsonl,N-020
U00277,8259,8286,represented_with_review_flags,english-00251-00500.jsonl,N-020
U00278,8286,8313,represented_with_review_flags,english-00251-00500.jsonl,N-020
U00279,8313,8344,represented_with_review_flags,english-00251-00500.jsonl,N-020
U00280,8344,8371,represented_with_review_flags,english-00251-00500.jsonl,N-020
U00281,8371,8398,represented_draft,english-00251-00500.jsonl,
U00282,8398,8425,represented_with_review_flags,english-00251-00500.jsonl,N-021
U00283,8425,8456,represented_with_review_flags,english-00251-00500.jsonl,N-021
U00284,8456,8482,represented_with_review_flags,english-00251-00500.jsonl,N-021
U00285,8482,8513,represented_with_review_flags,english-00251-00500.jsonl,N-021
U00286,8513,8538,represented_draft,english-00251-00500.jsonl,
U00287,8538,8569,represented_draft,english-00251-00500.jsonl,
U00288,8569,8600,represented_draft,english-00251-00500.jsonl,
U00289,8600,8631,represented_draft,english-00251-00500.jsonl,
U00290,8631,8659,represented_draft,english-00251-00500.jsonl,
U00291,8659,8690,represented_draft,english-00251-00500.jsonl,
U00292,8690,8717,represented_draft,english-00251-00500.jsonl,
U00293,8717,8748,represented_with_review_flags,english-00251-00500.jsonl,N-022
U00294,8748,8777,represented_with_review_flags,english-00251-00500.jsonl,N-022;N-T49
U00295,8777,8804,represented_with_review_flags,english-00251-00500.jsonl,N-022
U00296,8804,8829,represented_with_review_flags,english-00251-00500.jsonl,N-022;N-T23
U00297,8829,8859,represented_with_review_flags,english-00251-00500.jsonl,N-022
U00298,8859,8892,represented_with_review_flags,english-00251-00500.jsonl,N-022
U00299,8892,8923,represented_with_review_flags,english-00251-00500.jsonl,N-022;N-T17
U00300,8923,8954,represented_with_review_flags,english-00251-00500.jsonl,N-022
U00301,8954,8986,represented_draft,english-00251-00500.jsonl,
U00302,8986,9014,represented_draft,english-00251-00500.jsonl,
U00303,9014,9044,represented_draft,english-00251-00500.jsonl,
U00304,9044,9073,represented_draft,english-00251-00500.jsonl,
U00305,9073,9104,represented_draft,english-00251-00500.jsonl,
U00306,9104,9134,represented_draft,english-00251-00500.jsonl,
U00307,9134,9164,represented_draft,english-00251-00500.jsonl,
U00308,9164,9194,represented_draft,english-00251-00500.jsonl,
U00309,9194,9225,represented_draft,english-00251-00500.jsonl,
U00310,9225,9253,represented_draft,english-00251-00500.jsonl,
U00311,9253,9283,represented_draft,english-00251-00500.jsonl,
U00312,9283,9311,represented_draft,english-00251-00500.jsonl,
U00313,9311,9340,represented_draft,english-00251-00500.jsonl,
U00314,9340,9369,represented_draft,english-00251-00500.jsonl,
U00315,9369,9396,represented_with_review_flags,english-00251-00500.jsonl,N-023
U00316,9396,9424,represented_with_review_flags,english-00251-00500.jsonl,N-023;N-T09
U00317,9424,9462,represented_with_review_flags,english-00251-00500.jsonl,N-024
U00318,9462,9477,represented_draft,english-00251-00500.jsonl,
U00319,9477,9508,represented_draft,english-00251-00500.jsonl,
U00320,9508,9534,represented_with_review_flags,english-00251-00500.jsonl,N-T65
U00321,9534,9565,represented_draft,english-00251-00500.jsonl,
U00322,9565,9591,represented_draft,english-00251-00500.jsonl,
U00323,9591,9618,represented_draft,english-00251-00500.jsonl,
U00324,9618,9643,represented_with_review_flags,english-00251-00500.jsonl,N-T15
U00325,9643,9675,represented_draft,english-00251-00500.jsonl,
U00326,9675,9704,represented_draft,english-00251-00500.jsonl,
U00327,9704,9734,represented_draft,english-00251-00500.jsonl,
U00328,9734,9774,represented_with_review_flags,english-00251-00500.jsonl,N-025
U00329,9774,9806,represented_draft,english-00251-00500.jsonl,
U00330,9806,9840,represented_draft,english-00251-00500.jsonl,
U00331,9840,9871,represented_draft,english-00251-00500.jsonl,
U00332,9871,9903,represented_draft,english-00251-00500.jsonl,
U00333,9903,9937,represented_draft,english-00251-00500.jsonl,
U00334,9937,9971,represented_with_review_flags,english-00251-00500.jsonl,N-T15
U00335,9971,9999,represented_draft,english-00251-00500.jsonl,
U00336,9999,10031,represented_draft,english-00251-00500.jsonl,
U00337,10031,10064,represented_draft,english-00251-00500.jsonl,
U00338,10064,10091,represented_with_review_flags,english-00251-00500.jsonl,N-T15
U00339,10091,10118,represented_draft,english-00251-00500.jsonl,
U00340,10118,10148,represented_draft,english-00251-00500.jsonl,
U00341,10148,10180,represented_draft,english-00251-00500.jsonl,
U00342,10180,10205,represented_draft,english-00251-00500.jsonl,
U00343,10205,10232,represented_draft,english-00251-00500.jsonl,
U00344,10232,10247,represented_draft,english-00251-00500.jsonl,
U00345,10247,10271,represented_draft,english-00251-00500.jsonl,
U00346,10271,10302,represented_draft,english-00251-00500.jsonl,
U00347,10302,10331,represented_draft,english-00251-00500.jsonl,
U00348,10331,10361,represented_draft,english-00251-00500.jsonl,
U00349,10361,10390,represented_with_review_flags,english-00251-00500.jsonl,N-T18
U00350,10390,10421,represented_with_review_flags,english-00251-00500.jsonl,N-T18
U00351,10421,10449,represented_draft,english-00251-00500.jsonl,
U00352,10449,10476,represented_draft,english-00251-00500.jsonl,
U00353,10476,10506,represented_draft,english-00251-00500.jsonl,
U00354,10506,10535,represented_draft,english-00251-00500.jsonl,
U00355,10535,10563,represented_draft,english-00251-00500.jsonl,
U00356,10563,10592,represented_draft,english-00251-00500.jsonl,
U00357,10592,10625,represented_draft,english-00251-00500.jsonl,
U00358,10625,10654,represented_draft,english-00251-00500.jsonl,
U00359,10654,10681,represented_draft,english-00251-00500.jsonl,
U00360,10681,10710,represented_draft,english-00251-00500.jsonl,
U00361,10710,10740,represented_with_review_flags,english-00251-00500.jsonl,N-T09
U00362,10740,10769,represented_draft,english-00251-00500.jsonl,
U00363,10769,10795,represented_draft,english-00251-00500.jsonl,
U00364,10795,10828,represented_draft,english-00251-00500.jsonl,
U00365,10828,10856,represented_draft,english-00251-00500.jsonl,
U00366,10856,10882,represented_draft,english-00251-00500.jsonl,
U00367,10882,10912,represented_draft,english-00251-00500.jsonl,
U00368,10912,10938,represented_draft,english-00251-00500.jsonl,
U00369,10938,10964,represented_draft,english-00251-00500.jsonl,
U00370,10964,10992,represented_draft,english-00251-00500.jsonl,
U00371,10992,11020,represented_draft,english-00251-00500.jsonl,
U00372,11020,11049,represented_draft,english-00251-00500.jsonl,
U00373,11049,11068,represented_draft,english-00251-00500.jsonl,
U00374,11068,11096,represented_draft,english-00251-00500.jsonl,
U00375,11096,11124,represented_draft,english-00251-00500.jsonl,
U00376,11124,11148,represented_with_review_flags,english-00251-00500.jsonl,N-026
U00377,11148,11180,represented_with_review_flags,english-00251-00500.jsonl,N-026
U00378,11180,11210,represented_with_review_flags,english-00251-00500.jsonl,N-026
U00379,11210,11239,represented_with_review_flags,english-00251-00500.jsonl,N-026
U00380,11239,11272,represented_with_review_flags,english-00251-00500.jsonl,N-T17
U00381,11272,11300,represented_draft,english-00251-00500.jsonl,
U00382,11300,11325,represented_draft,english-00251-00500.jsonl,
U00383,11325,11355,represented_with_review_flags,english-00251-00500.jsonl,N-026
U00384,11355,11389,represented_with_review_flags,english-00251-00500.jsonl,N-026
U00385,11389,11415,represented_draft,english-00251-00500.jsonl,
U00386,11415,11441,represented_draft,english-00251-00500.jsonl,
U00387,11441,11470,represented_with_review_flags,english-00251-00500.jsonl,N-026
U00388,11470,11494,represented_with_review_flags,english-00251-00500.jsonl,N-026
U00389,11494,11522,represented_with_review_flags,english-00251-00500.jsonl,N-026
U00390,11522,11551,represented_with_review_flags,english-00251-00500.jsonl,N-026
U00391,11551,11584,represented_with_review_flags,english-00251-00500.jsonl,N-026
U00392,11584,11613,represented_with_review_flags,english-00251-00500.jsonl,N-026;N-T49
U00393,11613,11643,represented_with_review_flags,english-00251-00500.jsonl,N-026
U00394,11643,11657,represented_draft,english-00251-00500.jsonl,
U00395,11657,11689,represented_draft,english-00251-00500.jsonl,
U00396,11689,11718,represented_draft,english-00251-00500.jsonl,
U00397,11718,11747,represented_with_review_flags,english-00251-00500.jsonl,N-T49
U00398,11747,11777,represented_draft,english-00251-00500.jsonl,
U00399,11777,11808,represented_draft,english-00251-00500.jsonl,
U00400,11808,11837,represented_draft,english-00251-00500.jsonl,
U00401,11837,11864,represented_with_review_flags,english-00251-00500.jsonl,N-T03
U00402,11864,11893,represented_draft,english-00251-00500.jsonl,
U00403,11893,11916,represented_draft,english-00251-00500.jsonl,
U00404,11916,11940,represented_draft,english-00251-00500.jsonl,
U00405,11940,11964,represented_with_review_flags,english-00251-00500.jsonl,N-T03
U00406,11964,11992,represented_draft,english-00251-00500.jsonl,
U00407,11992,12026,represented_with_review_flags,english-00251-00500.jsonl,N-T03
U00408,12026,12056,represented_draft,english-00251-00500.jsonl,
U00409,12056,12084,represented_draft,english-00251-00500.jsonl,
U00410,12084,12109,represented_draft,english-00251-00500.jsonl,
U00411,12109,12136,represented_draft,english-00251-00500.jsonl,
U00412,12136,12163,represented_draft,english-00251-00500.jsonl,
U00413,12163,12191,represented_draft,english-00251-00500.jsonl,
U00414,12191,12218,represented_draft,english-00251-00500.jsonl,
U00415,12218,12248,represented_draft,english-00251-00500.jsonl,
U00416,12248,12277,represented_with_review_flags,english-00251-00500.jsonl,N-027
U00417,12277,12308,represented_with_review_flags,english-00251-00500.jsonl,N-027
U00418,12308,12339,represented_with_review_flags,english-00251-00500.jsonl,N-027
U00419,12339,12366,represented_with_review_flags,english-00251-00500.jsonl,N-027
U00420,12366,12394,represented_with_review_flags,english-00251-00500.jsonl,N-027
U00421,12394,12425,represented_with_review_flags,english-00251-00500.jsonl,N-027
U00422,12425,12454,represented_with_review_flags,english-00251-00500.jsonl,N-027
U00423,12454,12485,represented_with_review_flags,english-00251-00500.jsonl,N-027;N-T19
U00424,12485,12513,represented_with_review_flags,english-00251-00500.jsonl,N-T03
U00425,12513,12537,represented_draft,english-00251-00500.jsonl,
U00426,12537,12564,represented_draft,english-00251-00500.jsonl,
U00427,12564,12595,represented_draft,english-00251-00500.jsonl,
U00428,12595,12624,represented_draft,english-00251-00500.jsonl,
U00429,12624,12652,represented_draft,english-00251-00500.jsonl,
U00430,12652,12681,represented_draft,english-00251-00500.jsonl,
U00431,12681,12708,represented_with_review_flags,english-00251-00500.jsonl,N-T03
U00432,12708,12735,represented_draft,english-00251-00500.jsonl,
U00433,12735,12764,represented_with_review_flags,english-00251-00500.jsonl,N-T19
U00434,12764,12796,represented_draft,english-00251-00500.jsonl,
U00435,12796,12827,represented_draft,english-00251-00500.jsonl,
U00436,12827,12856,represented_draft,english-00251-00500.jsonl,
U00437,12856,12880,represented_with_review_flags,english-00251-00500.jsonl,N-T03
U00438,12880,12911,represented_draft,english-00251-00500.jsonl,
U00439,12911,12935,represented_draft,english-00251-00500.jsonl,
U00440,12935,12965,represented_with_review_flags,english-00251-00500.jsonl,N-028
U00441,12965,12992,represented_with_review_flags,english-00251-00500.jsonl,N-028
U00442,12992,13016,represented_with_review_flags,english-00251-00500.jsonl,N-028
U00443,13016,13042,represented_with_review_flags,english-00251-00500.jsonl,N-028
U00444,13042,13068,represented_with_review_flags,english-00251-00500.jsonl,N-028
U00445,13068,13092,represented_with_review_flags,english-00251-00500.jsonl,N-028
U00446,13092,13120,represented_with_review_flags,english-00251-00500.jsonl,N-028
U00447,13120,13150,represented_with_review_flags,english-00251-00500.jsonl,N-028
U00448,13150,13184,represented_with_review_flags,english-00251-00500.jsonl,N-T03
U00449,13184,13214,represented_draft,english-00251-00500.jsonl,
U00450,13214,13240,represented_draft,english-00251-00500.jsonl,
U00451,13240,13268,represented_draft,english-00251-00500.jsonl,
U00452,13268,13297,represented_draft,english-00251-00500.jsonl,
U00453,13297,13327,represented_draft,english-00251-00500.jsonl,
U00454,13327,13356,represented_draft,english-00251-00500.jsonl,
U00455,13356,13382,represented_draft,english-00251-00500.jsonl,
U00456,13382,13413,represented_draft,english-00251-00500.jsonl,
U00457,13413,13447,represented_draft,english-00251-00500.jsonl,
U00458,13447,13470,represented_draft,english-00251-00500.jsonl,
U00459,13470,13497,represented_with_review_flags,english-00251-00500.jsonl,N-029
U00460,13497,13525,represented_with_review_flags,english-00251-00500.jsonl,N-029
U00461,13525,13557,represented_with_review_flags,english-00251-00500.jsonl,N-029
U00462,13557,13585,represented_with_review_flags,english-00251-00500.jsonl,N-029
U00463,13585,13620,represented_with_review_flags,english-00251-00500.jsonl,N-029;N-T17
U00464,13620,13651,represented_with_review_flags,english-00251-00500.jsonl,N-029
U00465,13651,13685,represented_with_review_flags,english-00251-00500.jsonl,N-029
U00466,13685,13711,represented_with_review_flags,english-00251-00500.jsonl,N-T03
U00467,13711,13738,represented_draft,english-00251-00500.jsonl,
U00468,13738,13764,represented_draft,english-00251-00500.jsonl,
U00469,13764,13796,represented_draft,english-00251-00500.jsonl,
U00470,13796,13826,represented_draft,english-00251-00500.jsonl,
U00471,13826,13857,represented_draft,english-00251-00500.jsonl,
U00472,13857,13885,represented_draft,english-00251-00500.jsonl,
U00473,13885,13913,represented_draft,english-00251-00500.jsonl,
U00474,13913,13945,represented_draft,english-00251-00500.jsonl,
U00475,13945,13970,represented_with_review_flags,english-00251-00500.jsonl,N-T09
U00476,13970,13996,represented_draft,english-00251-00500.jsonl,
U00477,13996,14025,represented_draft,english-00251-00500.jsonl,
U00478,14025,14055,represented_with_review_flags,english-00251-00500.jsonl,N-030
U00479,14055,14085,represented_with_review_flags,english-00251-00500.jsonl,N-030
U00480,14085,14118,represented_with_review_flags,english-00251-00500.jsonl,N-030
U00481,14118,14147,represented_draft,english-00251-00500.jsonl,
U00482,14147,14175,represented_draft,english-00251-00500.jsonl,
U00483,14175,14205,represented_with_review_flags,english-00251-00500.jsonl,N-T03
U00484,14205,14233,represented_draft,english-00251-00500.jsonl,
U00485,14233,14265,represented_draft,english-00251-00500.jsonl,
U00486,14265,14295,represented_draft,english-00251-00500.jsonl,
U00487,14295,14328,represented_with_review_flags,english-00251-00500.jsonl,N-030
U00488,14328,14355,represented_with_review_flags,english-00251-00500.jsonl,N-030
U00489,14355,14390,represented_with_review_flags,english-00251-00500.jsonl,N-030
U00490,14390,14420,represented_draft,english-00251-00500.jsonl,
U00491,14420,14454,represented_draft,english-00251-00500.jsonl,
U00492,14454,14467,represented_draft,english-00251-00500.jsonl,
U00493,14467,14495,represented_with_review_flags,english-00251-00500.jsonl,N-031
U00494,14495,14526,represented_with_review_flags,english-00251-00500.jsonl,N-031
U00495,14526,14558,represented_with_review_flags,english-00251-00500.jsonl,N-031;N-T20
U00496,14558,14587,represented_with_review_flags,english-00251-00500.jsonl,N-031
U00497,14587,14618,represented_with_review_flags,english-00251-00500.jsonl,N-031;N-T21
U00498,14618,14648,represented_with_review_flags,english-00251-00500.jsonl,N-031
U00499,14648,14677,represented_draft,english-00251-00500.jsonl,
U00500,14677,14705,represented_draft,english-00251-00500.jsonl,
U00501,14705,14735,represented_with_review_flags,english-00501-00750.jsonl,N-032
U00502,14735,14762,represented_with_review_flags,english-00501-00750.jsonl,N-032
U00503,14762,14789,represented_with_review_flags,english-00501-00750.jsonl,N-032
U00504,14789,14817,represented_draft,english-00501-00750.jsonl,
U00505,14817,14847,represented_with_review_flags,english-00501-00750.jsonl,N-032
U00506,14847,14877,represented_draft,english-00501-00750.jsonl,
U00507,14877,14908,represented_with_review_flags,english-00501-00750.jsonl,N-032
U00508,14908,14937,represented_with_review_flags,english-00501-00750.jsonl,N-032
U00509,14937,14968,represented_with_review_flags,english-00501-00750.jsonl,N-032
U00510,14968,15000,represented_with_review_flags,english-00501-00750.jsonl,N-032
U00511,15000,15030,represented_draft,english-00501-00750.jsonl,
U00512,15030,15054,represented_with_review_flags,english-00501-00750.jsonl,N-032
U00513,15054,15084,represented_draft,english-00501-00750.jsonl,
U00514,15084,15113,represented_draft,english-00501-00750.jsonl,
U00515,15113,15141,represented_draft,english-00501-00750.jsonl,
U00516,15141,15171,represented_draft,english-00501-00750.jsonl,
U00517,15171,15196,represented_with_review_flags,english-00501-00750.jsonl,N-032
U00518,15196,15222,represented_draft,english-00501-00750.jsonl,
U00519,15222,15250,represented_draft,english-00501-00750.jsonl,
U00520,15250,15282,represented_draft,english-00501-00750.jsonl,
U00521,15282,15310,represented_draft,english-00501-00750.jsonl,
U00522,15310,15342,represented_draft,english-00501-00750.jsonl,
U00523,15342,15366,represented_with_review_flags,english-00501-00750.jsonl,N-032
U00524,15366,15394,represented_draft,english-00501-00750.jsonl,
U00525,15394,15422,represented_draft,english-00501-00750.jsonl,
U00526,15422,15449,represented_draft,english-00501-00750.jsonl,
U00527,15449,15477,represented_draft,english-00501-00750.jsonl,
U00528,15477,15508,represented_draft,english-00501-00750.jsonl,
U00529,15508,15540,represented_draft,english-00501-00750.jsonl,
U00530,15540,15570,represented_draft,english-00501-00750.jsonl,
U00531,15570,15601,represented_draft,english-00501-00750.jsonl,
U00532,15601,15629,represented_draft,english-00501-00750.jsonl,
U00533,15629,15654,represented_with_review_flags,english-00501-00750.jsonl,N-032
U00534,15654,15700,represented_with_review_flags,english-00501-00750.jsonl,N-033
U00535,15700,15727,represented_draft,english-00501-00750.jsonl,
U00536,15727,15758,represented_draft,english-00501-00750.jsonl,
U00537,15758,15791,represented_draft,english-00501-00750.jsonl,
U00538,15791,15818,represented_draft,english-00501-00750.jsonl,
U00539,15818,15849,represented_draft,english-00501-00750.jsonl,
U00540,15849,15876,represented_with_review_flags,english-00501-00750.jsonl,N-032
U00541,15876,15911,represented_draft,english-00501-00750.jsonl,
U00542,15911,15940,represented_with_review_flags,english-00501-00750.jsonl,N-033
U00543,15940,15974,represented_draft,english-00501-00750.jsonl,
U00544,15974,16006,represented_draft,english-00501-00750.jsonl,
U00545,16006,16032,represented_with_review_flags,english-00501-00750.jsonl,N-032
U00546,16032,16057,represented_with_review_flags,english-00501-00750.jsonl,N-032
U00547,16057,16085,represented_draft,english-00501-00750.jsonl,
U00548,16085,16112,represented_draft,english-00501-00750.jsonl,
U00549,16112,16144,represented_draft,english-00501-00750.jsonl,
U00550,16144,16178,represented_with_review_flags,english-00501-00750.jsonl,N-032
U00551,16178,16209,represented_draft,english-00501-00750.jsonl,
U00552,16209,16239,represented_draft,english-00501-00750.jsonl,
U00553,16239,16264,represented_with_review_flags,english-00501-00750.jsonl,N-032
U00554,16264,16299,represented_draft,english-00501-00750.jsonl,
U00555,16299,16333,represented_draft,english-00501-00750.jsonl,
U00556,16333,16360,represented_draft,english-00501-00750.jsonl,
U00557,16360,16385,represented_draft,english-00501-00750.jsonl,
U00558,16385,16424,represented_draft,english-00501-00750.jsonl,
U00559,16424,16450,represented_draft,english-00501-00750.jsonl,
U00560,16450,16481,represented_draft,english-00501-00750.jsonl,
U00561,16481,16511,represented_with_review_flags,english-00501-00750.jsonl,N-032
U00562,16511,16538,represented_draft,english-00501-00750.jsonl,
U00563,16538,16566,represented_draft,english-00501-00750.jsonl,
U00564,16566,16599,represented_draft,english-00501-00750.jsonl,
U00565,16599,16630,represented_draft,english-00501-00750.jsonl,
U00566,16630,16658,represented_with_review_flags,english-00501-00750.jsonl,N-032
U00567,16658,16688,represented_with_review_flags,english-00501-00750.jsonl,N-032
U00568,16688,16712,represented_with_review_flags,english-00501-00750.jsonl,N-032
U00569,16712,16742,represented_draft,english-00501-00750.jsonl,
U00570,16742,16776,represented_draft,english-00501-00750.jsonl,
U00571,16776,16805,represented_draft,english-00501-00750.jsonl,
U00572,16805,16840,represented_draft,english-00501-00750.jsonl,
U00573,16840,16870,represented_with_review_flags,english-00501-00750.jsonl,N-034
U00574,16870,16902,represented_draft,english-00501-00750.jsonl,
U00575,16902,16930,represented_draft,english-00501-00750.jsonl,
U00576,16930,16954,represented_with_review_flags,english-00501-00750.jsonl,N-032
U00577,16954,16984,represented_draft,english-00501-00750.jsonl,
U00578,16984,17011,represented_draft,english-00501-00750.jsonl,
U00579,17011,17038,represented_draft,english-00501-00750.jsonl,
U00580,17038,17071,represented_draft,english-00501-00750.jsonl,
U00581,17071,17102,represented_draft,english-00501-00750.jsonl,
U00582,17102,17129,represented_draft,english-00501-00750.jsonl,
U00583,17129,17155,represented_with_review_flags,english-00501-00750.jsonl,N-032
U00584,17155,17186,represented_draft,english-00501-00750.jsonl,
U00585,17186,17216,represented_draft,english-00501-00750.jsonl,
U00586,17216,17246,represented_with_review_flags,english-00501-00750.jsonl,N-034
U00587,17246,17273,represented_draft,english-00501-00750.jsonl,
U00588,17273,17306,represented_draft,english-00501-00750.jsonl,
U00589,17306,17334,represented_draft,english-00501-00750.jsonl,
U00590,17334,17358,represented_with_review_flags,english-00501-00750.jsonl,N-032
U00591,17358,17388,represented_with_review_flags,english-00501-00750.jsonl,N-032
U00592,17388,17419,represented_with_review_flags,english-00501-00750.jsonl,N-032
U00593,17419,17452,represented_with_review_flags,english-00501-00750.jsonl,N-034
U00594,17452,17489,represented_draft,english-00501-00750.jsonl,
U00595,17489,17521,represented_with_review_flags,english-00501-00750.jsonl,N-T23
U00596,17521,17573,represented_with_review_flags,english-00501-00750.jsonl,N-035
U00597,17573,17601,represented_draft,english-00501-00750.jsonl,
U00598,17601,17616,represented_draft,english-00501-00750.jsonl,
U00599,17616,17643,represented_with_review_flags,english-00501-00750.jsonl,N-036;N-T20
U00600,17643,17670,represented_with_review_flags,english-00501-00750.jsonl,N-036
U00601,17670,17698,represented_with_review_flags,english-00501-00750.jsonl,N-036
U00602,17698,17724,represented_with_review_flags,english-00501-00750.jsonl,N-036;N-T20;N-T23;N-T49
U00603,17724,17757,represented_with_review_flags,english-00501-00750.jsonl,N-036
U00604,17757,17789,represented_with_review_flags,english-00501-00750.jsonl,N-036
U00605,17789,17819,represented_with_review_flags,english-00501-00750.jsonl,N-036;N-T20
U00606,17819,17849,represented_with_review_flags,english-00501-00750.jsonl,N-036
U00607,17849,17881,represented_with_review_flags,english-00501-00750.jsonl,N-036
U00608,17881,17914,represented_with_review_flags,english-00501-00750.jsonl,N-036;N-T20
U00609,17914,17943,represented_with_review_flags,english-00501-00750.jsonl,N-036;N-T21
U00610,17943,17973,represented_with_review_flags,english-00501-00750.jsonl,N-036;N-T20
U00611,17973,18005,represented_with_review_flags,english-00501-00750.jsonl,N-036
U00612,18005,18038,represented_with_review_flags,english-00501-00750.jsonl,N-036
U00613,18038,18067,represented_with_review_flags,english-00501-00750.jsonl,N-036
U00614,18067,18096,represented_with_review_flags,english-00501-00750.jsonl,N-036
U00615,18096,18124,represented_draft,english-00501-00750.jsonl,
U00616,18124,18155,represented_with_review_flags,english-00501-00750.jsonl,N-T20
U00617,18155,18189,represented_draft,english-00501-00750.jsonl,
U00618,18189,18220,represented_draft,english-00501-00750.jsonl,
U00619,18220,18247,represented_draft,english-00501-00750.jsonl,
U00620,18247,18279,represented_draft,english-00501-00750.jsonl,
U00621,18279,18310,represented_with_review_flags,english-00501-00750.jsonl,N-036
U00622,18310,18344,represented_with_review_flags,english-00501-00750.jsonl,N-036
U00623,18344,18380,represented_with_review_flags,english-00501-00750.jsonl,N-036;N-T21
U00624,18380,18395,represented_draft,english-00501-00750.jsonl,
U00625,18395,18424,represented_with_review_flags,english-00501-00750.jsonl,N-037
U00626,18424,18459,represented_with_review_flags,english-00501-00750.jsonl,N-037
U00627,18459,18491,represented_with_review_flags,english-00501-00750.jsonl,N-037;N-T20
U00628,18491,18520,represented_with_review_flags,english-00501-00750.jsonl,N-037
U00629,18520,18548,represented_with_review_flags,english-00501-00750.jsonl,N-037;N-T20
U00630,18548,18581,represented_with_review_flags,english-00501-00750.jsonl,N-037
U00631,18581,18613,represented_with_review_flags,english-00501-00750.jsonl,N-038
U00632,18613,18642,represented_with_review_flags,english-00501-00750.jsonl,N-038
U00633,18642,18680,represented_draft,english-00501-00750.jsonl,
U00634,18680,18709,represented_with_review_flags,english-00501-00750.jsonl,N-T20
U00635,18709,18740,represented_draft,english-00501-00750.jsonl,
U00636,18740,18770,represented_with_review_flags,english-00501-00750.jsonl,N-T20
U00637,18770,18801,represented_with_review_flags,english-00501-00750.jsonl,N-T20
U00638,18801,18835,represented_with_review_flags,english-00501-00750.jsonl,N-T20
U00639,18835,18867,represented_draft,english-00501-00750.jsonl,
U00640,18867,18896,represented_draft,english-00501-00750.jsonl,
U00641,18896,18925,represented_draft,english-00501-00750.jsonl,
U00642,18925,18953,represented_with_review_flags,english-00501-00750.jsonl,N-T21
U00643,18953,18982,represented_with_review_flags,english-00501-00750.jsonl,N-039
U00644,18982,19008,represented_with_review_flags,english-00501-00750.jsonl,N-039
U00645,19008,19040,represented_with_review_flags,english-00501-00750.jsonl,N-039
U00646,19040,19068,represented_with_review_flags,english-00501-00750.jsonl,N-039
U00647,19068,19096,represented_with_review_flags,english-00501-00750.jsonl,N-039
U00648,19096,19124,represented_with_review_flags,english-00501-00750.jsonl,N-039
U00649,19124,19150,represented_with_review_flags,english-00501-00750.jsonl,N-039
U00650,19150,19178,represented_with_review_flags,english-00501-00750.jsonl,N-039
U00651,19178,19219,represented_with_review_flags,english-00501-00750.jsonl,N-039
U00652,19219,19248,represented_with_review_flags,english-00501-00750.jsonl,N-039
U00653,19248,19282,represented_with_review_flags,english-00501-00750.jsonl,N-039
U00654,19282,19311,represented_with_review_flags,english-00501-00750.jsonl,N-039
U00655,19311,19327,represented_draft,english-00501-00750.jsonl,
U00656,19327,19358,represented_draft,english-00501-00750.jsonl,
U00657,19358,19393,represented_draft,english-00501-00750.jsonl,
U00658,19393,19421,represented_draft,english-00501-00750.jsonl,
U00659,19421,19450,represented_draft,english-00501-00750.jsonl,
U00660,19450,19483,represented_draft,english-00501-00750.jsonl,
U00661,19483,19514,represented_with_review_flags,english-00501-00750.jsonl,N-040
U00662,19514,19543,represented_with_review_flags,english-00501-00750.jsonl,N-040
U00663,19543,19574,represented_with_review_flags,english-00501-00750.jsonl,N-040
U00664,19574,19597,represented_with_review_flags,english-00501-00750.jsonl,N-040
U00665,19597,19628,represented_with_review_flags,english-00501-00750.jsonl,N-040
U00666,19628,19659,represented_with_review_flags,english-00501-00750.jsonl,N-040
U00667,19659,19691,represented_with_review_flags,english-00501-00750.jsonl,N-040
U00668,19691,19721,represented_with_review_flags,english-00501-00750.jsonl,N-040
U00669,19721,19750,represented_with_review_flags,english-00501-00750.jsonl,N-040
U00670,19750,19781,represented_with_review_flags,english-00501-00750.jsonl,N-040
U00671,19781,19806,represented_with_review_flags,english-00501-00750.jsonl,N-040
U00672,19806,19835,represented_with_review_flags,english-00501-00750.jsonl,N-040
U00673,19835,19868,represented_with_review_flags,english-00501-00750.jsonl,N-040
U00674,19868,19898,represented_with_review_flags,english-00501-00750.jsonl,N-040
U00675,19898,19930,represented_with_review_flags,english-00501-00750.jsonl,N-040
U00676,19930,19944,represented_draft,english-00501-00750.jsonl,
U00677,19944,19976,represented_with_review_flags,english-00501-00750.jsonl,N-041
U00678,19976,20003,represented_with_review_flags,english-00501-00750.jsonl,N-041;N-T49
U00679,20003,20032,represented_with_review_flags,english-00501-00750.jsonl,N-041
U00680,20032,20061,represented_with_review_flags,english-00501-00750.jsonl,N-041
U00681,20061,20093,represented_with_review_flags,english-00501-00750.jsonl,N-041
U00682,20093,20125,represented_with_review_flags,english-00501-00750.jsonl,N-041
U00683,20125,20153,represented_with_review_flags,english-00501-00750.jsonl,N-041
U00684,20153,20187,represented_with_review_flags,english-00501-00750.jsonl,N-041
U00685,20187,20212,represented_with_review_flags,english-00501-00750.jsonl,N-041
U00686,20212,20243,represented_with_review_flags,english-00501-00750.jsonl,N-041
U00687,20243,20268,represented_with_review_flags,english-00501-00750.jsonl,N-041
U00688,20268,20301,represented_with_review_flags,english-00501-00750.jsonl,N-041;N-T22;N-T23
U00689,20301,20329,represented_with_review_flags,english-00501-00750.jsonl,N-041
U00690,20329,20361,represented_with_review_flags,english-00501-00750.jsonl,N-041
U00691,20361,20390,represented_with_review_flags,english-00501-00750.jsonl,N-041
U00692,20390,20419,represented_with_review_flags,english-00501-00750.jsonl,N-041
U00693,20419,20450,represented_with_review_flags,english-00501-00750.jsonl,N-041
U00694,20450,20475,represented_with_review_flags,english-00501-00750.jsonl,N-041
U00695,20475,20502,represented_with_review_flags,english-00501-00750.jsonl,N-041
U00696,20502,20535,represented_with_review_flags,english-00501-00750.jsonl,N-041
U00697,20535,20564,represented_with_review_flags,english-00501-00750.jsonl,N-041
U00698,20564,20598,represented_with_review_flags,english-00501-00750.jsonl,N-041
U00699,20598,20628,represented_with_review_flags,english-00501-00750.jsonl,N-041
U00700,20628,20653,represented_with_review_flags,english-00501-00750.jsonl,N-041
U00701,20653,20667,represented_draft,english-00501-00750.jsonl,
U00702,20667,20692,represented_draft,english-00501-00750.jsonl,
U00703,20692,20720,represented_draft,english-00501-00750.jsonl,
U00704,20720,20746,represented_draft,english-00501-00750.jsonl,
U00705,20746,20775,represented_draft,english-00501-00750.jsonl,
U00706,20775,20800,represented_draft,english-00501-00750.jsonl,
U00707,20800,20831,represented_with_review_flags,english-00501-00750.jsonl,N-042
U00708,20831,20861,represented_with_review_flags,english-00501-00750.jsonl,N-042
U00709,20861,20890,represented_with_review_flags,english-00501-00750.jsonl,N-042
U00710,20890,20940,represented_with_review_flags,english-00501-00750.jsonl,N-042
U00711,20940,20970,represented_with_review_flags,english-00501-00750.jsonl,N-042
U00712,20970,21002,represented_with_review_flags,english-00501-00750.jsonl,N-042
U00713,21002,21031,represented_with_review_flags,english-00501-00750.jsonl,N-042
U00714,21031,21060,represented_with_review_flags,english-00501-00750.jsonl,N-042
U00715,21060,21091,represented_with_review_flags,english-00501-00750.jsonl,N-042
U00716,21091,21119,represented_with_review_flags,english-00501-00750.jsonl,N-042
U00717,21119,21149,represented_with_review_flags,english-00501-00750.jsonl,N-042
U00718,21149,21182,represented_with_review_flags,english-00501-00750.jsonl,N-042
U00719,21182,21211,represented_with_review_flags,english-00501-00750.jsonl,N-042
U00720,21211,21237,represented_with_review_flags,english-00501-00750.jsonl,N-042
U00721,21237,21256,represented_draft,english-00501-00750.jsonl,
U00722,21256,21281,represented_draft,english-00501-00750.jsonl,
U00723,21281,21305,represented_draft,english-00501-00750.jsonl,
U00724,21305,21332,represented_draft,english-00501-00750.jsonl,
U00725,21332,21363,represented_draft,english-00501-00750.jsonl,
U00726,21363,21392,represented_with_review_flags,english-00501-00750.jsonl,N-043
U00727,21392,21417,represented_with_review_flags,english-00501-00750.jsonl,N-043
U00728,21417,21445,represented_with_review_flags,english-00501-00750.jsonl,N-043
U00729,21445,21469,represented_with_review_flags,english-00501-00750.jsonl,N-043
U00730,21469,21499,represented_with_review_flags,english-00501-00750.jsonl,N-043
U00731,21499,21525,represented_with_review_flags,english-00501-00750.jsonl,N-043
U00732,21525,21554,represented_with_review_flags,english-00501-00750.jsonl,N-043
U00733,21554,21583,represented_with_review_flags,english-00501-00750.jsonl,N-043
U00734,21583,21613,represented_with_review_flags,english-00501-00750.jsonl,N-043
U00735,21613,21646,represented_with_review_flags,english-00501-00750.jsonl,N-043
U00736,21646,21675,represented_with_review_flags,english-00501-00750.jsonl,N-043
U00737,21675,21704,represented_with_review_flags,english-00501-00750.jsonl,N-043
U00738,21704,21735,represented_with_review_flags,english-00501-00750.jsonl,N-043
U00739,21735,21761,represented_with_review_flags,english-00501-00750.jsonl,N-043
U00740,21761,21790,represented_with_review_flags,english-00501-00750.jsonl,N-043
U00741,21790,21818,represented_with_review_flags,english-00501-00750.jsonl,N-043
U00742,21818,21847,represented_with_review_flags,english-00501-00750.jsonl,N-043
U00743,21847,21872,represented_with_review_flags,english-00501-00750.jsonl,N-043
U00744,21872,21901,represented_with_review_flags,english-00501-00750.jsonl,N-043
U00745,21901,21930,represented_with_review_flags,english-00501-00750.jsonl,N-043
U00746,21930,21957,represented_with_review_flags,english-00501-00750.jsonl,N-043
U00747,21957,21983,represented_with_review_flags,english-00501-00750.jsonl,N-043
U00748,21983,22010,represented_draft,english-00501-00750.jsonl,
U00749,22010,22039,represented_draft,english-00501-00750.jsonl,
U00750,22039,22072,represented_draft,english-00501-00750.jsonl,
U00751,22072,22103,represented_draft,english-00751-01000.jsonl,
U00752,22103,22135,represented_draft,english-00751-01000.jsonl,
U00753,22135,22170,represented_draft,english-00751-01000.jsonl,
U00754,22170,22201,represented_draft,english-00751-01000.jsonl,
U00755,22201,22225,represented_draft,english-00751-01000.jsonl,
U00756,22225,22244,represented_draft,english-00751-01000.jsonl,
U00757,22244,22271,represented_draft,english-00751-01000.jsonl,
U00758,22271,22298,represented_draft,english-00751-01000.jsonl,
U00759,22298,22325,represented_draft,english-00751-01000.jsonl,
U00760,22325,22356,represented_with_review_flags,english-00751-01000.jsonl,N-044
U00761,22356,22385,represented_with_review_flags,english-00751-01000.jsonl,N-044
U00762,22385,22416,represented_with_review_flags,english-00751-01000.jsonl,N-044
U00763,22416,22445,represented_with_review_flags,english-00751-01000.jsonl,N-044
U00764,22445,22470,represented_with_review_flags,english-00751-01000.jsonl,N-044
U00765,22470,22497,represented_with_review_flags,english-00751-01000.jsonl,N-044
U00766,22497,22528,represented_with_review_flags,english-00751-01000.jsonl,N-044
U00767,22528,22555,represented_with_review_flags,english-00751-01000.jsonl,N-045
U00768,22555,22586,represented_draft,english-00751-01000.jsonl,
U00769,22586,22614,represented_with_review_flags,english-00751-01000.jsonl,N-045
U00770,22614,22646,represented_draft,english-00751-01000.jsonl,
U00771,22646,22673,represented_draft,english-00751-01000.jsonl,
U00772,22673,22696,represented_with_review_flags,english-00751-01000.jsonl,N-045
U00773,22696,22724,represented_draft,english-00751-01000.jsonl,
U00774,22724,22754,represented_with_review_flags,english-00751-01000.jsonl,N-044
U00775,22754,22780,represented_with_review_flags,english-00751-01000.jsonl,N-044
U00776,22780,22806,represented_with_review_flags,english-00751-01000.jsonl,N-044
U00777,22806,22835,represented_with_review_flags,english-00751-01000.jsonl,N-045
U00778,22835,22863,represented_draft,english-00751-01000.jsonl,
U00779,22863,22896,represented_draft,english-00751-01000.jsonl,
U00780,22896,22922,represented_with_review_flags,english-00751-01000.jsonl,N-045
U00781,22922,22950,represented_draft,english-00751-01000.jsonl,
U00782,22950,22980,represented_draft,english-00751-01000.jsonl,
U00783,22980,23010,represented_draft,english-00751-01000.jsonl,
U00784,23010,23040,represented_with_review_flags,english-00751-01000.jsonl,N-045
U00785,23040,23065,represented_draft,english-00751-01000.jsonl,
U00786,23065,23094,represented_with_review_flags,english-00751-01000.jsonl,N-044
U00787,23094,23120,represented_with_review_flags,english-00751-01000.jsonl,N-044
U00788,23120,23149,represented_with_review_flags,english-00751-01000.jsonl,N-044
U00789,23149,23180,represented_with_review_flags,english-00751-01000.jsonl,N-045
U00790,23180,23209,represented_with_review_flags,english-00751-01000.jsonl,N-045
U00791,23209,23234,represented_draft,english-00751-01000.jsonl,
U00792,23234,23259,represented_with_review_flags,english-00751-01000.jsonl,N-045
U00793,23259,23290,represented_draft,english-00751-01000.jsonl,
U00794,23290,23316,represented_draft,english-00751-01000.jsonl,
U00795,23316,23338,represented_with_review_flags,english-00751-01000.jsonl,N-045
U00796,23338,23368,represented_with_review_flags,english-00751-01000.jsonl,N-044;N-045
U00797,23368,23395,represented_with_review_flags,english-00751-01000.jsonl,N-044
U00798,23395,23425,represented_with_review_flags,english-00751-01000.jsonl,N-044
U00799,23425,23458,represented_with_review_flags,english-00751-01000.jsonl,N-045
U00800,23458,23499,represented_with_review_flags,english-00751-01000.jsonl,N-045
U00801,23499,23528,represented_draft,english-00751-01000.jsonl,
U00802,23528,23558,represented_with_review_flags,english-00751-01000.jsonl,N-045
U00803,23558,23590,represented_with_review_flags,english-00751-01000.jsonl,N-045
U00804,23590,23616,represented_draft,english-00751-01000.jsonl,
U00805,23616,23644,represented_with_review_flags,english-00751-01000.jsonl,N-045
U00806,23644,23676,represented_with_review_flags,english-00751-01000.jsonl,N-044
U00807,23676,23707,represented_draft,english-00751-01000.jsonl,
U00808,23707,23733,represented_draft,english-00751-01000.jsonl,
U00809,23733,23761,represented_with_review_flags,english-00751-01000.jsonl,N-044
U00810,23761,23787,represented_draft,english-00751-01000.jsonl,
U00811,23787,23819,represented_with_review_flags,english-00751-01000.jsonl,N-045
U00812,23819,23847,represented_draft,english-00751-01000.jsonl,
U00813,23847,23872,represented_with_review_flags,english-00751-01000.jsonl,N-044
U00814,23872,23904,represented_with_review_flags,english-00751-01000.jsonl,N-045
U00815,23904,23931,represented_draft,english-00751-01000.jsonl,
U00816,23931,23958,represented_with_review_flags,english-00751-01000.jsonl,N-045
U00817,23958,23987,represented_draft,english-00751-01000.jsonl,
U00818,23987,24018,represented_draft,english-00751-01000.jsonl,
U00819,24018,24048,represented_draft,english-00751-01000.jsonl,
U00820,24048,24072,represented_draft,english-00751-01000.jsonl,
U00821,24072,24101,represented_draft,english-00751-01000.jsonl,
U00822,24101,24120,represented_draft,english-00751-01000.jsonl,
U00823,24120,24149,represented_draft,english-00751-01000.jsonl,
U00824,24149,24175,represented_draft,english-00751-01000.jsonl,
U00825,24175,24201,represented_draft,english-00751-01000.jsonl,
U00826,24201,24227,represented_draft,english-00751-01000.jsonl,
U00827,24227,24258,represented_draft,english-00751-01000.jsonl,
U00828,24258,24288,represented_draft,english-00751-01000.jsonl,
U00829,24288,24318,represented_draft,english-00751-01000.jsonl,
U00830,24318,24346,represented_with_review_flags,english-00751-01000.jsonl,N-046
U00831,24346,24374,represented_with_review_flags,english-00751-01000.jsonl,N-046
U00832,24374,24398,represented_with_review_flags,english-00751-01000.jsonl,N-046
U00833,24398,24428,represented_with_review_flags,english-00751-01000.jsonl,N-046
U00834,24428,24454,represented_with_review_flags,english-00751-01000.jsonl,N-046
U00835,24454,24485,represented_draft,english-00751-01000.jsonl,
U00836,24485,24514,represented_with_review_flags,english-00751-01000.jsonl,N-044
U00837,24514,24544,represented_with_review_flags,english-00751-01000.jsonl,N-045
U00838,24544,24574,represented_draft,english-00751-01000.jsonl,
U00839,24574,24602,represented_draft,english-00751-01000.jsonl,
U00840,24602,24633,represented_draft,english-00751-01000.jsonl,
U00841,24633,24666,represented_with_review_flags,english-00751-01000.jsonl,N-046
U00842,24666,24689,represented_with_review_flags,english-00751-01000.jsonl,N-046
U00843,24689,24718,represented_with_review_flags,english-00751-01000.jsonl,N-046
U00844,24718,24748,represented_draft,english-00751-01000.jsonl,
U00845,24748,24777,represented_with_review_flags,english-00751-01000.jsonl,N-044
U00846,24777,24804,represented_with_review_flags,english-00751-01000.jsonl,N-045
U00847,24804,24834,represented_with_review_flags,english-00751-01000.jsonl,N-044
U00848,24834,24862,represented_draft,english-00751-01000.jsonl,
U00849,24862,24889,represented_with_review_flags,english-00751-01000.jsonl,N-045
U00850,24889,24920,represented_with_review_flags,english-00751-01000.jsonl,N-046
U00851,24920,24945,represented_with_review_flags,english-00751-01000.jsonl,N-046
U00852,24945,24973,represented_with_review_flags,english-00751-01000.jsonl,N-046
U00853,24973,25008,represented_with_review_flags,english-00751-01000.jsonl,N-046
U00854,25008,25040,represented_draft,english-00751-01000.jsonl,
U00855,25040,25068,represented_with_review_flags,english-00751-01000.jsonl,N-044
U00856,25068,25098,represented_draft,english-00751-01000.jsonl,
U00857,25098,25129,represented_with_review_flags,english-00751-01000.jsonl,N-046
U00858,25129,25160,represented_with_review_flags,english-00751-01000.jsonl,N-046
U00859,25160,25185,represented_draft,english-00751-01000.jsonl,
U00860,25185,25212,represented_with_review_flags,english-00751-01000.jsonl,N-044
U00861,25212,25242,represented_draft,english-00751-01000.jsonl,
U00862,25242,25273,represented_with_review_flags,english-00751-01000.jsonl,N-045
U00863,25273,25303,represented_with_review_flags,english-00751-01000.jsonl,N-046
U00864,25303,25329,represented_with_review_flags,english-00751-01000.jsonl,N-046
U00865,25329,25358,represented_with_review_flags,english-00751-01000.jsonl,N-046
U00866,25358,25387,represented_draft,english-00751-01000.jsonl,
U00867,25387,25416,represented_with_review_flags,english-00751-01000.jsonl,N-044
U00868,25416,25444,represented_draft,english-00751-01000.jsonl,
U00869,25444,25466,represented_with_review_flags,english-00751-01000.jsonl,N-045
U00870,25466,25497,represented_draft,english-00751-01000.jsonl,
U00871,25497,25524,represented_with_review_flags,english-00751-01000.jsonl,N-045
U00872,25524,25554,represented_with_review_flags,english-00751-01000.jsonl,N-044
U00873,25554,25582,represented_draft,english-00751-01000.jsonl,
U00874,25582,25609,represented_draft,english-00751-01000.jsonl,
U00875,25609,25636,represented_with_review_flags,english-00751-01000.jsonl,N-046
U00876,25636,25661,represented_with_review_flags,english-00751-01000.jsonl,N-046
U00877,25661,25689,represented_with_review_flags,english-00751-01000.jsonl,N-046
U00878,25689,25717,represented_draft,english-00751-01000.jsonl,
U00879,25717,25746,represented_with_review_flags,english-00751-01000.jsonl,N-044
U00880,25746,25768,represented_with_review_flags,english-00751-01000.jsonl,N-045
U00881,25768,25796,represented_with_review_flags,english-00751-01000.jsonl,N-045
U00882,25796,25826,represented_with_review_flags,english-00751-01000.jsonl,N-045
U00883,25826,25854,represented_with_review_flags,english-00751-01000.jsonl,N-044
U00884,25854,25883,represented_draft,english-00751-01000.jsonl,
U00885,25883,25915,represented_with_review_flags,english-00751-01000.jsonl,N-045
U00886,25915,25946,represented_with_review_flags,english-00751-01000.jsonl,N-046
U00887,25946,25975,represented_with_review_flags,english-00751-01000.jsonl,N-044
U00888,25975,26005,represented_with_review_flags,english-00751-01000.jsonl,N-044
U00889,26005,26031,represented_draft,english-00751-01000.jsonl,
U00890,26031,26064,represented_with_review_flags,english-00751-01000.jsonl,N-045
U00891,26064,26092,represented_with_review_flags,english-00751-01000.jsonl,N-044
U00892,26092,26122,represented_draft,english-00751-01000.jsonl,
U00893,26122,26147,represented_with_review_flags,english-00751-01000.jsonl,N-045
U00894,26147,26177,represented_with_review_flags,english-00751-01000.jsonl,N-045
U00895,26177,26203,represented_with_review_flags,english-00751-01000.jsonl,N-046
U00896,26203,26230,represented_with_review_flags,english-00751-01000.jsonl,N-046
U00897,26230,26259,represented_with_review_flags,english-00751-01000.jsonl,N-044
U00898,26259,26290,represented_with_review_flags,english-00751-01000.jsonl,N-044
U00899,26290,26318,represented_draft,english-00751-01000.jsonl,
U00900,26318,26345,represented_draft,english-00751-01000.jsonl,
U00901,26345,26371,represented_with_review_flags,english-00751-01000.jsonl,N-045
U00902,26371,26398,represented_with_review_flags,english-00751-01000.jsonl,N-044
U00903,26398,26429,represented_with_review_flags,english-00751-01000.jsonl,N-045
U00904,26429,26457,represented_with_review_flags,english-00751-01000.jsonl,N-044
U00905,26457,26490,represented_with_review_flags,english-00751-01000.jsonl,N-044
U00906,26490,26517,represented_with_review_flags,english-00751-01000.jsonl,N-045
U00907,26517,26544,represented_draft,english-00751-01000.jsonl,
U00908,26544,26571,represented_draft,english-00751-01000.jsonl,
U00909,26571,26598,represented_draft,english-00751-01000.jsonl,
U00910,26598,26616,represented_draft,english-00751-01000.jsonl,
U00911,26616,26646,represented_draft,english-00751-01000.jsonl,
U00912,26646,26674,represented_draft,english-00751-01000.jsonl,
U00913,26674,26705,represented_with_review_flags,english-00751-01000.jsonl,N-045
U00914,26705,26736,represented_draft,english-00751-01000.jsonl,
U00915,26736,26764,represented_with_review_flags,english-00751-01000.jsonl,N-045
U00916,26764,26795,represented_draft,english-00751-01000.jsonl,
U00917,26795,26828,represented_with_review_flags,english-00751-01000.jsonl,N-045
U00918,26828,26858,represented_with_review_flags,english-00751-01000.jsonl,N-047
U00919,26858,26887,represented_with_review_flags,english-00751-01000.jsonl,N-047
U00920,26887,26918,represented_with_review_flags,english-00751-01000.jsonl,N-047
U00921,26918,26952,represented_draft,english-00751-01000.jsonl,
U00922,26952,26980,represented_draft,english-00751-01000.jsonl,
U00923,26980,27011,represented_draft,english-00751-01000.jsonl,
U00924,27011,27036,represented_draft,english-00751-01000.jsonl,
U00925,27036,27064,represented_with_review_flags,english-00751-01000.jsonl,N-047
U00926,27064,27095,represented_with_review_flags,english-00751-01000.jsonl,N-047
U00927,27095,27119,represented_draft,english-00751-01000.jsonl,
U00928,27119,27153,represented_draft,english-00751-01000.jsonl,
U00929,27153,27185,represented_with_review_flags,english-00751-01000.jsonl,N-045
U00930,27185,27214,represented_draft,english-00751-01000.jsonl,
U00931,27214,27241,represented_with_review_flags,english-00751-01000.jsonl,N-045
U00932,27241,27274,represented_with_review_flags,english-00751-01000.jsonl,N-047
U00933,27274,27301,represented_draft,english-00751-01000.jsonl,
U00934,27301,27328,represented_draft,english-00751-01000.jsonl,
U00935,27328,27359,represented_draft,english-00751-01000.jsonl,
U00936,27359,27388,represented_with_review_flags,english-00751-01000.jsonl,N-047
U00937,27388,27416,represented_draft,english-00751-01000.jsonl,
U00938,27416,27442,represented_with_review_flags,english-00751-01000.jsonl,N-047
U00939,27442,27471,represented_with_review_flags,english-00751-01000.jsonl,N-047
U00940,27471,27504,represented_draft,english-00751-01000.jsonl,
U00941,27504,27533,represented_draft,english-00751-01000.jsonl,
U00942,27533,27561,represented_draft,english-00751-01000.jsonl,
U00943,27561,27587,represented_draft,english-00751-01000.jsonl,
U00944,27587,27613,represented_with_review_flags,english-00751-01000.jsonl,N-047
U00945,27613,27643,represented_with_review_flags,english-00751-01000.jsonl,N-047
U00946,27643,27674,represented_with_review_flags,english-00751-01000.jsonl,N-047
U00947,27674,27704,represented_with_review_flags,english-00751-01000.jsonl,N-047
U00948,27704,27721,represented_draft,english-00751-01000.jsonl,
U00949,27721,27752,represented_with_review_flags,english-00751-01000.jsonl,N-048
U00950,27752,27777,represented_with_review_flags,english-00751-01000.jsonl,N-048
U00951,27777,27808,represented_with_review_flags,english-00751-01000.jsonl,N-048
U00952,27808,27839,represented_with_review_flags,english-00751-01000.jsonl,N-048
U00953,27839,27867,represented_with_review_flags,english-00751-01000.jsonl,N-048
U00954,27867,27892,represented_with_review_flags,english-00751-01000.jsonl,N-048
U00955,27892,27925,represented_with_review_flags,english-00751-01000.jsonl,N-048
U00956,27925,27948,represented_with_review_flags,english-00751-01000.jsonl,N-048
U00957,27948,27977,represented_with_review_flags,english-00751-01000.jsonl,N-048
U00958,27977,28010,represented_with_review_flags,english-00751-01000.jsonl,N-048
U00959,28010,28040,represented_with_review_flags,english-00751-01000.jsonl,N-048
U00960,28040,28070,represented_with_review_flags,english-00751-01000.jsonl,N-048
U00961,28070,28100,represented_with_review_flags,english-00751-01000.jsonl,N-048
U00962,28100,28128,represented_with_review_flags,english-00751-01000.jsonl,N-048
U00963,28128,28155,represented_with_review_flags,english-00751-01000.jsonl,N-048
U00964,28155,28186,represented_with_review_flags,english-00751-01000.jsonl,N-048
U00965,28186,28216,represented_with_review_flags,english-00751-01000.jsonl,N-048
U00966,28216,28245,represented_with_review_flags,english-00751-01000.jsonl,N-048
U00967,28245,28278,represented_with_review_flags,english-00751-01000.jsonl,N-048
U00968,28278,28308,represented_with_review_flags,english-00751-01000.jsonl,N-048
U00969,28308,28335,represented_with_review_flags,english-00751-01000.jsonl,N-048
U00970,28335,28367,represented_with_review_flags,english-00751-01000.jsonl,N-048
U00971,28367,28393,represented_with_review_flags,english-00751-01000.jsonl,N-049
U00972,28393,28425,represented_with_review_flags,english-00751-01000.jsonl,N-049
U00973,28425,28457,represented_with_review_flags,english-00751-01000.jsonl,N-049
U00974,28457,28483,represented_with_review_flags,english-00751-01000.jsonl,N-049
U00975,28483,28511,represented_with_review_flags,english-00751-01000.jsonl,N-049
U00976,28511,28541,represented_with_review_flags,english-00751-01000.jsonl,N-049
U00977,28541,28572,represented_with_review_flags,english-00751-01000.jsonl,N-049
U00978,28572,28602,represented_with_review_flags,english-00751-01000.jsonl,N-049
U00979,28602,28630,represented_with_review_flags,english-00751-01000.jsonl,N-049
U00980,28630,28661,represented_with_review_flags,english-00751-01000.jsonl,N-049
U00981,28661,28690,represented_with_review_flags,english-00751-01000.jsonl,N-049
U00982,28690,28724,represented_with_review_flags,english-00751-01000.jsonl,N-049
U00983,28724,28750,represented_with_review_flags,english-00751-01000.jsonl,N-049
U00984,28750,28780,represented_with_review_flags,english-00751-01000.jsonl,N-049
U00985,28780,28811,represented_with_review_flags,english-00751-01000.jsonl,N-049
U00986,28811,28835,represented_with_review_flags,english-00751-01000.jsonl,N-049
U00987,28835,28865,represented_with_review_flags,english-00751-01000.jsonl,N-049
U00988,28865,28888,represented_with_review_flags,english-00751-01000.jsonl,N-049
U00989,28888,28909,represented_with_review_flags,english-00751-01000.jsonl,N-049
U00990,28909,28938,represented_with_review_flags,english-00751-01000.jsonl,N-049
U00991,28938,28971,represented_with_review_flags,english-00751-01000.jsonl,N-049
U00992,28971,29000,represented_with_review_flags,english-00751-01000.jsonl,N-049
U00993,29000,29022,represented_with_review_flags,english-00751-01000.jsonl,N-049
U00994,29022,29050,represented_with_review_flags,english-00751-01000.jsonl,N-049
U00995,29050,29074,represented_with_review_flags,english-00751-01000.jsonl,N-049
U00996,29074,29100,represented_with_review_flags,english-00751-01000.jsonl,N-049
U00997,29100,29129,represented_with_review_flags,english-00751-01000.jsonl,N-049
U00998,29129,29158,represented_with_review_flags,english-00751-01000.jsonl,N-049
U00999,29158,29189,represented_with_review_flags,english-00751-01000.jsonl,N-049
U01000,29189,29218,represented_with_review_flags,english-00751-01000.jsonl,N-049
U01001,29218,29249,represented_with_review_flags,english-01001-01250.jsonl,N-050
U01002,29249,29279,represented_with_review_flags,english-01001-01250.jsonl,N-050
U01003,29279,29309,represented_with_review_flags,english-01001-01250.jsonl,N-050
U01004,29309,29340,represented_with_review_flags,english-01001-01250.jsonl,N-050
U01005,29340,29371,represented_with_review_flags,english-01001-01250.jsonl,N-050
U01006,29371,29401,represented_with_review_flags,english-01001-01250.jsonl,N-050
U01007,29401,29428,represented_with_review_flags,english-01001-01250.jsonl,N-050
U01008,29428,29451,represented_with_review_flags,english-01001-01250.jsonl,N-050
U01009,29451,29482,represented_with_review_flags,english-01001-01250.jsonl,N-050
U01010,29482,29507,represented_with_review_flags,english-01001-01250.jsonl,N-050
U01011,29507,29531,represented_with_review_flags,english-01001-01250.jsonl,N-050
U01012,29531,29559,represented_with_review_flags,english-01001-01250.jsonl,N-050
U01013,29559,29584,represented_with_review_flags,english-01001-01250.jsonl,N-050
U01014,29584,29613,represented_with_review_flags,english-01001-01250.jsonl,N-050
U01015,29613,29640,represented_with_review_flags,english-01001-01250.jsonl,N-050
U01016,29640,29668,represented_with_review_flags,english-01001-01250.jsonl,N-050
U01017,29668,29697,represented_with_review_flags,english-01001-01250.jsonl,N-050
U01018,29697,29727,represented_with_review_flags,english-01001-01250.jsonl,N-050
U01019,29727,29756,represented_with_review_flags,english-01001-01250.jsonl,N-050
U01020,29756,29784,represented_with_review_flags,english-01001-01250.jsonl,N-050
U01021,29784,29809,represented_with_review_flags,english-01001-01250.jsonl,N-050
U01022,29809,29832,represented_with_review_flags,english-01001-01250.jsonl,N-050
U01023,29832,29851,represented_draft,english-01001-01250.jsonl,
U01024,29851,29880,represented_with_review_flags,english-01001-01250.jsonl,N-051;N-T24
U01025,29880,29908,represented_with_review_flags,english-01001-01250.jsonl,N-051
U01026,29908,29937,represented_with_review_flags,english-01001-01250.jsonl,N-051
U01027,29937,29965,represented_with_review_flags,english-01001-01250.jsonl,N-051
U01028,29965,29992,represented_with_review_flags,english-01001-01250.jsonl,N-051
U01029,29992,30021,represented_with_review_flags,english-01001-01250.jsonl,N-051
U01030,30021,30050,represented_with_review_flags,english-01001-01250.jsonl,N-051
U01031,30050,30075,represented_with_review_flags,english-01001-01250.jsonl,N-051;N-T03
U01032,30075,30099,represented_with_review_flags,english-01001-01250.jsonl,N-051
U01033,30099,30127,represented_with_review_flags,english-01001-01250.jsonl,N-051
U01034,30127,30157,represented_with_review_flags,english-01001-01250.jsonl,N-051
U01035,30157,30185,represented_with_review_flags,english-01001-01250.jsonl,N-051
U01036,30185,30212,represented_with_review_flags,english-01001-01250.jsonl,N-051
U01037,30212,30244,represented_with_review_flags,english-01001-01250.jsonl,N-051;N-T04
U01038,30244,30271,represented_with_review_flags,english-01001-01250.jsonl,N-051
U01039,30271,30296,represented_with_review_flags,english-01001-01250.jsonl,N-051
U01040,30296,30325,represented_with_review_flags,english-01001-01250.jsonl,N-051
U01041,30325,30353,represented_with_review_flags,english-01001-01250.jsonl,N-051
U01042,30353,30381,represented_with_review_flags,english-01001-01250.jsonl,N-051
U01043,30381,30408,represented_with_review_flags,english-01001-01250.jsonl,N-052
U01044,30408,30435,represented_with_review_flags,english-01001-01250.jsonl,N-052
U01045,30435,30467,represented_with_review_flags,english-01001-01250.jsonl,N-052
U01046,30467,30493,represented_with_review_flags,english-01001-01250.jsonl,N-052
U01047,30493,30524,represented_with_review_flags,english-01001-01250.jsonl,N-052
U01048,30524,30553,represented_with_review_flags,english-01001-01250.jsonl,N-052
U01049,30553,30582,represented_with_review_flags,english-01001-01250.jsonl,N-052
U01050,30582,30611,represented_with_review_flags,english-01001-01250.jsonl,N-052
U01051,30611,30641,represented_with_review_flags,english-01001-01250.jsonl,N-052
U01052,30641,30668,represented_with_review_flags,english-01001-01250.jsonl,N-052
U01053,30668,30699,represented_with_review_flags,english-01001-01250.jsonl,N-052
U01054,30699,30728,represented_with_review_flags,english-01001-01250.jsonl,N-052
U01055,30728,30760,represented_with_review_flags,english-01001-01250.jsonl,N-052
U01056,30760,30788,represented_with_review_flags,english-01001-01250.jsonl,N-052
U01057,30788,30823,represented_with_review_flags,english-01001-01250.jsonl,N-052
U01058,30823,30853,represented_with_review_flags,english-01001-01250.jsonl,N-052
U01059,30853,30880,represented_with_review_flags,english-01001-01250.jsonl,N-052
U01060,30880,30908,represented_with_review_flags,english-01001-01250.jsonl,N-052
U01061,30908,30937,represented_with_review_flags,english-01001-01250.jsonl,N-052
U01062,30937,30970,represented_with_review_flags,english-01001-01250.jsonl,N-052
U01063,30970,30999,represented_with_review_flags,english-01001-01250.jsonl,N-052
U01064,30999,31029,represented_with_review_flags,english-01001-01250.jsonl,N-052
U01065,31029,31058,represented_with_review_flags,english-01001-01250.jsonl,N-052
U01066,31058,31089,represented_with_review_flags,english-01001-01250.jsonl,N-052;N-053
U01067,31089,31131,represented_with_review_flags,english-01001-01250.jsonl,N-053
U01068,31131,31162,represented_with_review_flags,english-01001-01250.jsonl,N-052
U01069,31162,31196,represented_with_review_flags,english-01001-01250.jsonl,N-052
U01070,31196,31226,represented_with_review_flags,english-01001-01250.jsonl,N-052
U01071,31226,31254,represented_with_review_flags,english-01001-01250.jsonl,N-052
U01072,31254,31283,represented_with_review_flags,english-01001-01250.jsonl,N-052;N-T17
U01073,31283,31310,represented_with_review_flags,english-01001-01250.jsonl,N-052
U01074,31310,31336,represented_with_review_flags,english-01001-01250.jsonl,N-052
U01075,31336,31369,represented_with_review_flags,english-01001-01250.jsonl,N-052;N-T68
U01076,31369,31394,represented_with_review_flags,english-01001-01250.jsonl,N-052;N-T68
U01077,31394,31423,represented_with_review_flags,english-01001-01250.jsonl,N-052
U01078,31423,31447,represented_with_review_flags,english-01001-01250.jsonl,N-052
U01079,31447,31481,represented_with_review_flags,english-01001-01250.jsonl,N-052
U01080,31481,31512,represented_with_review_flags,english-01001-01250.jsonl,N-052
U01081,31512,31538,represented_with_review_flags,english-01001-01250.jsonl,N-052
U01082,31538,31564,represented_with_review_flags,english-01001-01250.jsonl,N-052
U01083,31564,31587,represented_draft,english-01001-01250.jsonl,
U01084,31587,31615,represented_with_review_flags,english-01001-01250.jsonl,N-054
U01085,31615,31642,represented_with_review_flags,english-01001-01250.jsonl,N-054
U01086,31642,31666,represented_with_review_flags,english-01001-01250.jsonl,N-054
U01087,31666,31690,represented_with_review_flags,english-01001-01250.jsonl,N-054
U01088,31690,31715,represented_with_review_flags,english-01001-01250.jsonl,N-054
U01089,31715,31738,represented_with_review_flags,english-01001-01250.jsonl,N-054
U01090,31738,31784,represented_with_review_flags,english-01001-01250.jsonl,N-054
U01091,31784,31811,represented_with_review_flags,english-01001-01250.jsonl,N-054
U01092,31811,31838,represented_with_review_flags,english-01001-01250.jsonl,N-054
U01093,31838,31867,represented_with_review_flags,english-01001-01250.jsonl,N-054
U01094,31867,31897,represented_with_review_flags,english-01001-01250.jsonl,N-054
U01095,31897,31926,represented_with_review_flags,english-01001-01250.jsonl,N-054
U01096,31926,31955,represented_with_review_flags,english-01001-01250.jsonl,N-054
U01097,31955,31981,represented_with_review_flags,english-01001-01250.jsonl,N-054
U01098,31981,32009,represented_with_review_flags,english-01001-01250.jsonl,N-054
U01099,32009,32036,represented_with_review_flags,english-01001-01250.jsonl,N-054
U01100,32036,32067,represented_with_review_flags,english-01001-01250.jsonl,N-054
U01101,32067,32095,represented_with_review_flags,english-01001-01250.jsonl,N-054
U01102,32095,32119,represented_with_review_flags,english-01001-01250.jsonl,N-054
U01103,32119,32148,represented_with_review_flags,english-01001-01250.jsonl,N-054
U01104,32148,32172,represented_with_review_flags,english-01001-01250.jsonl,N-054
U01105,32172,32201,represented_with_review_flags,english-01001-01250.jsonl,N-054
U01106,32201,32229,represented_with_review_flags,english-01001-01250.jsonl,N-054
U01107,32229,32258,represented_with_review_flags,english-01001-01250.jsonl,N-054
U01108,32258,32284,represented_with_review_flags,english-01001-01250.jsonl,N-054
U01109,32284,32312,represented_with_review_flags,english-01001-01250.jsonl,N-054
U01110,32312,32341,represented_with_review_flags,english-01001-01250.jsonl,N-054
U01111,32341,32368,represented_with_review_flags,english-01001-01250.jsonl,N-054
U01112,32368,32393,represented_with_review_flags,english-01001-01250.jsonl,N-054
U01113,32393,32420,represented_with_review_flags,english-01001-01250.jsonl,N-054
U01114,32420,32451,represented_with_review_flags,english-01001-01250.jsonl,N-054
U01115,32451,32477,represented_with_review_flags,english-01001-01250.jsonl,N-054
U01116,32477,32505,represented_with_review_flags,english-01001-01250.jsonl,N-054
U01117,32505,32532,represented_with_review_flags,english-01001-01250.jsonl,N-054
U01118,32532,32559,represented_with_review_flags,english-01001-01250.jsonl,N-054
U01119,32559,32590,represented_with_review_flags,english-01001-01250.jsonl,N-054
U01120,32590,32616,represented_with_review_flags,english-01001-01250.jsonl,N-054
U01121,32616,32646,represented_with_review_flags,english-01001-01250.jsonl,N-054
U01122,32646,32670,represented_draft,english-01001-01250.jsonl,
U01123,32670,32701,represented_with_review_flags,english-01001-01250.jsonl,N-055
U01124,32701,32731,represented_with_review_flags,english-01001-01250.jsonl,N-055
U01125,32731,32761,represented_with_review_flags,english-01001-01250.jsonl,N-055
U01126,32761,32789,represented_with_review_flags,english-01001-01250.jsonl,N-055
U01127,32789,32815,represented_with_review_flags,english-01001-01250.jsonl,N-055
U01128,32815,32846,represented_with_review_flags,english-01001-01250.jsonl,N-055
U01129,32846,32873,represented_with_review_flags,english-01001-01250.jsonl,N-055
U01130,32873,32900,represented_with_review_flags,english-01001-01250.jsonl,N-055;N-T30
U01131,32900,32930,represented_with_review_flags,english-01001-01250.jsonl,N-055
U01132,32930,32959,represented_with_review_flags,english-01001-01250.jsonl,N-055
U01133,32959,32991,represented_with_review_flags,english-01001-01250.jsonl,N-055
U01134,32991,33020,represented_with_review_flags,english-01001-01250.jsonl,N-055
U01135,33020,33053,represented_with_review_flags,english-01001-01250.jsonl,N-055
U01136,33053,33082,represented_with_review_flags,english-01001-01250.jsonl,N-055
U01137,33082,33116,represented_with_review_flags,english-01001-01250.jsonl,N-055
U01138,33116,33144,represented_with_review_flags,english-01001-01250.jsonl,N-055
U01139,33144,33171,represented_with_review_flags,english-01001-01250.jsonl,N-055
U01140,33171,33203,represented_with_review_flags,english-01001-01250.jsonl,N-056
U01141,33203,33235,represented_with_review_flags,english-01001-01250.jsonl,N-056;N-T03
U01142,33235,33267,represented_with_review_flags,english-01001-01250.jsonl,N-056;N-T16
U01143,33267,33301,represented_with_review_flags,english-01001-01250.jsonl,N-056
U01144,33301,33313,represented_with_review_flags,english-01001-01250.jsonl,N-056
U01145,33313,33342,represented_with_review_flags,english-01001-01250.jsonl,N-056
U01146,33342,33367,represented_with_review_flags,english-01001-01250.jsonl,N-056
U01147,33367,33385,represented_draft,english-01001-01250.jsonl,
U01148,33385,33414,represented_with_review_flags,english-01001-01250.jsonl,N-057
U01149,33414,33437,represented_with_review_flags,english-01001-01250.jsonl,N-057
U01150,33437,33467,represented_with_review_flags,english-01001-01250.jsonl,N-057;N-T25
U01151,33467,33493,represented_with_review_flags,english-01001-01250.jsonl,N-057
U01152,33493,33526,represented_with_review_flags,english-01001-01250.jsonl,N-057
U01153,33526,33556,represented_with_review_flags,english-01001-01250.jsonl,N-057
U01154,33556,33584,represented_with_review_flags,english-01001-01250.jsonl,N-057
U01155,33584,33616,represented_with_review_flags,english-01001-01250.jsonl,N-057
U01156,33616,33645,represented_with_review_flags,english-01001-01250.jsonl,N-057
U01157,33645,33667,represented_with_review_flags,english-01001-01250.jsonl,N-057
U01158,33667,33692,represented_with_review_flags,english-01001-01250.jsonl,N-057
U01159,33692,33722,represented_with_review_flags,english-01001-01250.jsonl,N-057
U01160,33722,33749,represented_with_review_flags,english-01001-01250.jsonl,N-057
U01161,33749,33781,represented_with_review_flags,english-01001-01250.jsonl,N-057
U01162,33781,33809,represented_with_review_flags,english-01001-01250.jsonl,N-057
U01163,33809,33838,represented_with_review_flags,english-01001-01250.jsonl,N-057
U01164,33838,33867,represented_with_review_flags,english-01001-01250.jsonl,N-057;N-T25
U01165,33867,33898,represented_with_review_flags,english-01001-01250.jsonl,N-057
U01166,33898,33922,represented_with_review_flags,english-01001-01250.jsonl,N-057
U01167,33922,33953,represented_with_review_flags,english-01001-01250.jsonl,N-057;N-T27
U01168,33953,33982,represented_with_review_flags,english-01001-01250.jsonl,N-057
U01169,33982,34010,represented_with_review_flags,english-01001-01250.jsonl,N-057
U01170,34010,34034,represented_with_review_flags,english-01001-01250.jsonl,N-057
U01171,34034,34057,represented_with_review_flags,english-01001-01250.jsonl,N-057
U01172,34057,34088,represented_with_review_flags,english-01001-01250.jsonl,N-057
U01173,34088,34121,represented_with_review_flags,english-01001-01250.jsonl,N-057
U01174,34121,34151,represented_with_review_flags,english-01001-01250.jsonl,N-057
U01175,34151,34176,represented_with_review_flags,english-01001-01250.jsonl,N-057
U01176,34176,34203,represented_with_review_flags,english-01001-01250.jsonl,N-057
U01177,34203,34229,represented_with_review_flags,english-01001-01250.jsonl,N-057
U01178,34229,34256,represented_with_review_flags,english-01001-01250.jsonl,N-057
U01179,34256,34283,represented_with_review_flags,english-01001-01250.jsonl,N-057
U01180,34283,34313,represented_with_review_flags,english-01001-01250.jsonl,N-057
U01181,34313,34347,represented_with_review_flags,english-01001-01250.jsonl,N-057
U01182,34347,34376,represented_with_review_flags,english-01001-01250.jsonl,N-057
U01183,34376,34404,represented_with_review_flags,english-01001-01250.jsonl,N-057
U01184,34404,34436,represented_with_review_flags,english-01001-01250.jsonl,N-057
U01185,34436,34465,represented_with_review_flags,english-01001-01250.jsonl,N-057
U01186,34465,34481,represented_draft,english-01001-01250.jsonl,
U01187,34481,34510,represented_with_review_flags,english-01001-01250.jsonl,N-058
U01188,34510,34538,represented_with_review_flags,english-01001-01250.jsonl,N-058
U01189,34538,34562,represented_with_review_flags,english-01001-01250.jsonl,N-058
U01190,34562,34592,represented_with_review_flags,english-01001-01250.jsonl,N-058
U01191,34592,34618,represented_with_review_flags,english-01001-01250.jsonl,N-058
U01192,34618,34646,represented_with_review_flags,english-01001-01250.jsonl,N-058
U01193,34646,34676,represented_with_review_flags,english-01001-01250.jsonl,N-058
U01194,34676,34705,represented_with_review_flags,english-01001-01250.jsonl,N-058
U01195,34705,34733,represented_with_review_flags,english-01001-01250.jsonl,N-058
U01196,34733,34767,represented_with_review_flags,english-01001-01250.jsonl,N-058
U01197,34767,34794,represented_with_review_flags,english-01001-01250.jsonl,N-058
U01198,34794,34826,represented_with_review_flags,english-01001-01250.jsonl,N-058
U01199,34826,34853,represented_with_review_flags,english-01001-01250.jsonl,N-058
U01200,34853,34883,represented_with_review_flags,english-01001-01250.jsonl,N-058
U01201,34883,34912,represented_with_review_flags,english-01001-01250.jsonl,N-058
U01202,34912,34935,represented_with_review_flags,english-01001-01250.jsonl,N-058
U01203,34935,34960,represented_with_review_flags,english-01001-01250.jsonl,N-058
U01204,34960,34990,represented_with_review_flags,english-01001-01250.jsonl,N-058
U01205,34990,35021,represented_with_review_flags,english-01001-01250.jsonl,N-058
U01206,35021,35047,represented_with_review_flags,english-01001-01250.jsonl,N-058
U01207,35047,35080,represented_with_review_flags,english-01001-01250.jsonl,N-058
U01208,35080,35108,represented_with_review_flags,english-01001-01250.jsonl,N-058
U01209,35108,35135,represented_with_review_flags,english-01001-01250.jsonl,N-058
U01210,35135,35165,represented_with_review_flags,english-01001-01250.jsonl,N-058
U01211,35165,35192,represented_with_review_flags,english-01001-01250.jsonl,N-058
U01212,35192,35221,represented_with_review_flags,english-01001-01250.jsonl,N-058
U01213,35221,35250,represented_with_review_flags,english-01001-01250.jsonl,N-058
U01214,35250,35276,represented_with_review_flags,english-01001-01250.jsonl,N-058
U01215,35276,35303,represented_with_review_flags,english-01001-01250.jsonl,N-058
U01216,35303,35330,represented_with_review_flags,english-01001-01250.jsonl,N-058
U01217,35330,35357,represented_with_review_flags,english-01001-01250.jsonl,N-058
U01218,35357,35388,represented_with_review_flags,english-01001-01250.jsonl,N-058
U01219,35388,35411,represented_draft,english-01001-01250.jsonl,
U01220,35411,35438,represented_with_review_flags,english-01001-01250.jsonl,N-059
U01221,35438,35462,represented_with_review_flags,english-01001-01250.jsonl,N-059
U01222,35462,35484,represented_with_review_flags,english-01001-01250.jsonl,N-059
U01223,35484,35511,represented_with_review_flags,english-01001-01250.jsonl,N-059
U01224,35511,35536,represented_with_review_flags,english-01001-01250.jsonl,N-059
U01225,35536,35570,represented_with_review_flags,english-01001-01250.jsonl,N-059
U01226,35570,35597,represented_with_review_flags,english-01001-01250.jsonl,N-059
U01227,35597,35625,represented_with_review_flags,english-01001-01250.jsonl,N-059
U01228,35625,35654,represented_with_review_flags,english-01001-01250.jsonl,N-059
U01229,35654,35682,represented_with_review_flags,english-01001-01250.jsonl,N-059
U01230,35682,35709,represented_with_review_flags,english-01001-01250.jsonl,N-059
U01231,35709,35737,represented_with_review_flags,english-01001-01250.jsonl,N-059
U01232,35737,35767,represented_with_review_flags,english-01001-01250.jsonl,N-059
U01233,35767,35813,represented_with_review_flags,english-01001-01250.jsonl,N-059
U01234,35813,35843,represented_with_review_flags,english-01001-01250.jsonl,N-059
U01235,35843,35871,represented_with_review_flags,english-01001-01250.jsonl,N-059
U01236,35871,35896,represented_with_review_flags,english-01001-01250.jsonl,N-059
U01237,35896,35939,represented_with_review_flags,english-01001-01250.jsonl,N-059
U01238,35939,35967,represented_with_review_flags,english-01001-01250.jsonl,N-059
U01239,35967,35986,represented_draft,english-01001-01250.jsonl,
U01240,35986,36013,represented_draft,english-01001-01250.jsonl,
U01241,36013,36038,represented_draft,english-01001-01250.jsonl,
U01242,36038,36067,represented_draft,english-01001-01250.jsonl,
U01243,36067,36092,represented_draft,english-01001-01250.jsonl,
U01244,36092,36122,represented_with_review_flags,english-01001-01250.jsonl,N-060
U01245,36122,36147,represented_with_review_flags,english-01001-01250.jsonl,N-060
U01246,36147,36178,represented_with_review_flags,english-01001-01250.jsonl,N-060
U01247,36178,36207,represented_with_review_flags,english-01001-01250.jsonl,N-060
U01248,36207,36233,represented_with_review_flags,english-01001-01250.jsonl,N-060
U01249,36233,36264,represented_with_review_flags,english-01001-01250.jsonl,N-060
U01250,36264,36292,represented_with_review_flags,english-01001-01250.jsonl,N-060
U01251,36292,36325,represented_with_review_flags,english-01251-01500.jsonl,N-061
U01252,36325,36352,represented_with_review_flags,english-01251-01500.jsonl,N-061
U01253,36352,36383,represented_with_review_flags,english-01251-01500.jsonl,N-061
U01254,36383,36409,represented_with_review_flags,english-01251-01500.jsonl,N-061
U01255,36409,36438,represented_with_review_flags,english-01251-01500.jsonl,N-061
U01256,36438,36469,represented_with_review_flags,english-01251-01500.jsonl,N-061
U01257,36469,36488,represented_draft,english-01251-01500.jsonl,
U01258,36488,36515,represented_with_review_flags,english-01251-01500.jsonl,N-062
U01259,36515,36545,represented_with_review_flags,english-01251-01500.jsonl,N-062
U01260,36545,36575,represented_with_review_flags,english-01251-01500.jsonl,N-062
U01261,36575,36602,represented_with_review_flags,english-01251-01500.jsonl,N-062
U01262,36602,36628,represented_with_review_flags,english-01251-01500.jsonl,N-062
U01263,36628,36658,represented_with_review_flags,english-01251-01500.jsonl,N-062
U01264,36658,36690,represented_with_review_flags,english-01251-01500.jsonl,N-062
U01265,36690,36730,represented_with_review_flags,english-01251-01500.jsonl,N-062
U01266,36730,36759,represented_with_review_flags,english-01251-01500.jsonl,N-062
U01267,36759,36786,represented_with_review_flags,english-01251-01500.jsonl,N-062
U01268,36786,36814,represented_with_review_flags,english-01251-01500.jsonl,N-062
U01269,36814,36843,represented_with_review_flags,english-01251-01500.jsonl,N-062
U01270,36843,36872,represented_with_review_flags,english-01251-01500.jsonl,N-062
U01271,36872,36894,represented_draft,english-01251-01500.jsonl,
U01272,36894,36925,represented_with_review_flags,english-01251-01500.jsonl,N-063;N-T27
U01273,36925,36950,represented_with_review_flags,english-01251-01500.jsonl,N-063
U01274,36950,36980,represented_with_review_flags,english-01251-01500.jsonl,N-063
U01275,36980,37010,represented_with_review_flags,english-01251-01500.jsonl,N-063;N-T27
U01276,37010,37038,represented_with_review_flags,english-01251-01500.jsonl,N-063;N-T27
U01277,37038,37069,represented_with_review_flags,english-01251-01500.jsonl,N-063;N-T27
U01278,37069,37095,represented_with_review_flags,english-01251-01500.jsonl,N-063;N-T27
U01279,37095,37125,represented_with_review_flags,english-01251-01500.jsonl,N-063;N-T27
U01280,37125,37156,represented_with_review_flags,english-01251-01500.jsonl,N-063;N-T27
U01281,37156,37187,represented_with_review_flags,english-01251-01500.jsonl,N-063;N-T27
U01282,37187,37214,represented_with_review_flags,english-01251-01500.jsonl,N-063;N-T27
U01283,37214,37248,represented_with_review_flags,english-01251-01500.jsonl,N-063;N-T27
U01284,37248,37279,represented_with_review_flags,english-01251-01500.jsonl,N-063
U01285,37279,37303,represented_with_review_flags,english-01251-01500.jsonl,N-063;N-T27
U01286,37303,37327,represented_with_review_flags,english-01251-01500.jsonl,N-063;N-T27
U01287,37327,37352,represented_with_review_flags,english-01251-01500.jsonl,N-063;N-T27
U01288,37352,37384,represented_with_review_flags,english-01251-01500.jsonl,N-063
U01289,37384,37414,represented_with_review_flags,english-01251-01500.jsonl,N-063;N-T27
U01290,37414,37450,represented_with_review_flags,english-01251-01500.jsonl,N-063;N-T27
U01291,37450,37479,represented_with_review_flags,english-01251-01500.jsonl,N-063
U01292,37479,37506,represented_with_review_flags,english-01251-01500.jsonl,N-063;N-T27
U01293,37506,37540,represented_with_review_flags,english-01251-01500.jsonl,N-063;N-T27
U01294,37540,37567,represented_with_review_flags,english-01251-01500.jsonl,N-063
U01295,37567,37597,represented_with_review_flags,english-01251-01500.jsonl,N-063;N-T27
U01296,37597,37628,represented_with_review_flags,english-01251-01500.jsonl,N-063;N-T27
U01297,37628,37655,represented_with_review_flags,english-01251-01500.jsonl,N-063
U01298,37655,37685,represented_with_review_flags,english-01251-01500.jsonl,N-063;N-T27
U01299,37685,37721,represented_with_review_flags,english-01251-01500.jsonl,N-063;N-T27;N-T31
U01300,37721,37746,represented_with_review_flags,english-01251-01500.jsonl,N-063
U01301,37746,37777,represented_with_review_flags,english-01251-01500.jsonl,N-063;N-T27
U01302,37777,37804,represented_with_review_flags,english-01251-01500.jsonl,N-063;N-T27
U01303,37804,37831,represented_with_review_flags,english-01251-01500.jsonl,N-063
U01304,37831,37861,represented_with_review_flags,english-01251-01500.jsonl,N-063;N-T27
U01305,37861,37892,represented_with_review_flags,english-01251-01500.jsonl,N-063;N-T27
U01306,37892,37920,represented_with_review_flags,english-01251-01500.jsonl,N-063;N-T27
U01307,37920,37950,represented_with_review_flags,english-01251-01500.jsonl,N-063
U01308,37950,37967,represented_draft,english-01251-01500.jsonl,
U01309,37967,37998,represented_with_review_flags,english-01251-01500.jsonl,N-064
U01310,37998,38027,represented_with_review_flags,english-01251-01500.jsonl,N-064
U01311,38027,38055,represented_with_review_flags,english-01251-01500.jsonl,N-064
U01312,38055,38086,represented_with_review_flags,english-01251-01500.jsonl,N-064
U01313,38086,38110,represented_with_review_flags,english-01251-01500.jsonl,N-064
U01314,38110,38138,represented_with_review_flags,english-01251-01500.jsonl,N-064
U01315,38138,38165,represented_with_review_flags,english-01251-01500.jsonl,N-064
U01316,38165,38194,represented_with_review_flags,english-01251-01500.jsonl,N-064
U01317,38194,38226,represented_with_review_flags,english-01251-01500.jsonl,N-064
U01318,38226,38255,represented_with_review_flags,english-01251-01500.jsonl,N-064
U01319,38255,38284,represented_with_review_flags,english-01251-01500.jsonl,N-064
U01320,38284,38315,represented_with_review_flags,english-01251-01500.jsonl,N-064
U01321,38315,38349,represented_with_review_flags,english-01251-01500.jsonl,N-064
U01322,38349,38377,represented_with_review_flags,english-01251-01500.jsonl,N-064
U01323,38377,38406,represented_with_review_flags,english-01251-01500.jsonl,N-064
U01324,38406,38434,represented_with_review_flags,english-01251-01500.jsonl,N-064
U01325,38434,38463,represented_with_review_flags,english-01251-01500.jsonl,N-064
U01326,38463,38489,represented_with_review_flags,english-01251-01500.jsonl,N-064
U01327,38489,38522,represented_with_review_flags,english-01251-01500.jsonl,N-064
U01328,38522,38549,represented_with_review_flags,english-01251-01500.jsonl,N-064
U01329,38549,38578,represented_with_review_flags,english-01251-01500.jsonl,N-064
U01330,38578,38607,represented_with_review_flags,english-01251-01500.jsonl,N-064
U01331,38607,38636,represented_with_review_flags,english-01251-01500.jsonl,N-064
U01332,38636,38662,represented_with_review_flags,english-01251-01500.jsonl,N-064
U01333,38662,38690,represented_with_review_flags,english-01251-01500.jsonl,N-064
U01334,38690,38721,represented_with_review_flags,english-01251-01500.jsonl,N-064
U01335,38721,38744,represented_draft,english-01251-01500.jsonl,
U01336,38744,38775,represented_with_review_flags,english-01251-01500.jsonl,N-065
U01337,38775,38805,represented_with_review_flags,english-01251-01500.jsonl,N-065
U01338,38805,38834,represented_with_review_flags,english-01251-01500.jsonl,N-065
U01339,38834,38861,represented_with_review_flags,english-01251-01500.jsonl,N-065;N-T30
U01340,38861,38891,represented_with_review_flags,english-01251-01500.jsonl,N-065
U01341,38891,38917,represented_with_review_flags,english-01251-01500.jsonl,N-065
U01342,38917,38946,represented_with_review_flags,english-01251-01500.jsonl,N-065
U01343,38946,38970,represented_with_review_flags,english-01251-01500.jsonl,N-065
U01344,38970,38998,represented_with_review_flags,english-01251-01500.jsonl,N-065;N-T04
U01345,38998,39028,represented_with_review_flags,english-01251-01500.jsonl,N-065
U01346,39028,39058,represented_with_review_flags,english-01251-01500.jsonl,N-065
U01347,39058,39084,represented_with_review_flags,english-01251-01500.jsonl,N-065
U01348,39084,39111,represented_with_review_flags,english-01251-01500.jsonl,N-065
U01349,39111,39139,represented_with_review_flags,english-01251-01500.jsonl,N-065
U01350,39139,39165,represented_with_review_flags,english-01251-01500.jsonl,N-065
U01351,39165,39195,represented_with_review_flags,english-01251-01500.jsonl,N-065
U01352,39195,39224,represented_with_review_flags,english-01251-01500.jsonl,N-065
U01353,39224,39243,represented_draft,english-01251-01500.jsonl,
U01354,39243,39274,represented_with_review_flags,english-01251-01500.jsonl,N-066
U01355,39274,39307,represented_with_review_flags,english-01251-01500.jsonl,N-066
U01356,39307,39333,represented_with_review_flags,english-01251-01500.jsonl,N-066
U01357,39333,39363,represented_with_review_flags,english-01251-01500.jsonl,N-066;N-T03
U01358,39363,39386,represented_with_review_flags,english-01251-01500.jsonl,N-066
U01359,39386,39417,represented_with_review_flags,english-01251-01500.jsonl,N-066
U01360,39417,39443,represented_with_review_flags,english-01251-01500.jsonl,N-066
U01361,39443,39475,represented_with_review_flags,english-01251-01500.jsonl,N-066
U01362,39475,39502,represented_with_review_flags,english-01251-01500.jsonl,N-066
U01363,39502,39531,represented_with_review_flags,english-01251-01500.jsonl,N-066
U01364,39531,39559,represented_with_review_flags,english-01251-01500.jsonl,N-066
U01365,39559,39596,represented_with_review_flags,english-01251-01500.jsonl,N-066
U01366,39596,39625,represented_with_review_flags,english-01251-01500.jsonl,N-066
U01367,39625,39661,represented_with_review_flags,english-01251-01500.jsonl,N-066
U01368,39661,39688,represented_with_review_flags,english-01251-01500.jsonl,N-066
U01369,39688,39719,represented_with_review_flags,english-01251-01500.jsonl,N-066
U01370,39719,39748,represented_with_review_flags,english-01251-01500.jsonl,N-066
U01371,39748,39783,represented_with_review_flags,english-01251-01500.jsonl,N-066
U01372,39783,39809,represented_with_review_flags,english-01251-01500.jsonl,N-066
U01373,39809,39838,represented_with_review_flags,english-01251-01500.jsonl,N-066
U01374,39838,39870,represented_with_review_flags,english-01251-01500.jsonl,N-066
U01375,39870,39898,represented_with_review_flags,english-01251-01500.jsonl,N-066
U01376,39898,39930,represented_with_review_flags,english-01251-01500.jsonl,N-066
U01377,39930,39955,represented_with_review_flags,english-01251-01500.jsonl,N-066
U01378,39955,39982,represented_with_review_flags,english-01251-01500.jsonl,N-066
U01379,39982,40013,represented_with_review_flags,english-01251-01500.jsonl,N-066
U01380,40013,40038,represented_with_review_flags,english-01251-01500.jsonl,N-066
U01381,40038,40062,represented_draft,english-01251-01500.jsonl,
U01382,40062,40092,represented_with_review_flags,english-01251-01500.jsonl,N-067
U01383,40092,40122,represented_with_review_flags,english-01251-01500.jsonl,N-067
U01384,40122,40150,represented_with_review_flags,english-01251-01500.jsonl,N-067
U01385,40150,40177,represented_with_review_flags,english-01251-01500.jsonl,N-067
U01386,40177,40210,represented_with_review_flags,english-01251-01500.jsonl,N-067
U01387,40210,40237,represented_with_review_flags,english-01251-01500.jsonl,N-067
U01388,40237,40269,represented_with_review_flags,english-01251-01500.jsonl,N-067
U01389,40269,40296,represented_with_review_flags,english-01251-01500.jsonl,N-067
U01390,40296,40326,represented_with_review_flags,english-01251-01500.jsonl,N-067;N-T43
U01391,40326,40356,represented_with_review_flags,english-01251-01500.jsonl,N-067
U01392,40356,40384,represented_with_review_flags,english-01251-01500.jsonl,N-067
U01393,40384,40415,represented_with_review_flags,english-01251-01500.jsonl,N-067
U01394,40415,40440,represented_with_review_flags,english-01251-01500.jsonl,N-067
U01395,40440,40470,represented_with_review_flags,english-01251-01500.jsonl,N-067
U01396,40470,40502,represented_with_review_flags,english-01251-01500.jsonl,N-067
U01397,40502,40531,represented_with_review_flags,english-01251-01500.jsonl,N-067;N-T37
U01398,40531,40561,represented_with_review_flags,english-01251-01500.jsonl,N-067
U01399,40561,40591,represented_with_review_flags,english-01251-01500.jsonl,N-067
U01400,40591,40617,represented_with_review_flags,english-01251-01500.jsonl,N-067
U01401,40617,40652,represented_with_review_flags,english-01251-01500.jsonl,N-067
U01402,40652,40682,represented_with_review_flags,english-01251-01500.jsonl,N-067
U01403,40682,40711,represented_with_review_flags,english-01251-01500.jsonl,N-067
U01404,40711,40737,represented_with_review_flags,english-01251-01500.jsonl,N-067
U01405,40737,40768,represented_with_review_flags,english-01251-01500.jsonl,N-067
U01406,40768,40796,represented_with_review_flags,english-01251-01500.jsonl,N-067
U01407,40796,40825,represented_with_review_flags,english-01251-01500.jsonl,N-067
U01408,40825,40855,represented_with_review_flags,english-01251-01500.jsonl,N-067
U01409,40855,40882,represented_with_review_flags,english-01251-01500.jsonl,N-067
U01410,40882,40915,represented_with_review_flags,english-01251-01500.jsonl,N-067
U01411,40915,40943,represented_with_review_flags,english-01251-01500.jsonl,N-067
U01412,40943,40972,represented_with_review_flags,english-01251-01500.jsonl,N-067
U01413,40972,41000,represented_with_review_flags,english-01251-01500.jsonl,N-068
U01414,41000,41044,represented_with_review_flags,english-01251-01500.jsonl,N-068
U01415,41044,41075,represented_with_review_flags,english-01251-01500.jsonl,N-068
U01416,41075,41104,represented_with_review_flags,english-01251-01500.jsonl,N-068
U01417,41104,41154,represented_with_review_flags,english-01251-01500.jsonl,N-068
U01418,41154,41181,represented_with_review_flags,english-01251-01500.jsonl,N-068
U01419,41181,41211,represented_with_review_flags,english-01251-01500.jsonl,N-068
U01420,41211,41242,represented_with_review_flags,english-01251-01500.jsonl,N-068
U01421,41242,41268,represented_with_review_flags,english-01251-01500.jsonl,N-068
U01422,41268,41315,represented_with_review_flags,english-01251-01500.jsonl,N-068
U01423,41315,41348,represented_with_review_flags,english-01251-01500.jsonl,N-068
U01424,41348,41376,represented_with_review_flags,english-01251-01500.jsonl,N-068
U01425,41376,41400,represented_with_review_flags,english-01251-01500.jsonl,N-068
U01426,41400,41431,represented_with_review_flags,english-01251-01500.jsonl,N-068
U01427,41431,41465,represented_with_review_flags,english-01251-01500.jsonl,N-068
U01428,41465,41495,represented_with_review_flags,english-01251-01500.jsonl,N-068
U01429,41495,41522,represented_with_review_flags,english-01251-01500.jsonl,N-068
U01430,41522,41551,represented_with_review_flags,english-01251-01500.jsonl,N-068
U01431,41551,41578,represented_with_review_flags,english-01251-01500.jsonl,N-068
U01432,41578,41607,represented_with_review_flags,english-01251-01500.jsonl,N-068
U01433,41607,41637,represented_with_review_flags,english-01251-01500.jsonl,N-068
U01434,41637,41667,represented_with_review_flags,english-01251-01500.jsonl,N-068
U01435,41667,41697,represented_with_review_flags,english-01251-01500.jsonl,N-068
U01436,41697,41728,represented_with_review_flags,english-01251-01500.jsonl,N-068
U01437,41728,41756,represented_with_review_flags,english-01251-01500.jsonl,N-068
U01438,41756,41786,represented_with_review_flags,english-01251-01500.jsonl,N-068
U01439,41786,41832,represented_with_review_flags,english-01251-01500.jsonl,N-068
U01440,41832,41859,represented_with_review_flags,english-01251-01500.jsonl,N-068
U01441,41859,41889,represented_with_review_flags,english-01251-01500.jsonl,N-068
U01442,41889,41919,represented_with_review_flags,english-01251-01500.jsonl,N-069;N-T16
U01443,41919,41950,represented_with_review_flags,english-01251-01500.jsonl,N-069
U01444,41950,41977,represented_with_review_flags,english-01251-01500.jsonl,N-069
U01445,41977,42007,represented_with_review_flags,english-01251-01500.jsonl,N-069
U01446,42007,42036,represented_with_review_flags,english-01251-01500.jsonl,N-069
U01447,42036,42062,represented_with_review_flags,english-01251-01500.jsonl,N-069
U01448,42062,42087,represented_with_review_flags,english-01251-01500.jsonl,N-069
U01449,42087,42117,represented_with_review_flags,english-01251-01500.jsonl,N-069
U01450,42117,42145,represented_with_review_flags,english-01251-01500.jsonl,N-069
U01451,42145,42170,represented_with_review_flags,english-01251-01500.jsonl,N-069
U01452,42170,42200,represented_with_review_flags,english-01251-01500.jsonl,N-069
U01453,42200,42224,represented_with_review_flags,english-01251-01500.jsonl,N-069
U01454,42224,42246,represented_draft,english-01251-01500.jsonl,
U01455,42246,42276,represented_with_review_flags,english-01251-01500.jsonl,N-070
U01456,42276,42304,represented_with_review_flags,english-01251-01500.jsonl,N-070
U01457,42304,42331,represented_with_review_flags,english-01251-01500.jsonl,N-070
U01458,42331,42356,represented_with_review_flags,english-01251-01500.jsonl,N-070
U01459,42356,42384,represented_with_review_flags,english-01251-01500.jsonl,N-070
U01460,42384,42417,represented_with_review_flags,english-01251-01500.jsonl,N-070
U01461,42417,42445,represented_with_review_flags,english-01251-01500.jsonl,N-070
U01462,42445,42472,represented_with_review_flags,english-01251-01500.jsonl,N-070
U01463,42472,42505,represented_with_review_flags,english-01251-01500.jsonl,N-070;N-T37
U01464,42505,42534,represented_with_review_flags,english-01251-01500.jsonl,N-070;N-T28
U01465,42534,42564,represented_with_review_flags,english-01251-01500.jsonl,N-070
U01466,42564,42593,represented_with_review_flags,english-01251-01500.jsonl,N-070
U01467,42593,42619,represented_with_review_flags,english-01251-01500.jsonl,N-070
U01468,42619,42651,represented_with_review_flags,english-01251-01500.jsonl,N-070
U01469,42651,42683,represented_with_review_flags,english-01251-01500.jsonl,N-070
U01470,42683,42712,represented_with_review_flags,english-01251-01500.jsonl,N-070
U01471,42712,42745,represented_with_review_flags,english-01251-01500.jsonl,N-070
U01472,42745,42770,represented_with_review_flags,english-01251-01500.jsonl,N-070
U01473,42770,42796,represented_with_review_flags,english-01251-01500.jsonl,N-070
U01474,42796,42825,represented_with_review_flags,english-01251-01500.jsonl,N-070
U01475,42825,42847,represented_with_review_flags,english-01251-01500.jsonl,N-070
U01476,42847,42864,represented_draft,english-01251-01500.jsonl,
U01477,42864,42898,represented_with_review_flags,english-01251-01500.jsonl,N-071
U01478,42898,42927,represented_with_review_flags,english-01251-01500.jsonl,N-071;N-T26
U01479,42927,42953,represented_with_review_flags,english-01251-01500.jsonl,N-071
U01480,42953,42986,represented_with_review_flags,english-01251-01500.jsonl,N-071
U01481,42986,43015,represented_with_review_flags,english-01251-01500.jsonl,N-071
U01482,43015,43043,represented_with_review_flags,english-01251-01500.jsonl,N-071
U01483,43043,43074,represented_with_review_flags,english-01251-01500.jsonl,N-071
U01484,43074,43107,represented_with_review_flags,english-01251-01500.jsonl,N-071
U01485,43107,43137,represented_with_review_flags,english-01251-01500.jsonl,N-071
U01486,43137,43171,represented_with_review_flags,english-01251-01500.jsonl,N-071
U01487,43171,43198,represented_with_review_flags,english-01251-01500.jsonl,N-071
U01488,43198,43225,represented_with_review_flags,english-01251-01500.jsonl,N-071;N-T29
U01489,43225,43255,represented_with_review_flags,english-01251-01500.jsonl,N-071
U01490,43255,43285,represented_with_review_flags,english-01251-01500.jsonl,N-071
U01491,43285,43313,represented_with_review_flags,english-01251-01500.jsonl,N-071
U01492,43313,43344,represented_with_review_flags,english-01251-01500.jsonl,N-071
U01493,43344,43372,represented_with_review_flags,english-01251-01500.jsonl,N-072
U01494,43372,43398,represented_with_review_flags,english-01251-01500.jsonl,N-072
U01495,43398,43429,represented_with_review_flags,english-01251-01500.jsonl,N-072
U01496,43429,43461,represented_with_review_flags,english-01251-01500.jsonl,N-072
U01497,43461,43491,represented_with_review_flags,english-01251-01500.jsonl,N-072
U01498,43491,43520,represented_with_review_flags,english-01251-01500.jsonl,N-072
U01499,43520,43547,represented_with_review_flags,english-01251-01500.jsonl,N-072
U01500,43547,43577,represented_with_review_flags,english-01251-01500.jsonl,N-072
U01501,43577,43608,represented_with_review_flags,english-01501-01750.jsonl,N-072
U01502,43608,43641,represented_with_review_flags,english-01501-01750.jsonl,N-072
U01503,43641,43667,represented_with_review_flags,english-01501-01750.jsonl,N-072
U01504,43667,43696,represented_with_review_flags,english-01501-01750.jsonl,N-072
U01505,43696,43729,represented_with_review_flags,english-01501-01750.jsonl,N-072
U01506,43729,43754,represented_with_review_flags,english-01501-01750.jsonl,N-072
U01507,43754,43779,represented_with_review_flags,english-01501-01750.jsonl,N-072
U01508,43779,43805,represented_with_review_flags,english-01501-01750.jsonl,N-072
U01509,43805,43830,represented_with_review_flags,english-01501-01750.jsonl,N-072
U01510,43830,43855,represented_with_review_flags,english-01501-01750.jsonl,N-072
U01511,43855,43875,represented_with_review_flags,english-01501-01750.jsonl,N-072
U01512,43875,43900,represented_with_review_flags,english-01501-01750.jsonl,N-072
U01513,43900,43927,represented_with_review_flags,english-01501-01750.jsonl,N-072
U01514,43927,43949,represented_draft,english-01501-01750.jsonl,
U01515,43949,43977,represented_with_review_flags,english-01501-01750.jsonl,N-073
U01516,43977,44008,represented_with_review_flags,english-01501-01750.jsonl,N-073
U01517,44008,44033,represented_with_review_flags,english-01501-01750.jsonl,N-073
U01518,44033,44063,represented_with_review_flags,english-01501-01750.jsonl,N-073
U01519,44063,44094,represented_with_review_flags,english-01501-01750.jsonl,N-073
U01520,44094,44122,represented_with_review_flags,english-01501-01750.jsonl,N-073
U01521,44122,44150,represented_with_review_flags,english-01501-01750.jsonl,N-073
U01522,44150,44181,represented_with_review_flags,english-01501-01750.jsonl,N-073
U01523,44181,44214,represented_with_review_flags,english-01501-01750.jsonl,N-073
U01524,44214,44239,represented_with_review_flags,english-01501-01750.jsonl,N-073
U01525,44239,44265,represented_with_review_flags,english-01501-01750.jsonl,N-073
U01526,44265,44294,represented_with_review_flags,english-01501-01750.jsonl,N-073
U01527,44294,44321,represented_with_review_flags,english-01501-01750.jsonl,N-073
U01528,44321,44348,represented_with_review_flags,english-01501-01750.jsonl,N-073
U01529,44348,44375,represented_with_review_flags,english-01501-01750.jsonl,N-073
U01530,44375,44399,represented_with_review_flags,english-01501-01750.jsonl,N-073
U01531,44399,44428,represented_with_review_flags,english-01501-01750.jsonl,N-073
U01532,44428,44462,represented_with_review_flags,english-01501-01750.jsonl,N-073
U01533,44462,44494,represented_with_review_flags,english-01501-01750.jsonl,N-073
U01534,44494,44519,represented_with_review_flags,english-01501-01750.jsonl,N-073
U01535,44519,44548,represented_with_review_flags,english-01501-01750.jsonl,N-073
U01536,44548,44574,represented_with_review_flags,english-01501-01750.jsonl,N-073
U01537,44574,44598,represented_with_review_flags,english-01501-01750.jsonl,N-073
U01538,44598,44628,represented_with_review_flags,english-01501-01750.jsonl,N-073
U01539,44628,44656,represented_with_review_flags,english-01501-01750.jsonl,N-073
U01540,44656,44674,represented_draft,english-01501-01750.jsonl,
U01541,44674,44702,represented_with_review_flags,english-01501-01750.jsonl,N-074
U01542,44702,44737,represented_with_review_flags,english-01501-01750.jsonl,N-074
U01543,44737,44769,represented_with_review_flags,english-01501-01750.jsonl,N-074
U01544,44769,44795,represented_with_review_flags,english-01501-01750.jsonl,N-074
U01545,44795,44822,represented_with_review_flags,english-01501-01750.jsonl,N-074
U01546,44822,44857,represented_with_review_flags,english-01501-01750.jsonl,N-074
U01547,44857,44889,represented_with_review_flags,english-01501-01750.jsonl,N-074
U01548,44889,44917,represented_with_review_flags,english-01501-01750.jsonl,N-074
U01549,44917,44943,represented_with_review_flags,english-01501-01750.jsonl,N-074
U01550,44943,44971,represented_with_review_flags,english-01501-01750.jsonl,N-074
U01551,44971,44998,represented_with_review_flags,english-01501-01750.jsonl,N-074
U01552,44998,45027,represented_with_review_flags,english-01501-01750.jsonl,N-074
U01553,45027,45055,represented_with_review_flags,english-01501-01750.jsonl,N-074
U01554,45055,45079,represented_with_review_flags,english-01501-01750.jsonl,N-074
U01555,45079,45111,represented_with_review_flags,english-01501-01750.jsonl,N-074;N-T34
U01556,45111,45140,represented_with_review_flags,english-01501-01750.jsonl,N-074
U01557,45140,45158,represented_draft,english-01501-01750.jsonl,
U01558,45158,45185,represented_with_review_flags,english-01501-01750.jsonl,N-075
U01559,45185,45212,represented_with_review_flags,english-01501-01750.jsonl,N-075
U01560,45212,45244,represented_with_review_flags,english-01501-01750.jsonl,N-075
U01561,45244,45275,represented_with_review_flags,english-01501-01750.jsonl,N-075
U01562,45275,45304,represented_with_review_flags,english-01501-01750.jsonl,N-075
U01563,45304,45331,represented_with_review_flags,english-01501-01750.jsonl,N-075
U01564,45331,45358,represented_with_review_flags,english-01501-01750.jsonl,N-075
U01565,45358,45388,represented_with_review_flags,english-01501-01750.jsonl,N-075
U01566,45388,45420,represented_with_review_flags,english-01501-01750.jsonl,N-075
U01567,45420,45467,represented_with_review_flags,english-01501-01750.jsonl,N-075
U01568,45467,45494,represented_with_review_flags,english-01501-01750.jsonl,N-075
U01569,45494,45521,represented_with_review_flags,english-01501-01750.jsonl,N-075
U01570,45521,45549,represented_with_review_flags,english-01501-01750.jsonl,N-075
U01571,45549,45579,represented_with_review_flags,english-01501-01750.jsonl,N-075
U01572,45579,45606,represented_with_review_flags,english-01501-01750.jsonl,N-075
U01573,45606,45634,represented_with_review_flags,english-01501-01750.jsonl,N-075
U01574,45634,45662,represented_with_review_flags,english-01501-01750.jsonl,N-075
U01575,45662,45690,represented_with_review_flags,english-01501-01750.jsonl,N-075
U01576,45690,45721,represented_with_review_flags,english-01501-01750.jsonl,N-075
U01577,45721,45748,represented_with_review_flags,english-01501-01750.jsonl,N-075
U01578,45748,45776,represented_with_review_flags,english-01501-01750.jsonl,N-075
U01579,45776,45802,represented_with_review_flags,english-01501-01750.jsonl,N-075
U01580,45802,45827,represented_with_review_flags,english-01501-01750.jsonl,N-075
U01581,45827,45859,represented_with_review_flags,english-01501-01750.jsonl,N-075
U01582,45859,45891,represented_with_review_flags,english-01501-01750.jsonl,N-075
U01583,45891,45918,represented_with_review_flags,english-01501-01750.jsonl,N-075
U01584,45918,45948,represented_with_review_flags,english-01501-01750.jsonl,N-075
U01585,45948,45974,represented_with_review_flags,english-01501-01750.jsonl,N-075
U01586,45974,46000,represented_with_review_flags,english-01501-01750.jsonl,N-075
U01587,46000,46031,represented_with_review_flags,english-01501-01750.jsonl,N-075
U01588,46031,46058,represented_with_review_flags,english-01501-01750.jsonl,N-075
U01589,46058,46090,represented_with_review_flags,english-01501-01750.jsonl,N-075
U01590,46090,46119,represented_with_review_flags,english-01501-01750.jsonl,N-075
U01591,46119,46146,represented_with_review_flags,english-01501-01750.jsonl,N-075
U01592,46146,46177,represented_with_review_flags,english-01501-01750.jsonl,N-075
U01593,46177,46206,represented_with_review_flags,english-01501-01750.jsonl,N-075
U01594,46206,46235,represented_with_review_flags,english-01501-01750.jsonl,N-075
U01595,46235,46264,represented_with_review_flags,english-01501-01750.jsonl,N-075
U01596,46264,46285,represented_draft,english-01501-01750.jsonl,
U01597,46285,46317,represented_with_review_flags,english-01501-01750.jsonl,N-076
U01598,46317,46345,represented_with_review_flags,english-01501-01750.jsonl,N-076
U01599,46345,46372,represented_with_review_flags,english-01501-01750.jsonl,N-076
U01600,46372,46403,represented_with_review_flags,english-01501-01750.jsonl,N-076
U01601,46403,46431,represented_with_review_flags,english-01501-01750.jsonl,N-076;N-T36
U01602,46431,46456,represented_with_review_flags,english-01501-01750.jsonl,N-076
U01603,46456,46484,represented_with_review_flags,english-01501-01750.jsonl,N-076
U01604,46484,46513,represented_with_review_flags,english-01501-01750.jsonl,N-076
U01605,46513,46546,represented_with_review_flags,english-01501-01750.jsonl,N-076
U01606,46546,46576,represented_with_review_flags,english-01501-01750.jsonl,N-076
U01607,46576,46607,represented_with_review_flags,english-01501-01750.jsonl,N-076
U01608,46607,46635,represented_with_review_flags,english-01501-01750.jsonl,N-076
U01609,46635,46665,represented_with_review_flags,english-01501-01750.jsonl,N-076
U01610,46665,46693,represented_with_review_flags,english-01501-01750.jsonl,N-076
U01611,46693,46725,represented_with_review_flags,english-01501-01750.jsonl,N-076
U01612,46725,46758,represented_with_review_flags,english-01501-01750.jsonl,N-076
U01613,46758,46785,represented_with_review_flags,english-01501-01750.jsonl,N-076
U01614,46785,46818,represented_with_review_flags,english-01501-01750.jsonl,N-076
U01615,46818,46848,represented_with_review_flags,english-01501-01750.jsonl,N-076
U01616,46848,46882,represented_with_review_flags,english-01501-01750.jsonl,N-076
U01617,46882,46912,represented_with_review_flags,english-01501-01750.jsonl,N-076
U01618,46912,46944,represented_with_review_flags,english-01501-01750.jsonl,N-076
U01619,46944,46973,represented_with_review_flags,english-01501-01750.jsonl,N-076
U01620,46973,46993,represented_draft,english-01501-01750.jsonl,
U01621,46993,47020,represented_with_review_flags,english-01501-01750.jsonl,N-077
U01622,47020,47052,represented_with_review_flags,english-01501-01750.jsonl,N-077
U01623,47052,47081,represented_with_review_flags,english-01501-01750.jsonl,N-077
U01624,47081,47112,represented_with_review_flags,english-01501-01750.jsonl,N-077;N-T37
U01625,47112,47138,represented_with_review_flags,english-01501-01750.jsonl,N-077
U01626,47138,47165,represented_with_review_flags,english-01501-01750.jsonl,N-077
U01627,47165,47196,represented_with_review_flags,english-01501-01750.jsonl,N-077
U01628,47196,47226,represented_with_review_flags,english-01501-01750.jsonl,N-077
U01629,47226,47254,represented_with_review_flags,english-01501-01750.jsonl,N-077
U01630,47254,47281,represented_with_review_flags,english-01501-01750.jsonl,N-077;N-T03
U01631,47281,47312,represented_with_review_flags,english-01501-01750.jsonl,N-077
U01632,47312,47340,represented_with_review_flags,english-01501-01750.jsonl,N-077
U01633,47340,47371,represented_with_review_flags,english-01501-01750.jsonl,N-077
U01634,47371,47389,represented_with_review_flags,english-01501-01750.jsonl,N-077
U01635,47389,47416,represented_with_review_flags,english-01501-01750.jsonl,N-077;N-T32
U01636,47416,47442,represented_with_review_flags,english-01501-01750.jsonl,N-077
U01637,47442,47470,represented_with_review_flags,english-01501-01750.jsonl,N-077
U01638,47470,47491,represented_with_review_flags,english-01501-01750.jsonl,N-077
U01639,47491,47517,represented_with_review_flags,english-01501-01750.jsonl,N-077;N-T32
U01640,47517,47546,represented_with_review_flags,english-01501-01750.jsonl,N-077;N-T32
U01641,47546,47578,represented_with_review_flags,english-01501-01750.jsonl,N-077
U01642,47578,47607,represented_with_review_flags,english-01501-01750.jsonl,N-077;N-T78
U01643,47607,47638,represented_with_review_flags,english-01501-01750.jsonl,N-077;N-T37
U01644,47638,47667,represented_with_review_flags,english-01501-01750.jsonl,N-077
U01645,47667,47698,represented_with_review_flags,english-01501-01750.jsonl,N-077
U01646,47698,47734,represented_with_review_flags,english-01501-01750.jsonl,N-077
U01647,47734,47763,represented_with_review_flags,english-01501-01750.jsonl,N-077
U01648,47763,47795,represented_with_review_flags,english-01501-01750.jsonl,N-077
U01649,47795,47825,represented_with_review_flags,english-01501-01750.jsonl,N-077
U01650,47825,47849,represented_with_review_flags,english-01501-01750.jsonl,N-077
U01651,47849,47878,represented_with_review_flags,english-01501-01750.jsonl,N-077
U01652,47878,47905,represented_with_review_flags,english-01501-01750.jsonl,N-077;N-T32
U01653,47905,47935,represented_with_review_flags,english-01501-01750.jsonl,N-077;N-T33
U01654,47935,47965,represented_with_review_flags,english-01501-01750.jsonl,N-077
U01655,47965,47989,represented_with_review_flags,english-01501-01750.jsonl,N-077
U01656,47989,48020,represented_with_review_flags,english-01501-01750.jsonl,N-077
U01657,48020,48058,represented_with_review_flags,english-01501-01750.jsonl,N-077
U01658,48058,48089,represented_with_review_flags,english-01501-01750.jsonl,N-077
U01659,48089,48120,represented_with_review_flags,english-01501-01750.jsonl,N-077
U01660,48120,48148,represented_with_review_flags,english-01501-01750.jsonl,N-077;N-T32
U01661,48148,48166,represented_draft,english-01501-01750.jsonl,
U01662,48166,48198,represented_with_review_flags,english-01501-01750.jsonl,N-078;N-T37
U01663,48198,48231,represented_with_review_flags,english-01501-01750.jsonl,N-078
U01664,48231,48256,represented_with_review_flags,english-01501-01750.jsonl,N-078
U01665,48256,48288,represented_with_review_flags,english-01501-01750.jsonl,N-078
U01666,48288,48315,represented_with_review_flags,english-01501-01750.jsonl,N-078
U01667,48315,48348,represented_with_review_flags,english-01501-01750.jsonl,N-078
U01668,48348,48361,represented_with_review_flags,english-01501-01750.jsonl,N-078
U01669,48361,48393,represented_with_review_flags,english-01501-01750.jsonl,N-078
U01670,48393,48422,represented_with_review_flags,english-01501-01750.jsonl,N-078
U01671,48422,48453,represented_with_review_flags,english-01501-01750.jsonl,N-078
U01672,48453,48482,represented_with_review_flags,english-01501-01750.jsonl,N-078
U01673,48482,48507,represented_with_review_flags,english-01501-01750.jsonl,N-078
U01674,48507,48540,represented_with_review_flags,english-01501-01750.jsonl,N-078;N-T37
U01675,48540,48570,represented_with_review_flags,english-01501-01750.jsonl,N-078
U01676,48570,48593,represented_with_review_flags,english-01501-01750.jsonl,N-078
U01677,48593,48616,represented_with_review_flags,english-01501-01750.jsonl,N-078
U01678,48616,48646,represented_with_review_flags,english-01501-01750.jsonl,N-078
U01679,48646,48673,represented_with_review_flags,english-01501-01750.jsonl,N-078
U01680,48673,48698,represented_with_review_flags,english-01501-01750.jsonl,N-078
U01681,48698,48727,represented_with_review_flags,english-01501-01750.jsonl,N-078
U01682,48727,48757,represented_with_review_flags,english-01501-01750.jsonl,N-078
U01683,48757,48790,represented_with_review_flags,english-01501-01750.jsonl,N-078;N-T37
U01684,48790,48822,represented_with_review_flags,english-01501-01750.jsonl,N-078
U01685,48822,48854,represented_with_review_flags,english-01501-01750.jsonl,N-078;N-T37
U01686,48854,48882,represented_with_review_flags,english-01501-01750.jsonl,N-078
U01687,48882,48912,represented_with_review_flags,english-01501-01750.jsonl,N-078
U01688,48912,48942,represented_with_review_flags,english-01501-01750.jsonl,N-078
U01689,48942,48965,represented_draft,english-01501-01750.jsonl,
U01690,48965,48996,represented_with_review_flags,english-01501-01750.jsonl,N-079
U01691,48996,49025,represented_with_review_flags,english-01501-01750.jsonl,N-079
U01692,49025,49054,represented_with_review_flags,english-01501-01750.jsonl,N-079;N-T37
U01693,49054,49079,represented_with_review_flags,english-01501-01750.jsonl,N-079
U01694,49079,49104,represented_with_review_flags,english-01501-01750.jsonl,N-079
U01695,49104,49131,represented_with_review_flags,english-01501-01750.jsonl,N-079
U01696,49131,49165,represented_with_review_flags,english-01501-01750.jsonl,N-079
U01697,49165,49195,represented_with_review_flags,english-01501-01750.jsonl,N-079
U01698,49195,49221,represented_with_review_flags,english-01501-01750.jsonl,N-079
U01699,49221,49250,represented_with_review_flags,english-01501-01750.jsonl,N-079
U01700,49250,49276,represented_with_review_flags,english-01501-01750.jsonl,N-079
U01701,49276,49304,represented_with_review_flags,english-01501-01750.jsonl,N-079
U01702,49304,49336,represented_with_review_flags,english-01501-01750.jsonl,N-079
U01703,49336,49364,represented_with_review_flags,english-01501-01750.jsonl,N-079
U01704,49364,49393,represented_with_review_flags,english-01501-01750.jsonl,N-079
U01705,49393,49424,represented_with_review_flags,english-01501-01750.jsonl,N-079
U01706,49424,49450,represented_with_review_flags,english-01501-01750.jsonl,N-079
U01707,49450,49477,represented_with_review_flags,english-01501-01750.jsonl,N-079
U01708,49477,49503,represented_with_review_flags,english-01501-01750.jsonl,N-079
U01709,49503,49527,represented_with_review_flags,english-01501-01750.jsonl,N-079
U01710,49527,49551,represented_with_review_flags,english-01501-01750.jsonl,N-079;N-T35
U01711,49551,49593,represented_with_review_flags,english-01501-01750.jsonl,N-079
U01712,49593,49621,represented_with_review_flags,english-01501-01750.jsonl,N-079
U01713,49621,49651,represented_with_review_flags,english-01501-01750.jsonl,N-079
U01714,49651,49680,represented_with_review_flags,english-01501-01750.jsonl,N-079
U01715,49680,49712,represented_with_review_flags,english-01501-01750.jsonl,N-079
U01716,49712,49760,represented_with_review_flags,english-01501-01750.jsonl,N-079
U01717,49760,49790,represented_with_review_flags,english-01501-01750.jsonl,N-079
U01718,49790,49824,represented_with_review_flags,english-01501-01750.jsonl,N-079
U01719,49824,49854,represented_with_review_flags,english-01501-01750.jsonl,N-079
U01720,49854,49882,represented_with_review_flags,english-01501-01750.jsonl,N-079
U01721,49882,49912,represented_with_review_flags,english-01501-01750.jsonl,N-079
U01722,49912,49941,represented_with_review_flags,english-01501-01750.jsonl,N-079
U01723,49941,49973,represented_with_review_flags,english-01501-01750.jsonl,N-079
U01724,49973,49999,represented_with_review_flags,english-01501-01750.jsonl,N-079
U01725,49999,50033,represented_with_review_flags,english-01501-01750.jsonl,N-079
U01726,50033,50063,represented_with_review_flags,english-01501-01750.jsonl,N-079
U01727,50063,50080,represented_draft,english-01501-01750.jsonl,
U01728,50080,50108,represented_with_review_flags,english-01501-01750.jsonl,N-080
U01729,50108,50132,represented_with_review_flags,english-01501-01750.jsonl,N-080
U01730,50132,50158,represented_with_review_flags,english-01501-01750.jsonl,N-080
U01731,50158,50181,represented_with_review_flags,english-01501-01750.jsonl,N-080
U01732,50181,50214,represented_with_review_flags,english-01501-01750.jsonl,N-080
U01733,50214,50240,represented_with_review_flags,english-01501-01750.jsonl,N-080
U01734,50240,50285,represented_with_review_flags,english-01501-01750.jsonl,N-080
U01735,50285,50314,represented_with_review_flags,english-01501-01750.jsonl,N-080
U01736,50314,50342,represented_with_review_flags,english-01501-01750.jsonl,N-080
U01737,50342,50372,represented_with_review_flags,english-01501-01750.jsonl,N-080
U01738,50372,50400,represented_with_review_flags,english-01501-01750.jsonl,N-080
U01739,50400,50431,represented_with_review_flags,english-01501-01750.jsonl,N-080
U01740,50431,50465,represented_with_review_flags,english-01501-01750.jsonl,N-080
U01741,50465,50491,represented_with_review_flags,english-01501-01750.jsonl,N-080
U01742,50491,50519,represented_with_review_flags,english-01501-01750.jsonl,N-080
U01743,50519,50543,represented_with_review_flags,english-01501-01750.jsonl,N-080
U01744,50543,50573,represented_with_review_flags,english-01501-01750.jsonl,N-080
U01745,50573,50596,represented_with_review_flags,english-01501-01750.jsonl,N-080
U01746,50596,50625,represented_with_review_flags,english-01501-01750.jsonl,N-080
U01747,50625,50651,represented_with_review_flags,english-01501-01750.jsonl,N-080
U01748,50651,50676,represented_with_review_flags,english-01501-01750.jsonl,N-080
U01749,50676,50704,represented_with_review_flags,english-01501-01750.jsonl,N-080
U01750,50704,50735,represented_with_review_flags,english-01501-01750.jsonl,N-080
U01751,50735,50753,represented_draft,english-01751-02000.jsonl,
U01752,50753,50781,represented_with_review_flags,english-01751-02000.jsonl,N-081
U01753,50781,50809,represented_with_review_flags,english-01751-02000.jsonl,N-081
U01754,50809,50841,represented_with_review_flags,english-01751-02000.jsonl,N-081
U01755,50841,50864,represented_with_review_flags,english-01751-02000.jsonl,N-081
U01756,50864,50893,represented_with_review_flags,english-01751-02000.jsonl,N-081
U01757,50893,50927,represented_with_review_flags,english-01751-02000.jsonl,N-081
U01758,50927,50951,represented_with_review_flags,english-01751-02000.jsonl,N-081
U01759,50951,50983,represented_with_review_flags,english-01751-02000.jsonl,N-081
U01760,50983,51016,represented_with_review_flags,english-01751-02000.jsonl,N-081
U01761,51016,51042,represented_with_review_flags,english-01751-02000.jsonl,N-081
U01762,51042,51070,represented_with_review_flags,english-01751-02000.jsonl,N-081
U01763,51070,51101,represented_with_review_flags,english-01751-02000.jsonl,N-081
U01764,51101,51119,represented_draft,english-01751-02000.jsonl,
U01765,51119,51147,represented_with_review_flags,english-01751-02000.jsonl,N-082
U01766,51147,51178,represented_with_review_flags,english-01751-02000.jsonl,N-082
U01767,51178,51201,represented_with_review_flags,english-01751-02000.jsonl,N-082
U01768,51201,51233,represented_with_review_flags,english-01751-02000.jsonl,N-082
U01769,51233,51262,represented_with_review_flags,english-01751-02000.jsonl,N-082
U01770,51262,51295,represented_with_review_flags,english-01751-02000.jsonl,N-082
U01771,51295,51320,represented_with_review_flags,english-01751-02000.jsonl,N-082
U01772,51320,51345,represented_with_review_flags,english-01751-02000.jsonl,N-082
U01773,51345,51373,represented_with_review_flags,english-01751-02000.jsonl,N-082
U01774,51373,51400,represented_with_review_flags,english-01751-02000.jsonl,N-082
U01775,51400,51429,represented_with_review_flags,english-01751-02000.jsonl,N-082
U01776,51429,51438,represented_with_review_flags,english-01751-02000.jsonl,N-082
U01777,51438,51469,represented_with_review_flags,english-01751-02000.jsonl,N-082
U01778,51469,51504,represented_with_review_flags,english-01751-02000.jsonl,N-082
U01779,51504,51537,represented_with_review_flags,english-01751-02000.jsonl,N-082
U01780,51537,51571,represented_with_review_flags,english-01751-02000.jsonl,N-082;N-T37
U01781,51571,51601,represented_with_review_flags,english-01751-02000.jsonl,N-082
U01782,51601,51621,represented_with_review_flags,english-01751-02000.jsonl,N-082
U01783,51621,51656,represented_with_review_flags,english-01751-02000.jsonl,N-082
U01784,51656,51681,represented_with_review_flags,english-01751-02000.jsonl,N-082
U01785,51681,51714,represented_with_review_flags,english-01751-02000.jsonl,N-082
U01786,51714,51743,represented_with_review_flags,english-01751-02000.jsonl,N-082
U01787,51743,51768,represented_with_review_flags,english-01751-02000.jsonl,N-082
U01788,51768,51797,represented_with_review_flags,english-01751-02000.jsonl,N-082
U01789,51797,51824,represented_with_review_flags,english-01751-02000.jsonl,N-082
U01790,51824,51853,represented_with_review_flags,english-01751-02000.jsonl,N-082;N-T03
U01791,51853,51886,represented_with_review_flags,english-01751-02000.jsonl,N-082
U01792,51886,51919,represented_with_review_flags,english-01751-02000.jsonl,N-082
U01793,51919,51954,represented_with_review_flags,english-01751-02000.jsonl,N-082
U01794,51954,51984,represented_with_review_flags,english-01751-02000.jsonl,N-082
U01795,51984,52014,represented_with_review_flags,english-01751-02000.jsonl,N-082
U01796,52014,52046,represented_with_review_flags,english-01751-02000.jsonl,N-082
U01797,52046,52077,represented_with_review_flags,english-01751-02000.jsonl,N-082
U01798,52077,52106,represented_with_review_flags,english-01751-02000.jsonl,N-082
U01799,52106,52134,represented_with_review_flags,english-01751-02000.jsonl,N-082
U01800,52134,52164,represented_with_review_flags,english-01751-02000.jsonl,N-082
U01801,52164,52193,represented_with_review_flags,english-01751-02000.jsonl,N-082
U01802,52193,52226,represented_with_review_flags,english-01751-02000.jsonl,N-083
U01803,52226,52269,represented_with_review_flags,english-01751-02000.jsonl,N-083
U01804,52269,52299,represented_with_review_flags,english-01751-02000.jsonl,N-083
U01805,52299,52329,represented_with_review_flags,english-01751-02000.jsonl,N-083
U01806,52329,52353,represented_with_review_flags,english-01751-02000.jsonl,N-083
U01807,52353,52380,represented_with_review_flags,english-01751-02000.jsonl,N-083
U01808,52380,52407,represented_with_review_flags,english-01751-02000.jsonl,N-083
U01809,52407,52439,represented_with_review_flags,english-01751-02000.jsonl,N-083
U01810,52439,52472,represented_with_review_flags,english-01751-02000.jsonl,N-083
U01811,52472,52512,represented_with_review_flags,english-01751-02000.jsonl,N-083
U01812,52512,52540,represented_with_review_flags,english-01751-02000.jsonl,N-083
U01813,52540,52566,represented_with_review_flags,english-01751-02000.jsonl,N-083
U01814,52566,52597,represented_with_review_flags,english-01751-02000.jsonl,N-083
U01815,52597,52628,represented_with_review_flags,english-01751-02000.jsonl,N-083
U01816,52628,52659,represented_with_review_flags,english-01751-02000.jsonl,N-083
U01817,52659,52688,represented_with_review_flags,english-01751-02000.jsonl,N-083
U01818,52688,52714,represented_with_review_flags,english-01751-02000.jsonl,N-083
U01819,52714,52743,represented_with_review_flags,english-01751-02000.jsonl,N-083
U01820,52743,52769,represented_with_review_flags,english-01751-02000.jsonl,N-083
U01821,52769,52797,represented_with_review_flags,english-01751-02000.jsonl,N-083
U01822,52797,52827,represented_with_review_flags,english-01751-02000.jsonl,N-083
U01823,52827,52855,represented_with_review_flags,english-01751-02000.jsonl,N-083
U01824,52855,52885,represented_with_review_flags,english-01751-02000.jsonl,N-083
U01825,52885,52911,represented_with_review_flags,english-01751-02000.jsonl,N-083
U01826,52911,52936,represented_with_review_flags,english-01751-02000.jsonl,N-083
U01827,52936,52965,represented_with_review_flags,english-01751-02000.jsonl,N-083
U01828,52965,52994,represented_with_review_flags,english-01751-02000.jsonl,N-083
U01829,52994,53032,represented_with_review_flags,english-01751-02000.jsonl,N-083
U01830,53032,53067,represented_with_review_flags,english-01751-02000.jsonl,N-083;N-T37
U01831,53067,53095,represented_with_review_flags,english-01751-02000.jsonl,N-083
U01832,53095,53123,represented_with_review_flags,english-01751-02000.jsonl,N-083
U01833,53123,53156,represented_with_review_flags,english-01751-02000.jsonl,N-084
U01834,53156,53186,represented_with_review_flags,english-01751-02000.jsonl,N-084
U01835,53186,53219,represented_with_review_flags,english-01751-02000.jsonl,N-084
U01836,53219,53249,represented_with_review_flags,english-01751-02000.jsonl,N-084
U01837,53249,53275,represented_with_review_flags,english-01751-02000.jsonl,N-084
U01838,53275,53304,represented_with_review_flags,english-01751-02000.jsonl,N-084
U01839,53304,53335,represented_with_review_flags,english-01751-02000.jsonl,N-084
U01840,53335,53361,represented_with_review_flags,english-01751-02000.jsonl,N-084
U01841,53361,53393,represented_with_review_flags,english-01751-02000.jsonl,N-084
U01842,53393,53419,represented_with_review_flags,english-01751-02000.jsonl,N-084
U01843,53419,53448,represented_with_review_flags,english-01751-02000.jsonl,N-084
U01844,53448,53474,represented_with_review_flags,english-01751-02000.jsonl,N-084
U01845,53474,53503,represented_with_review_flags,english-01751-02000.jsonl,N-084
U01846,53503,53535,represented_with_review_flags,english-01751-02000.jsonl,N-084
U01847,53535,53560,represented_with_review_flags,english-01751-02000.jsonl,N-084
U01848,53560,53592,represented_with_review_flags,english-01751-02000.jsonl,N-084
U01849,53592,53630,represented_with_review_flags,english-01751-02000.jsonl,N-084
U01850,53630,53663,represented_with_review_flags,english-01751-02000.jsonl,N-084
U01851,53663,53693,represented_with_review_flags,english-01751-02000.jsonl,N-084
U01852,53693,53722,represented_with_review_flags,english-01751-02000.jsonl,N-084
U01853,53722,53753,represented_with_review_flags,english-01751-02000.jsonl,N-084
U01854,53753,53771,represented_draft,english-01751-02000.jsonl,
U01855,53771,53798,represented_with_review_flags,english-01751-02000.jsonl,N-085
U01856,53798,53826,represented_with_review_flags,english-01751-02000.jsonl,N-085
U01857,53826,53853,represented_with_review_flags,english-01751-02000.jsonl,N-085
U01858,53853,53877,represented_with_review_flags,english-01751-02000.jsonl,N-085
U01859,53877,53902,represented_with_review_flags,english-01751-02000.jsonl,N-085
U01860,53902,53929,represented_with_review_flags,english-01751-02000.jsonl,N-085
U01861,53929,53962,represented_with_review_flags,english-01751-02000.jsonl,N-085
U01862,53962,53990,represented_with_review_flags,english-01751-02000.jsonl,N-085
U01863,53990,54018,represented_with_review_flags,english-01751-02000.jsonl,N-085;N-T43
U01864,54018,54046,represented_with_review_flags,english-01751-02000.jsonl,N-085
U01865,54046,54076,represented_with_review_flags,english-01751-02000.jsonl,N-085
U01866,54076,54101,represented_with_review_flags,english-01751-02000.jsonl,N-085
U01867,54101,54130,represented_with_review_flags,english-01751-02000.jsonl,N-085
U01868,54130,54160,represented_with_review_flags,english-01751-02000.jsonl,N-085
U01869,54160,54194,represented_with_review_flags,english-01751-02000.jsonl,N-085
U01870,54194,54222,represented_with_review_flags,english-01751-02000.jsonl,N-085
U01871,54222,54250,represented_with_review_flags,english-01751-02000.jsonl,N-085
U01872,54250,54281,represented_with_review_flags,english-01751-02000.jsonl,N-085;N-T03
U01873,54281,54310,represented_with_review_flags,english-01751-02000.jsonl,N-085
U01874,54310,54338,represented_with_review_flags,english-01751-02000.jsonl,N-085
U01875,54338,54372,represented_with_review_flags,english-01751-02000.jsonl,N-085
U01876,54372,54405,represented_with_review_flags,english-01751-02000.jsonl,N-085
U01877,54405,54432,represented_with_review_flags,english-01751-02000.jsonl,N-085
U01878,54432,54460,represented_with_review_flags,english-01751-02000.jsonl,N-085
U01879,54460,54490,represented_with_review_flags,english-01751-02000.jsonl,N-085
U01880,54490,54517,represented_with_review_flags,english-01751-02000.jsonl,N-085
U01881,54517,54550,represented_with_review_flags,english-01751-02000.jsonl,N-085
U01882,54550,54576,represented_with_review_flags,english-01751-02000.jsonl,N-085
U01883,54576,54604,represented_with_review_flags,english-01751-02000.jsonl,N-085
U01884,54604,54636,represented_with_review_flags,english-01751-02000.jsonl,N-085
U01885,54636,54665,represented_with_review_flags,english-01751-02000.jsonl,N-085
U01886,54665,54692,represented_with_review_flags,english-01751-02000.jsonl,N-085
U01887,54692,54726,represented_with_review_flags,english-01751-02000.jsonl,N-085
U01888,54726,54755,represented_with_review_flags,english-01751-02000.jsonl,N-085
U01889,54755,54783,represented_with_review_flags,english-01751-02000.jsonl,N-085
U01890,54783,54813,represented_with_review_flags,english-01751-02000.jsonl,N-085
U01891,54813,54842,represented_with_review_flags,english-01751-02000.jsonl,N-085
U01892,54842,54873,represented_with_review_flags,english-01751-02000.jsonl,N-085
U01893,54873,54900,represented_with_review_flags,english-01751-02000.jsonl,N-085
U01894,54900,54929,represented_with_review_flags,english-01751-02000.jsonl,N-085
U01895,54929,54956,represented_with_review_flags,english-01751-02000.jsonl,N-085
U01896,54956,54987,represented_with_review_flags,english-01751-02000.jsonl,N-085
U01897,54987,55018,represented_with_review_flags,english-01751-02000.jsonl,N-085
U01898,55018,55045,represented_with_review_flags,english-01751-02000.jsonl,N-085
U01899,55045,55076,represented_with_review_flags,english-01751-02000.jsonl,N-085
U01900,55076,55104,represented_with_review_flags,english-01751-02000.jsonl,N-085
U01901,55104,55134,represented_with_review_flags,english-01751-02000.jsonl,N-085;N-T33
U01902,55134,55166,represented_with_review_flags,english-01751-02000.jsonl,N-085
U01903,55166,55198,represented_with_review_flags,english-01751-02000.jsonl,N-085
U01904,55198,55226,represented_with_review_flags,english-01751-02000.jsonl,N-085
U01905,55226,55250,represented_with_review_flags,english-01751-02000.jsonl,N-085
U01906,55250,55268,represented_draft,english-01751-02000.jsonl,
U01907,55268,55295,represented_with_review_flags,english-01751-02000.jsonl,N-086
U01908,55295,55321,represented_with_review_flags,english-01751-02000.jsonl,N-086
U01909,55321,55354,represented_with_review_flags,english-01751-02000.jsonl,N-086
U01910,55354,55382,represented_with_review_flags,english-01751-02000.jsonl,N-086
U01911,55382,55410,represented_with_review_flags,english-01751-02000.jsonl,N-086
U01912,55410,55440,represented_with_review_flags,english-01751-02000.jsonl,N-086
U01913,55440,55468,represented_with_review_flags,english-01751-02000.jsonl,N-086
U01914,55468,55494,represented_with_review_flags,english-01751-02000.jsonl,N-086
U01915,55494,55523,represented_with_review_flags,english-01751-02000.jsonl,N-086
U01916,55523,55555,represented_with_review_flags,english-01751-02000.jsonl,N-086
U01917,55555,55587,represented_with_review_flags,english-01751-02000.jsonl,N-086
U01918,55587,55616,represented_with_review_flags,english-01751-02000.jsonl,N-086
U01919,55616,55640,represented_with_review_flags,english-01751-02000.jsonl,N-086
U01920,55640,55670,represented_with_review_flags,english-01751-02000.jsonl,N-086;N-T37
U01921,55670,55698,represented_with_review_flags,english-01751-02000.jsonl,N-086
U01922,55698,55726,represented_with_review_flags,english-01751-02000.jsonl,N-086
U01923,55726,55758,represented_with_review_flags,english-01751-02000.jsonl,N-086
U01924,55758,55787,represented_with_review_flags,english-01751-02000.jsonl,N-086
U01925,55787,55817,represented_with_review_flags,english-01751-02000.jsonl,N-086
U01926,55817,55845,represented_with_review_flags,english-01751-02000.jsonl,N-086
U01927,55845,55872,represented_with_review_flags,english-01751-02000.jsonl,N-086
U01928,55872,55906,represented_with_review_flags,english-01751-02000.jsonl,N-086
U01929,55906,55935,represented_with_review_flags,english-01751-02000.jsonl,N-086
U01930,55935,55964,represented_with_review_flags,english-01751-02000.jsonl,N-086;N-T43
U01931,55964,55987,represented_with_review_flags,english-01751-02000.jsonl,N-086
U01932,55987,56019,represented_with_review_flags,english-01751-02000.jsonl,N-086
U01933,56019,56044,represented_with_review_flags,english-01751-02000.jsonl,N-086;N-T43
U01934,56044,56073,represented_with_review_flags,english-01751-02000.jsonl,N-086
U01935,56073,56102,represented_with_review_flags,english-01751-02000.jsonl,N-086
U01936,56102,56132,represented_with_review_flags,english-01751-02000.jsonl,N-086
U01937,56132,56149,represented_draft,english-01751-02000.jsonl,
U01938,56149,56180,represented_with_review_flags,english-01751-02000.jsonl,N-087
U01939,56180,56210,represented_with_review_flags,english-01751-02000.jsonl,N-087
U01940,56210,56239,represented_with_review_flags,english-01751-02000.jsonl,N-087
U01941,56239,56269,represented_with_review_flags,english-01751-02000.jsonl,N-087
U01942,56269,56295,represented_with_review_flags,english-01751-02000.jsonl,N-087
U01943,56295,56325,represented_with_review_flags,english-01751-02000.jsonl,N-087
U01944,56325,56359,represented_with_review_flags,english-01751-02000.jsonl,N-087;N-T37
U01945,56359,56388,represented_with_review_flags,english-01751-02000.jsonl,N-087
U01946,56388,56424,represented_with_review_flags,english-01751-02000.jsonl,N-087;N-T37
U01947,56424,56453,represented_with_review_flags,english-01751-02000.jsonl,N-087
U01948,56453,56485,represented_with_review_flags,english-01751-02000.jsonl,N-087
U01949,56485,56511,represented_with_review_flags,english-01751-02000.jsonl,N-087
U01950,56511,56540,represented_with_review_flags,english-01751-02000.jsonl,N-087
U01951,56540,56567,represented_with_review_flags,english-01751-02000.jsonl,N-087
U01952,56567,56596,represented_with_review_flags,english-01751-02000.jsonl,N-087
U01953,56596,56635,represented_with_review_flags,english-01751-02000.jsonl,N-087
U01954,56635,56664,represented_with_review_flags,english-01751-02000.jsonl,N-087
U01955,56664,56694,represented_with_review_flags,english-01751-02000.jsonl,N-087
U01956,56694,56723,represented_with_review_flags,english-01751-02000.jsonl,N-087
U01957,56723,56749,represented_with_review_flags,english-01751-02000.jsonl,N-087
U01958,56749,56778,represented_with_review_flags,english-01751-02000.jsonl,N-087
U01959,56778,56805,represented_with_review_flags,english-01751-02000.jsonl,N-087
U01960,56805,56835,represented_with_review_flags,english-01751-02000.jsonl,N-087
U01961,56835,56864,represented_with_review_flags,english-01751-02000.jsonl,N-087
U01962,56864,56893,represented_with_review_flags,english-01751-02000.jsonl,N-087;N-T43
U01963,56893,56922,represented_with_review_flags,english-01751-02000.jsonl,N-087
U01964,56922,56950,represented_with_review_flags,english-01751-02000.jsonl,N-087
U01965,56950,56975,represented_with_review_flags,english-01751-02000.jsonl,N-087
U01966,56975,57006,represented_with_review_flags,english-01751-02000.jsonl,N-087
U01967,57006,57035,represented_with_review_flags,english-01751-02000.jsonl,N-087
U01968,57035,57051,represented_draft,english-01751-02000.jsonl,
U01969,57051,57080,represented_with_review_flags,english-01751-02000.jsonl,N-088
U01970,57080,57113,represented_with_review_flags,english-01751-02000.jsonl,N-088
U01971,57113,57141,represented_with_review_flags,english-01751-02000.jsonl,N-088
U01972,57141,57169,represented_with_review_flags,english-01751-02000.jsonl,N-088
U01973,57169,57198,represented_with_review_flags,english-01751-02000.jsonl,N-088
U01974,57198,57225,represented_with_review_flags,english-01751-02000.jsonl,N-088
U01975,57225,57252,represented_with_review_flags,english-01751-02000.jsonl,N-088
U01976,57252,57284,represented_with_review_flags,english-01751-02000.jsonl,N-088
U01977,57284,57310,represented_with_review_flags,english-01751-02000.jsonl,N-088
U01978,57310,57339,represented_with_review_flags,english-01751-02000.jsonl,N-088
U01979,57339,57366,represented_with_review_flags,english-01751-02000.jsonl,N-088
U01980,57366,57396,represented_with_review_flags,english-01751-02000.jsonl,N-088
U01981,57396,57427,represented_with_review_flags,english-01751-02000.jsonl,N-088
U01982,57427,57461,represented_with_review_flags,english-01751-02000.jsonl,N-088
U01983,57461,57493,represented_with_review_flags,english-01751-02000.jsonl,N-088
U01984,57493,57524,represented_with_review_flags,english-01751-02000.jsonl,N-088
U01985,57524,57550,represented_with_review_flags,english-01751-02000.jsonl,N-088
U01986,57550,57582,represented_with_review_flags,english-01751-02000.jsonl,N-088
U01987,57582,57611,represented_with_review_flags,english-01751-02000.jsonl,N-088
U01988,57611,57644,represented_with_review_flags,english-01751-02000.jsonl,N-088
U01989,57644,57677,represented_with_review_flags,english-01751-02000.jsonl,N-088
U01990,57677,57704,represented_with_review_flags,english-01751-02000.jsonl,N-088
U01991,57704,57733,represented_with_review_flags,english-01751-02000.jsonl,N-088
U01992,57733,57764,represented_with_review_flags,english-01751-02000.jsonl,N-088
U01993,57764,57793,represented_with_review_flags,english-01751-02000.jsonl,N-088
U01994,57793,57824,represented_with_review_flags,english-01751-02000.jsonl,N-088
U01995,57824,57851,represented_with_review_flags,english-01751-02000.jsonl,N-088
U01996,57851,57877,represented_with_review_flags,english-01751-02000.jsonl,N-088
U01997,57877,57910,represented_with_review_flags,english-01751-02000.jsonl,N-088;N-T37
U01998,57910,57941,represented_with_review_flags,english-01751-02000.jsonl,N-088
U01999,57941,57963,represented_draft,english-01751-02000.jsonl,
U02000,57963,57995,represented_with_review_flags,english-01751-02000.jsonl,N-089;N-090;N-T38
U02001,57995,58027,represented_with_review_flags,english-02001-02250.jsonl,N-090
U02002,58027,58052,represented_with_review_flags,english-02001-02250.jsonl,N-090
U02003,58052,58080,represented_with_review_flags,english-02001-02250.jsonl,N-090
U02004,58080,58106,represented_with_review_flags,english-02001-02250.jsonl,N-090
U02005,58106,58133,represented_with_review_flags,english-02001-02250.jsonl,N-090
U02006,58133,58163,represented_with_review_flags,english-02001-02250.jsonl,N-090
U02007,58163,58194,represented_with_review_flags,english-02001-02250.jsonl,N-090
U02008,58194,58223,represented_with_review_flags,english-02001-02250.jsonl,N-090
U02009,58223,58250,represented_with_review_flags,english-02001-02250.jsonl,N-090
U02010,58250,58276,represented_with_review_flags,english-02001-02250.jsonl,N-090
U02011,58276,58301,represented_with_review_flags,english-02001-02250.jsonl,N-090
U02012,58301,58328,represented_with_review_flags,english-02001-02250.jsonl,N-090
U02013,58328,58355,represented_with_review_flags,english-02001-02250.jsonl,N-090
U02014,58355,58387,represented_with_review_flags,english-02001-02250.jsonl,N-090
U02015,58387,58415,represented_with_review_flags,english-02001-02250.jsonl,N-090
U02016,58415,58441,represented_with_review_flags,english-02001-02250.jsonl,N-090
U02017,58441,58468,represented_with_review_flags,english-02001-02250.jsonl,N-090
U02018,58468,58500,represented_with_review_flags,english-02001-02250.jsonl,N-090
U02019,58500,58526,represented_with_review_flags,english-02001-02250.jsonl,N-090
U02020,58526,58558,represented_with_review_flags,english-02001-02250.jsonl,N-090
U02021,58558,58576,represented_draft,english-02001-02250.jsonl,
U02022,58576,58602,represented_with_review_flags,english-02001-02250.jsonl,N-091
U02023,58602,58633,represented_with_review_flags,english-02001-02250.jsonl,N-091;N-T40
U02024,58633,58660,represented_with_review_flags,english-02001-02250.jsonl,N-091
U02025,58660,58684,represented_with_review_flags,english-02001-02250.jsonl,N-091
U02026,58684,58714,represented_with_review_flags,english-02001-02250.jsonl,N-091;N-T40
U02027,58714,58743,represented_with_review_flags,english-02001-02250.jsonl,N-091
U02028,58743,58772,represented_with_review_flags,english-02001-02250.jsonl,N-091
U02029,58772,58794,represented_with_review_flags,english-02001-02250.jsonl,N-091
U02030,58794,58823,represented_with_review_flags,english-02001-02250.jsonl,N-091
U02031,58823,58851,represented_with_review_flags,english-02001-02250.jsonl,N-091
U02032,58851,58874,represented_with_review_flags,english-02001-02250.jsonl,N-091
U02033,58874,58903,represented_with_review_flags,english-02001-02250.jsonl,N-091
U02034,58903,58930,represented_with_review_flags,english-02001-02250.jsonl,N-091
U02035,58930,58958,represented_with_review_flags,english-02001-02250.jsonl,N-091
U02036,58958,58982,represented_with_review_flags,english-02001-02250.jsonl,N-091;N-T41
U02037,58982,59013,represented_with_review_flags,english-02001-02250.jsonl,N-091
U02038,59013,59040,represented_with_review_flags,english-02001-02250.jsonl,N-091
U02039,59040,59070,represented_with_review_flags,english-02001-02250.jsonl,N-091
U02040,59070,59097,represented_with_review_flags,english-02001-02250.jsonl,N-091;N-T42
U02041,59097,59124,represented_with_review_flags,english-02001-02250.jsonl,N-091
U02042,59124,59149,represented_with_review_flags,english-02001-02250.jsonl,N-091
U02043,59149,59182,represented_with_review_flags,english-02001-02250.jsonl,N-091
U02044,59182,59209,represented_with_review_flags,english-02001-02250.jsonl,N-091
U02045,59209,59233,represented_with_review_flags,english-02001-02250.jsonl,N-091
U02046,59233,59252,represented_draft,english-02001-02250.jsonl,
U02047,59252,59281,represented_with_review_flags,english-02001-02250.jsonl,N-092
U02048,59281,59312,represented_with_review_flags,english-02001-02250.jsonl,N-092
U02049,59312,59338,represented_with_review_flags,english-02001-02250.jsonl,N-092
U02050,59338,59365,represented_with_review_flags,english-02001-02250.jsonl,N-092;N-T39
U02051,59365,59392,represented_with_review_flags,english-02001-02250.jsonl,N-092
U02052,59392,59419,represented_with_review_flags,english-02001-02250.jsonl,N-092
U02053,59419,59450,represented_with_review_flags,english-02001-02250.jsonl,N-092
U02054,59450,59482,represented_with_review_flags,english-02001-02250.jsonl,N-092
U02055,59482,59512,represented_with_review_flags,english-02001-02250.jsonl,N-092
U02056,59512,59541,represented_with_review_flags,english-02001-02250.jsonl,N-092
U02057,59541,59575,represented_with_review_flags,english-02001-02250.jsonl,N-092
U02058,59575,59604,represented_with_review_flags,english-02001-02250.jsonl,N-092
U02059,59604,59633,represented_with_review_flags,english-02001-02250.jsonl,N-092
U02060,59633,59665,represented_with_review_flags,english-02001-02250.jsonl,N-092
U02061,59665,59692,represented_with_review_flags,english-02001-02250.jsonl,N-092
U02062,59692,59720,represented_with_review_flags,english-02001-02250.jsonl,N-092
U02063,59720,59753,represented_with_review_flags,english-02001-02250.jsonl,N-092
U02064,59753,59786,represented_with_review_flags,english-02001-02250.jsonl,N-092
U02065,59786,59819,represented_with_review_flags,english-02001-02250.jsonl,N-092
U02066,59819,59844,represented_with_review_flags,english-02001-02250.jsonl,N-092
U02067,59844,59878,represented_with_review_flags,english-02001-02250.jsonl,N-092
U02068,59878,59910,represented_with_review_flags,english-02001-02250.jsonl,N-092
U02069,59910,59939,represented_with_review_flags,english-02001-02250.jsonl,N-092
U02070,59939,59966,represented_with_review_flags,english-02001-02250.jsonl,N-092
U02071,59966,59996,represented_with_review_flags,english-02001-02250.jsonl,N-092
U02072,59996,60024,represented_with_review_flags,english-02001-02250.jsonl,N-092
U02073,60024,60049,represented_with_review_flags,english-02001-02250.jsonl,N-092
U02074,60049,60081,represented_with_review_flags,english-02001-02250.jsonl,N-092
U02075,60081,60112,represented_with_review_flags,english-02001-02250.jsonl,N-092
U02076,60112,60144,represented_with_review_flags,english-02001-02250.jsonl,N-092
U02077,60144,60175,represented_with_review_flags,english-02001-02250.jsonl,N-092
U02078,60175,60208,represented_with_review_flags,english-02001-02250.jsonl,N-092
U02079,60208,60233,represented_with_review_flags,english-02001-02250.jsonl,N-092
U02080,60233,60259,represented_with_review_flags,english-02001-02250.jsonl,N-092
U02081,60259,60289,represented_with_review_flags,english-02001-02250.jsonl,N-092
U02082,60289,60318,represented_with_review_flags,english-02001-02250.jsonl,N-092
U02083,60318,60347,represented_with_review_flags,english-02001-02250.jsonl,N-092
U02084,60347,60373,represented_with_review_flags,english-02001-02250.jsonl,N-092
U02085,60373,60403,represented_with_review_flags,english-02001-02250.jsonl,N-092
U02086,60403,60430,represented_with_review_flags,english-02001-02250.jsonl,N-092
U02087,60430,60460,represented_with_review_flags,english-02001-02250.jsonl,N-092
U02088,60460,60487,represented_with_review_flags,english-02001-02250.jsonl,N-092
U02089,60487,60517,represented_with_review_flags,english-02001-02250.jsonl,N-092
U02090,60517,60541,represented_with_review_flags,english-02001-02250.jsonl,N-092
U02091,60541,60569,represented_with_review_flags,english-02001-02250.jsonl,N-092
U02092,60569,60605,represented_with_review_flags,english-02001-02250.jsonl,N-092
U02093,60605,60635,represented_with_review_flags,english-02001-02250.jsonl,N-092
U02094,60635,60663,represented_with_review_flags,english-02001-02250.jsonl,N-092
U02095,60663,60690,represented_with_review_flags,english-02001-02250.jsonl,N-092
U02096,60690,60722,represented_with_review_flags,english-02001-02250.jsonl,N-092
U02097,60722,60751,represented_with_review_flags,english-02001-02250.jsonl,N-092
U02098,60751,60777,represented_with_review_flags,english-02001-02250.jsonl,N-092
U02099,60777,60806,represented_with_review_flags,english-02001-02250.jsonl,N-092
U02100,60806,60833,represented_with_review_flags,english-02001-02250.jsonl,N-092
U02101,60833,60864,represented_with_review_flags,english-02001-02250.jsonl,N-092
U02102,60864,60893,represented_with_review_flags,english-02001-02250.jsonl,N-092
U02103,60893,60924,represented_with_review_flags,english-02001-02250.jsonl,N-092
U02104,60924,60953,represented_with_review_flags,english-02001-02250.jsonl,N-092
U02105,60953,60981,represented_with_review_flags,english-02001-02250.jsonl,N-093;N-T39
U02106,60981,61012,represented_with_review_flags,english-02001-02250.jsonl,N-093
U02107,61012,61045,represented_with_review_flags,english-02001-02250.jsonl,N-093
U02108,61045,61073,represented_with_review_flags,english-02001-02250.jsonl,N-093
U02109,61073,61099,represented_with_review_flags,english-02001-02250.jsonl,N-093
U02110,61099,61126,represented_with_review_flags,english-02001-02250.jsonl,N-093
U02111,61126,61159,represented_with_review_flags,english-02001-02250.jsonl,N-093
U02112,61159,61184,represented_with_review_flags,english-02001-02250.jsonl,N-093
U02113,61184,61210,represented_with_review_flags,english-02001-02250.jsonl,N-093
U02114,61210,61236,represented_with_review_flags,english-02001-02250.jsonl,N-093
U02115,61236,61273,represented_with_review_flags,english-02001-02250.jsonl,N-093
U02116,61273,61303,represented_with_review_flags,english-02001-02250.jsonl,N-093
U02117,61303,61334,represented_with_review_flags,english-02001-02250.jsonl,N-093
U02118,61334,61360,represented_with_review_flags,english-02001-02250.jsonl,N-093
U02119,61360,61391,represented_with_review_flags,english-02001-02250.jsonl,N-093
U02120,61391,61421,represented_with_review_flags,english-02001-02250.jsonl,N-093
U02121,61421,61449,represented_with_review_flags,english-02001-02250.jsonl,N-093
U02122,61449,61477,represented_with_review_flags,english-02001-02250.jsonl,N-093
U02123,61477,61505,represented_with_review_flags,english-02001-02250.jsonl,N-093
U02124,61505,61532,represented_with_review_flags,english-02001-02250.jsonl,N-093;N-T50
U02125,61532,61560,represented_with_review_flags,english-02001-02250.jsonl,N-093
U02126,61560,61592,represented_with_review_flags,english-02001-02250.jsonl,N-093
U02127,61592,61618,represented_with_review_flags,english-02001-02250.jsonl,N-093
U02128,61618,61648,represented_with_review_flags,english-02001-02250.jsonl,N-093
U02129,61648,61688,represented_with_review_flags,english-02001-02250.jsonl,N-093
U02130,61688,61716,represented_with_review_flags,english-02001-02250.jsonl,N-093
U02131,61716,61748,represented_with_review_flags,english-02001-02250.jsonl,N-093;N-T45
U02132,61748,61777,represented_with_review_flags,english-02001-02250.jsonl,N-093
U02133,61777,61812,represented_with_review_flags,english-02001-02250.jsonl,N-093
U02134,61812,61845,represented_with_review_flags,english-02001-02250.jsonl,N-093
U02135,61845,61874,represented_with_review_flags,english-02001-02250.jsonl,N-093
U02136,61874,61908,represented_with_review_flags,english-02001-02250.jsonl,N-093
U02137,61908,61940,represented_with_review_flags,english-02001-02250.jsonl,N-093
U02138,61940,61971,represented_with_review_flags,english-02001-02250.jsonl,N-093
U02139,61971,61994,represented_with_review_flags,english-02001-02250.jsonl,N-093
U02140,61994,62023,represented_with_review_flags,english-02001-02250.jsonl,N-093
U02141,62023,62050,represented_with_review_flags,english-02001-02250.jsonl,N-093
U02142,62050,62067,represented_draft,english-02001-02250.jsonl,
U02143,62067,62097,represented_with_review_flags,english-02001-02250.jsonl,N-094
U02144,62097,62124,represented_with_review_flags,english-02001-02250.jsonl,N-094
U02145,62124,62156,represented_with_review_flags,english-02001-02250.jsonl,N-094
U02146,62156,62184,represented_with_review_flags,english-02001-02250.jsonl,N-094
U02147,62184,62213,represented_with_review_flags,english-02001-02250.jsonl,N-094
U02148,62213,62241,represented_with_review_flags,english-02001-02250.jsonl,N-094
U02149,62241,62267,represented_with_review_flags,english-02001-02250.jsonl,N-094
U02150,62267,62294,represented_with_review_flags,english-02001-02250.jsonl,N-094
U02151,62294,62324,represented_with_review_flags,english-02001-02250.jsonl,N-094
U02152,62324,62356,represented_with_review_flags,english-02001-02250.jsonl,N-094
U02153,62356,62385,represented_with_review_flags,english-02001-02250.jsonl,N-094
U02154,62385,62411,represented_with_review_flags,english-02001-02250.jsonl,N-094
U02155,62411,62444,represented_with_review_flags,english-02001-02250.jsonl,N-094
U02156,62444,62474,represented_with_review_flags,english-02001-02250.jsonl,N-094
U02157,62474,62504,represented_with_review_flags,english-02001-02250.jsonl,N-094
U02158,62504,62530,represented_with_review_flags,english-02001-02250.jsonl,N-094
U02159,62530,62560,represented_with_review_flags,english-02001-02250.jsonl,N-094
U02160,62560,62585,represented_with_review_flags,english-02001-02250.jsonl,N-094
U02161,62585,62616,represented_with_review_flags,english-02001-02250.jsonl,N-094
U02162,62616,62633,represented_draft,english-02001-02250.jsonl,
U02163,62633,62660,represented_with_review_flags,english-02001-02250.jsonl,N-095
U02164,62660,62693,represented_with_review_flags,english-02001-02250.jsonl,N-095
U02165,62693,62722,represented_with_review_flags,english-02001-02250.jsonl,N-095
U02166,62722,62749,represented_with_review_flags,english-02001-02250.jsonl,N-095
U02167,62749,62779,represented_with_review_flags,english-02001-02250.jsonl,N-095
U02168,62779,62815,represented_with_review_flags,english-02001-02250.jsonl,N-095
U02169,62815,62848,represented_with_review_flags,english-02001-02250.jsonl,N-095
U02170,62848,62875,represented_with_review_flags,english-02001-02250.jsonl,N-095
U02171,62875,62912,represented_with_review_flags,english-02001-02250.jsonl,N-095
U02172,62912,62944,represented_with_review_flags,english-02001-02250.jsonl,N-095
U02173,62944,62974,represented_with_review_flags,english-02001-02250.jsonl,N-095
U02174,62974,63007,represented_with_review_flags,english-02001-02250.jsonl,N-095
U02175,63007,63037,represented_with_review_flags,english-02001-02250.jsonl,N-095
U02176,63037,63067,represented_with_review_flags,english-02001-02250.jsonl,N-095;N-T90
U02177,63067,63095,represented_with_review_flags,english-02001-02250.jsonl,N-095
U02178,63095,63128,represented_with_review_flags,english-02001-02250.jsonl,N-095
U02179,63128,63158,represented_with_review_flags,english-02001-02250.jsonl,N-095
U02180,63158,63175,represented_draft,english-02001-02250.jsonl,
U02181,63175,63200,represented_with_review_flags,english-02001-02250.jsonl,N-096
U02182,63200,63233,represented_with_review_flags,english-02001-02250.jsonl,N-096
U02183,63233,63258,represented_with_review_flags,english-02001-02250.jsonl,N-096
U02184,63258,63289,represented_with_review_flags,english-02001-02250.jsonl,N-096
U02185,63289,63320,represented_with_review_flags,english-02001-02250.jsonl,N-096
U02186,63320,63348,represented_with_review_flags,english-02001-02250.jsonl,N-096
U02187,63348,63380,represented_with_review_flags,english-02001-02250.jsonl,N-096
U02188,63380,63414,represented_with_review_flags,english-02001-02250.jsonl,N-096
U02189,63414,63444,represented_with_review_flags,english-02001-02250.jsonl,N-096
U02190,63444,63479,represented_with_review_flags,english-02001-02250.jsonl,N-096
U02191,63479,63507,represented_with_review_flags,english-02001-02250.jsonl,N-096
U02192,63507,63540,represented_with_review_flags,english-02001-02250.jsonl,N-096
U02193,63540,63557,represented_draft,english-02001-02250.jsonl,
U02194,63557,63585,represented_with_review_flags,english-02001-02250.jsonl,N-097;N-T43
U02195,63585,63612,represented_with_review_flags,english-02001-02250.jsonl,N-097
U02196,63612,63640,represented_with_review_flags,english-02001-02250.jsonl,N-097;N-T43
U02197,63640,63673,represented_with_review_flags,english-02001-02250.jsonl,N-097
U02198,63673,63706,represented_with_review_flags,english-02001-02250.jsonl,N-097;N-T45
U02199,63706,63729,represented_with_review_flags,english-02001-02250.jsonl,N-097;N-T43
U02200,63729,63754,represented_with_review_flags,english-02001-02250.jsonl,N-097
U02201,63754,63782,represented_with_review_flags,english-02001-02250.jsonl,N-097
U02202,63782,63819,represented_with_review_flags,english-02001-02250.jsonl,N-097
U02203,63819,63847,represented_with_review_flags,english-02001-02250.jsonl,N-097
U02204,63847,63880,represented_with_review_flags,english-02001-02250.jsonl,N-097;N-T43
U02205,63880,63905,represented_with_review_flags,english-02001-02250.jsonl,N-097
U02206,63905,63933,represented_with_review_flags,english-02001-02250.jsonl,N-097
U02207,63933,63966,represented_with_review_flags,english-02001-02250.jsonl,N-097
U02208,63966,63993,represented_with_review_flags,english-02001-02250.jsonl,N-097;N-T43
U02209,63993,64019,represented_with_review_flags,english-02001-02250.jsonl,N-097
U02210,64019,64049,represented_with_review_flags,english-02001-02250.jsonl,N-097
U02211,64049,64076,represented_with_review_flags,english-02001-02250.jsonl,N-097
U02212,64076,64103,represented_with_review_flags,english-02001-02250.jsonl,N-097
U02213,64103,64130,represented_with_review_flags,english-02001-02250.jsonl,N-097;N-T43
U02214,64130,64163,represented_with_review_flags,english-02001-02250.jsonl,N-097
U02215,64163,64180,represented_draft,english-02001-02250.jsonl,
U02216,64180,64210,represented_with_review_flags,english-02001-02250.jsonl,N-098
U02217,64210,64241,represented_with_review_flags,english-02001-02250.jsonl,N-098
U02218,64241,64269,represented_with_review_flags,english-02001-02250.jsonl,N-098
U02219,64269,64301,represented_with_review_flags,english-02001-02250.jsonl,N-098
U02220,64301,64329,represented_with_review_flags,english-02001-02250.jsonl,N-098
U02221,64329,64358,represented_with_review_flags,english-02001-02250.jsonl,N-098
U02222,64358,64387,represented_with_review_flags,english-02001-02250.jsonl,N-098
U02223,64387,64416,represented_with_review_flags,english-02001-02250.jsonl,N-098
U02224,64416,64442,represented_with_review_flags,english-02001-02250.jsonl,N-098
U02225,64442,64491,represented_with_review_flags,english-02001-02250.jsonl,N-098
U02226,64491,64524,represented_with_review_flags,english-02001-02250.jsonl,N-098
U02227,64524,64555,represented_with_review_flags,english-02001-02250.jsonl,N-098
U02228,64555,64584,represented_with_review_flags,english-02001-02250.jsonl,N-098
U02229,64584,64612,represented_with_review_flags,english-02001-02250.jsonl,N-098
U02230,64612,64641,represented_with_review_flags,english-02001-02250.jsonl,N-098
U02231,64641,64669,represented_with_review_flags,english-02001-02250.jsonl,N-098
U02232,64669,64701,represented_with_review_flags,english-02001-02250.jsonl,N-098
U02233,64701,64734,represented_with_review_flags,english-02001-02250.jsonl,N-098
U02234,64734,64762,represented_with_review_flags,english-02001-02250.jsonl,N-098
U02235,64762,64787,represented_with_review_flags,english-02001-02250.jsonl,N-098
U02236,64787,64815,represented_with_review_flags,english-02001-02250.jsonl,N-098
U02237,64815,64847,represented_with_review_flags,english-02001-02250.jsonl,N-098
U02238,64847,64876,represented_with_review_flags,english-02001-02250.jsonl,N-098
U02239,64876,64908,represented_with_review_flags,english-02001-02250.jsonl,N-098
U02240,64908,64942,represented_with_review_flags,english-02001-02250.jsonl,N-098
U02241,64942,64958,represented_draft,english-02001-02250.jsonl,
U02242,64958,64984,represented_with_review_flags,english-02001-02250.jsonl,N-099;N-T44
U02243,64984,65018,represented_with_review_flags,english-02001-02250.jsonl,N-099
U02244,65018,65046,represented_with_review_flags,english-02001-02250.jsonl,N-099
U02245,65046,65075,represented_with_review_flags,english-02001-02250.jsonl,N-099
U02246,65075,65103,represented_with_review_flags,english-02001-02250.jsonl,N-099
U02247,65103,65131,represented_with_review_flags,english-02001-02250.jsonl,N-099
U02248,65131,65157,represented_with_review_flags,english-02001-02250.jsonl,N-099
U02249,65157,65186,represented_with_review_flags,english-02001-02250.jsonl,N-099
U02250,65186,65201,represented_draft,english-02001-02250.jsonl,
U02251,65201,65228,represented_with_review_flags,english-02251-02500.jsonl,N-100
U02252,65228,65254,represented_with_review_flags,english-02251-02500.jsonl,N-100
U02253,65254,65281,represented_with_review_flags,english-02251-02500.jsonl,N-100
U02254,65281,65306,represented_with_review_flags,english-02251-02500.jsonl,N-100
U02255,65306,65332,represented_with_review_flags,english-02251-02500.jsonl,N-100
U02256,65332,65357,represented_with_review_flags,english-02251-02500.jsonl,N-100
U02257,65357,65383,represented_with_review_flags,english-02251-02500.jsonl,N-100
U02258,65383,65411,represented_with_review_flags,english-02251-02500.jsonl,N-100
U02259,65411,65442,represented_with_review_flags,english-02251-02500.jsonl,N-100
U02260,65442,65469,represented_with_review_flags,english-02251-02500.jsonl,N-100
U02261,65469,65497,represented_with_review_flags,english-02251-02500.jsonl,N-100
U02262,65497,65525,represented_with_review_flags,english-02251-02500.jsonl,N-100
U02263,65525,65558,represented_with_review_flags,english-02251-02500.jsonl,N-100
U02264,65558,65585,represented_with_review_flags,english-02251-02500.jsonl,N-100
U02265,65585,65613,represented_with_review_flags,english-02251-02500.jsonl,N-100
U02266,65613,65641,represented_with_review_flags,english-02251-02500.jsonl,N-100
U02267,65641,65672,represented_with_review_flags,english-02251-02500.jsonl,N-100
U02268,65672,65700,represented_with_review_flags,english-02251-02500.jsonl,N-100
U02269,65700,65731,represented_with_review_flags,english-02251-02500.jsonl,N-100
U02270,65731,65757,represented_with_review_flags,english-02251-02500.jsonl,N-100
U02271,65757,65780,represented_with_review_flags,english-02251-02500.jsonl,N-100
U02272,65780,65809,represented_with_review_flags,english-02251-02500.jsonl,N-100
U02273,65809,65847,represented_with_review_flags,english-02251-02500.jsonl,N-100
U02274,65847,65874,represented_with_review_flags,english-02251-02500.jsonl,N-100
U02275,65874,65901,represented_with_review_flags,english-02251-02500.jsonl,N-100
U02276,65901,65931,represented_with_review_flags,english-02251-02500.jsonl,N-100
U02277,65931,65963,represented_with_review_flags,english-02251-02500.jsonl,N-100
U02278,65963,65991,represented_with_review_flags,english-02251-02500.jsonl,N-100
U02279,65991,66021,represented_with_review_flags,english-02251-02500.jsonl,N-100
U02280,66021,66055,represented_with_review_flags,english-02251-02500.jsonl,N-100
U02281,66055,66085,represented_with_review_flags,english-02251-02500.jsonl,N-100
U02282,66085,66109,represented_with_review_flags,english-02251-02500.jsonl,N-100
U02283,66109,66140,represented_with_review_flags,english-02251-02500.jsonl,N-100
U02284,66140,66165,represented_with_review_flags,english-02251-02500.jsonl,N-100
U02285,66165,66196,represented_with_review_flags,english-02251-02500.jsonl,N-100;N-T47
U02286,66196,66223,represented_with_review_flags,english-02251-02500.jsonl,N-100
U02287,66223,66253,represented_with_review_flags,english-02251-02500.jsonl,N-100
U02288,66253,66284,represented_with_review_flags,english-02251-02500.jsonl,N-100
U02289,66284,66307,represented_with_review_flags,english-02251-02500.jsonl,N-100
U02290,66307,66337,represented_with_review_flags,english-02251-02500.jsonl,N-100
U02291,66337,66364,represented_with_review_flags,english-02251-02500.jsonl,N-100
U02292,66364,66393,represented_with_review_flags,english-02251-02500.jsonl,N-100;N-T46
U02293,66393,66421,represented_with_review_flags,english-02251-02500.jsonl,N-100;N-T49
U02294,66421,66445,represented_with_review_flags,english-02251-02500.jsonl,N-100
U02295,66445,66477,represented_with_review_flags,english-02251-02500.jsonl,N-100
U02296,66477,66509,represented_with_review_flags,english-02251-02500.jsonl,N-100
U02297,66509,66540,represented_with_review_flags,english-02251-02500.jsonl,N-100
U02298,66540,66570,represented_with_review_flags,english-02251-02500.jsonl,N-100
U02299,66570,66587,represented_draft,english-02251-02500.jsonl,
U02300,66587,66616,represented_with_review_flags,english-02251-02500.jsonl,N-101
U02301,66616,66650,represented_with_review_flags,english-02251-02500.jsonl,N-101
U02302,66650,66678,represented_with_review_flags,english-02251-02500.jsonl,N-101;N-T50
U02303,66678,66711,represented_with_review_flags,english-02251-02500.jsonl,N-101
U02304,66711,66744,represented_with_review_flags,english-02251-02500.jsonl,N-101
U02305,66744,66774,represented_with_review_flags,english-02251-02500.jsonl,N-101
U02306,66774,66802,represented_with_review_flags,english-02251-02500.jsonl,N-101
U02307,66802,66834,represented_with_review_flags,english-02251-02500.jsonl,N-101
U02308,66834,66861,represented_with_review_flags,english-02251-02500.jsonl,N-101;N-T51
U02309,66861,66897,represented_with_review_flags,english-02251-02500.jsonl,N-101
U02310,66897,66925,represented_with_review_flags,english-02251-02500.jsonl,N-101
U02311,66925,66951,represented_with_review_flags,english-02251-02500.jsonl,N-101
U02312,66951,66983,represented_with_review_flags,english-02251-02500.jsonl,N-101
U02313,66983,67013,represented_with_review_flags,english-02251-02500.jsonl,N-101
U02314,67013,67043,represented_with_review_flags,english-02251-02500.jsonl,N-101
U02315,67043,67073,represented_with_review_flags,english-02251-02500.jsonl,N-101
U02316,67073,67099,represented_with_review_flags,english-02251-02500.jsonl,N-101
U02317,67099,67128,represented_with_review_flags,english-02251-02500.jsonl,N-101;N-T52
U02318,67128,67146,represented_with_review_flags,english-02251-02500.jsonl,N-101
U02319,67146,67178,represented_with_review_flags,english-02251-02500.jsonl,N-102
U02320,67178,67207,represented_with_review_flags,english-02251-02500.jsonl,N-102
U02321,67207,67234,represented_with_review_flags,english-02251-02500.jsonl,N-102
U02322,67234,67259,represented_with_review_flags,english-02251-02500.jsonl,N-102
U02323,67259,67288,represented_with_review_flags,english-02251-02500.jsonl,N-102
U02324,67288,67316,represented_with_review_flags,english-02251-02500.jsonl,N-102;N-T46
U02325,67316,67346,represented_with_review_flags,english-02251-02500.jsonl,N-102
U02326,67346,67370,represented_with_review_flags,english-02251-02500.jsonl,N-102
U02327,67370,67386,represented_draft,english-02251-02500.jsonl,
U02328,67386,67416,represented_with_review_flags,english-02251-02500.jsonl,N-103
U02329,67416,67448,represented_with_review_flags,english-02251-02500.jsonl,N-103
U02330,67448,67475,represented_with_review_flags,english-02251-02500.jsonl,N-103
U02331,67475,67501,represented_with_review_flags,english-02251-02500.jsonl,N-103
U02332,67501,67535,represented_with_review_flags,english-02251-02500.jsonl,N-103
U02333,67535,67561,represented_with_review_flags,english-02251-02500.jsonl,N-103
U02334,67561,67593,represented_with_review_flags,english-02251-02500.jsonl,N-103
U02335,67593,67621,represented_with_review_flags,english-02251-02500.jsonl,N-103;N-T49
U02336,67621,67648,represented_with_review_flags,english-02251-02500.jsonl,N-103
U02337,67648,67680,represented_with_review_flags,english-02251-02500.jsonl,N-103
U02338,67680,67710,represented_with_review_flags,english-02251-02500.jsonl,N-103
U02339,67710,67738,represented_with_review_flags,english-02251-02500.jsonl,N-103
U02340,67738,67768,represented_with_review_flags,english-02251-02500.jsonl,N-103
U02341,67768,67795,represented_with_review_flags,english-02251-02500.jsonl,N-103
U02342,67795,67824,represented_with_review_flags,english-02251-02500.jsonl,N-103;N-T54
U02343,67824,67856,represented_with_review_flags,english-02251-02500.jsonl,N-103;N-T53
U02344,67856,67886,represented_with_review_flags,english-02251-02500.jsonl,N-103;N-T54
U02345,67886,67916,represented_with_review_flags,english-02251-02500.jsonl,N-103
U02346,67916,67941,represented_with_review_flags,english-02251-02500.jsonl,N-103;N-T54
U02347,67941,67973,represented_with_review_flags,english-02251-02500.jsonl,N-103
U02348,67973,68000,represented_with_review_flags,english-02251-02500.jsonl,N-103
U02349,68000,68033,represented_with_review_flags,english-02251-02500.jsonl,N-103
U02350,68033,68063,represented_with_review_flags,english-02251-02500.jsonl,N-103
U02351,68063,68091,represented_with_review_flags,english-02251-02500.jsonl,N-103
U02352,68091,68117,represented_with_review_flags,english-02251-02500.jsonl,N-103
U02353,68117,68147,represented_with_review_flags,english-02251-02500.jsonl,N-103
U02354,68147,68176,represented_with_review_flags,english-02251-02500.jsonl,N-103
U02355,68176,68205,represented_with_review_flags,english-02251-02500.jsonl,N-103
U02356,68205,68235,represented_with_review_flags,english-02251-02500.jsonl,N-103
U02357,68235,68262,represented_with_review_flags,english-02251-02500.jsonl,N-103
U02358,68262,68284,represented_draft,english-02251-02500.jsonl,
U02359,68284,68306,represented_with_review_flags,english-02251-02500.jsonl,N-104
U02360,68306,68332,represented_with_review_flags,english-02251-02500.jsonl,N-104;N-T47
U02361,68332,68362,represented_with_review_flags,english-02251-02500.jsonl,N-104
U02362,68362,68391,represented_with_review_flags,english-02251-02500.jsonl,N-104
U02363,68391,68418,represented_with_review_flags,english-02251-02500.jsonl,N-104;N-T47
U02364,68418,68444,represented_with_review_flags,english-02251-02500.jsonl,N-104
U02365,68444,68472,represented_with_review_flags,english-02251-02500.jsonl,N-104
U02366,68472,68506,represented_with_review_flags,english-02251-02500.jsonl,N-104
U02367,68506,68534,represented_with_review_flags,english-02251-02500.jsonl,N-104
U02368,68534,68564,represented_with_review_flags,english-02251-02500.jsonl,N-104
U02369,68564,68598,represented_with_review_flags,english-02251-02500.jsonl,N-104;N-T48
U02370,68598,68633,represented_with_review_flags,english-02251-02500.jsonl,N-104
U02371,68633,68668,represented_with_review_flags,english-02251-02500.jsonl,N-104
U02372,68668,68696,represented_with_review_flags,english-02251-02500.jsonl,N-104
U02373,68696,68727,represented_with_review_flags,english-02251-02500.jsonl,N-104
U02374,68727,68753,represented_with_review_flags,english-02251-02500.jsonl,N-104
U02375,68753,68785,represented_with_review_flags,english-02251-02500.jsonl,N-104
U02376,68785,68812,represented_with_review_flags,english-02251-02500.jsonl,N-104
U02377,68812,68843,represented_with_review_flags,english-02251-02500.jsonl,N-104
U02378,68843,68875,represented_with_review_flags,english-02251-02500.jsonl,N-104
U02379,68875,68901,represented_with_review_flags,english-02251-02500.jsonl,N-104
U02380,68901,68931,represented_with_review_flags,english-02251-02500.jsonl,N-104
U02381,68931,68961,represented_with_review_flags,english-02251-02500.jsonl,N-104
U02382,68961,68990,represented_with_review_flags,english-02251-02500.jsonl,N-104
U02383,68990,69020,represented_with_review_flags,english-02251-02500.jsonl,N-104
U02384,69020,69048,represented_with_review_flags,english-02251-02500.jsonl,N-104
U02385,69048,69080,represented_with_review_flags,english-02251-02500.jsonl,N-104;N-T48
U02386,69080,69108,represented_with_review_flags,english-02251-02500.jsonl,N-104
U02387,69108,69142,represented_with_review_flags,english-02251-02500.jsonl,N-104
U02388,69142,69169,represented_with_review_flags,english-02251-02500.jsonl,N-104
U02389,69169,69200,represented_with_review_flags,english-02251-02500.jsonl,N-104
U02390,69200,69226,represented_with_review_flags,english-02251-02500.jsonl,N-104
U02391,69226,69262,represented_with_review_flags,english-02251-02500.jsonl,N-104;N-T48
U02392,69262,69290,represented_with_review_flags,english-02251-02500.jsonl,N-104
U02393,69290,69317,represented_with_review_flags,english-02251-02500.jsonl,N-104
U02394,69317,69345,represented_with_review_flags,english-02251-02500.jsonl,N-104
U02395,69345,69372,represented_with_review_flags,english-02251-02500.jsonl,N-104;N-T48
U02396,69372,69403,represented_with_review_flags,english-02251-02500.jsonl,N-104
U02397,69403,69432,represented_with_review_flags,english-02251-02500.jsonl,N-104
U02398,69432,69461,represented_with_review_flags,english-02251-02500.jsonl,N-104
U02399,69461,69490,represented_with_review_flags,english-02251-02500.jsonl,N-104
U02400,69490,69521,represented_with_review_flags,english-02251-02500.jsonl,N-104
U02401,69521,69550,represented_with_review_flags,english-02251-02500.jsonl,N-104
U02402,69550,69568,represented_draft,english-02251-02500.jsonl,
U02403,69568,69594,represented_with_review_flags,english-02251-02500.jsonl,N-105
U02404,69594,69626,represented_with_review_flags,english-02251-02500.jsonl,N-105
U02405,69626,69658,represented_with_review_flags,english-02251-02500.jsonl,N-105
U02406,69658,69689,represented_with_review_flags,english-02251-02500.jsonl,N-105
U02407,69689,69723,represented_with_review_flags,english-02251-02500.jsonl,N-105
U02408,69723,69746,represented_with_review_flags,english-02251-02500.jsonl,N-105
U02409,69746,69777,represented_with_review_flags,english-02251-02500.jsonl,N-105
U02410,69777,69804,represented_with_review_flags,english-02251-02500.jsonl,N-105
U02411,69804,69835,represented_with_review_flags,english-02251-02500.jsonl,N-105
U02412,69835,69864,represented_with_review_flags,english-02251-02500.jsonl,N-105
U02413,69864,69882,represented_draft,english-02251-02500.jsonl,
U02414,69882,69914,represented_with_review_flags,english-02251-02500.jsonl,N-105
U02415,69914,69940,represented_with_review_flags,english-02251-02500.jsonl,N-105
U02416,69940,69969,represented_with_review_flags,english-02251-02500.jsonl,N-105
U02417,69969,69995,represented_with_review_flags,english-02251-02500.jsonl,N-105
U02418,69995,70025,represented_with_review_flags,english-02251-02500.jsonl,N-105
U02419,70025,70057,represented_with_review_flags,english-02251-02500.jsonl,N-105
U02420,70057,70089,represented_with_review_flags,english-02251-02500.jsonl,N-105
U02421,70089,70120,represented_with_review_flags,english-02251-02500.jsonl,N-105
U02422,70120,70150,represented_with_review_flags,english-02251-02500.jsonl,N-105
U02423,70150,70180,represented_with_review_flags,english-02251-02500.jsonl,N-105
U02424,70180,70198,represented_draft,english-02251-02500.jsonl,
U02425,70198,70227,represented_with_review_flags,english-02251-02500.jsonl,N-105
U02426,70227,70259,represented_with_review_flags,english-02251-02500.jsonl,N-105
U02427,70259,70285,represented_with_review_flags,english-02251-02500.jsonl,N-105
U02428,70285,70312,represented_with_review_flags,english-02251-02500.jsonl,N-105
U02429,70312,70339,represented_with_review_flags,english-02251-02500.jsonl,N-105
U02430,70339,70363,represented_with_review_flags,english-02251-02500.jsonl,N-105
U02431,70363,70395,represented_with_review_flags,english-02251-02500.jsonl,N-105
U02432,70395,70420,represented_with_review_flags,english-02251-02500.jsonl,N-105
U02433,70420,70446,represented_with_review_flags,english-02251-02500.jsonl,N-105
U02434,70446,70463,represented_draft,english-02251-02500.jsonl,
U02435,70463,70494,represented_with_review_flags,english-02251-02500.jsonl,N-106
U02436,70494,70524,represented_with_review_flags,english-02251-02500.jsonl,N-106
U02437,70524,70555,represented_with_review_flags,english-02251-02500.jsonl,N-106
U02438,70555,70582,represented_with_review_flags,english-02251-02500.jsonl,N-106
U02439,70582,70613,represented_with_review_flags,english-02251-02500.jsonl,N-106
U02440,70613,70640,represented_with_review_flags,english-02251-02500.jsonl,N-106
U02441,70640,70673,represented_with_review_flags,english-02251-02500.jsonl,N-106
U02442,70673,70700,represented_with_review_flags,english-02251-02500.jsonl,N-106
U02443,70700,70729,represented_with_review_flags,english-02251-02500.jsonl,N-106
U02444,70729,70758,represented_with_review_flags,english-02251-02500.jsonl,N-106
U02445,70758,70787,represented_with_review_flags,english-02251-02500.jsonl,N-106;N-T53
U02446,70787,70817,represented_with_review_flags,english-02251-02500.jsonl,N-106
U02447,70817,70846,represented_with_review_flags,english-02251-02500.jsonl,N-106
U02448,70846,70876,represented_with_review_flags,english-02251-02500.jsonl,N-106
U02449,70876,70907,represented_with_review_flags,english-02251-02500.jsonl,N-106
U02450,70907,70938,represented_with_review_flags,english-02251-02500.jsonl,N-106
U02451,70938,70966,represented_with_review_flags,english-02251-02500.jsonl,N-106
U02452,70966,70997,represented_with_review_flags,english-02251-02500.jsonl,N-106
U02453,70997,71024,represented_with_review_flags,english-02251-02500.jsonl,N-106;N-T46
U02454,71024,71051,represented_with_review_flags,english-02251-02500.jsonl,N-106
U02455,71051,71082,represented_with_review_flags,english-02251-02500.jsonl,N-106
U02456,71082,71109,represented_with_review_flags,english-02251-02500.jsonl,N-106
U02457,71109,71136,represented_with_review_flags,english-02251-02500.jsonl,N-106
U02458,71136,71158,represented_with_review_flags,english-02251-02500.jsonl,N-106
U02459,71158,71189,represented_with_review_flags,english-02251-02500.jsonl,N-106
U02460,71189,71223,represented_with_review_flags,english-02251-02500.jsonl,N-106
U02461,71223,71257,represented_with_review_flags,english-02251-02500.jsonl,N-106
U02462,71257,71291,represented_with_review_flags,english-02251-02500.jsonl,N-106
U02463,71291,71307,represented_draft,english-02251-02500.jsonl,
U02464,71307,71339,represented_with_review_flags,english-02251-02500.jsonl,N-107;N-T55
U02465,71339,71370,represented_with_review_flags,english-02251-02500.jsonl,N-107
U02466,71370,71400,represented_with_review_flags,english-02251-02500.jsonl,N-107
U02467,71400,71430,represented_with_review_flags,english-02251-02500.jsonl,N-107
U02468,71430,71461,represented_with_review_flags,english-02251-02500.jsonl,N-107
U02469,71461,71493,represented_with_review_flags,english-02251-02500.jsonl,N-107
U02470,71493,71518,represented_with_review_flags,english-02251-02500.jsonl,N-107
U02471,71518,71544,represented_with_review_flags,english-02251-02500.jsonl,N-107
U02472,71544,71575,represented_with_review_flags,english-02251-02500.jsonl,N-107
U02473,71575,71609,represented_with_review_flags,english-02251-02500.jsonl,N-107
U02474,71609,71637,represented_with_review_flags,english-02251-02500.jsonl,N-107
U02475,71637,71668,represented_with_review_flags,english-02251-02500.jsonl,N-107
U02476,71668,71699,represented_with_review_flags,english-02251-02500.jsonl,N-107
U02477,71699,71731,represented_with_review_flags,english-02251-02500.jsonl,N-107
U02478,71731,71760,represented_with_review_flags,english-02251-02500.jsonl,N-107
U02479,71760,71790,represented_with_review_flags,english-02251-02500.jsonl,N-107
U02480,71790,71819,represented_with_review_flags,english-02251-02500.jsonl,N-107
U02481,71819,71837,represented_draft,english-02251-02500.jsonl,
U02482,71837,71870,represented_with_review_flags,english-02251-02500.jsonl,N-108
U02483,71870,71900,represented_with_review_flags,english-02251-02500.jsonl,N-108;N-T55
U02484,71900,71927,represented_with_review_flags,english-02251-02500.jsonl,N-108
U02485,71927,71952,represented_with_review_flags,english-02251-02500.jsonl,N-108
U02486,71952,71982,represented_with_review_flags,english-02251-02500.jsonl,N-108
U02487,71982,72012,represented_with_review_flags,english-02251-02500.jsonl,N-108
U02488,72012,72042,represented_with_review_flags,english-02251-02500.jsonl,N-108
U02489,72042,72089,represented_with_review_flags,english-02251-02500.jsonl,N-108
U02490,72089,72120,represented_with_review_flags,english-02251-02500.jsonl,N-108
U02491,72120,72148,represented_with_review_flags,english-02251-02500.jsonl,N-108
U02492,72148,72176,represented_with_review_flags,english-02251-02500.jsonl,N-108
U02493,72176,72203,represented_with_review_flags,english-02251-02500.jsonl,N-108;N-T49
U02494,72203,72237,represented_with_review_flags,english-02251-02500.jsonl,N-108
U02495,72237,72262,represented_with_review_flags,english-02251-02500.jsonl,N-108
U02496,72262,72290,represented_with_review_flags,english-02251-02500.jsonl,N-108
U02497,72290,72321,represented_with_review_flags,english-02251-02500.jsonl,N-108
U02498,72321,72346,represented_with_review_flags,english-02251-02500.jsonl,N-108
U02499,72346,72375,represented_with_review_flags,english-02251-02500.jsonl,N-108
U02500,72375,72394,represented_draft,english-02251-02500.jsonl,
U02501,72394,72426,represented_with_review_flags,english-02501-02750.jsonl,N-109
U02502,72426,72455,represented_with_review_flags,english-02501-02750.jsonl,N-109
U02503,72455,72485,represented_with_review_flags,english-02501-02750.jsonl,N-109
U02504,72485,72517,represented_with_review_flags,english-02501-02750.jsonl,N-109
U02505,72517,72548,represented_with_review_flags,english-02501-02750.jsonl,N-109
U02506,72548,72578,represented_with_review_flags,english-02501-02750.jsonl,N-109
U02507,72578,72606,represented_with_review_flags,english-02501-02750.jsonl,N-109
U02508,72606,72637,represented_with_review_flags,english-02501-02750.jsonl,N-109
U02509,72637,72667,represented_with_review_flags,english-02501-02750.jsonl,N-109
U02510,72667,72684,represented_draft,english-02501-02750.jsonl,
U02511,72684,72712,represented_with_review_flags,english-02501-02750.jsonl,N-110
U02512,72712,72740,represented_with_review_flags,english-02501-02750.jsonl,N-110
U02513,72740,72764,represented_with_review_flags,english-02501-02750.jsonl,N-110
U02514,72764,72794,represented_with_review_flags,english-02501-02750.jsonl,N-110
U02515,72794,72820,represented_with_review_flags,english-02501-02750.jsonl,N-110
U02516,72820,72844,represented_with_review_flags,english-02501-02750.jsonl,N-110
U02517,72844,72873,represented_with_review_flags,english-02501-02750.jsonl,N-110
U02518,72873,72902,represented_with_review_flags,english-02501-02750.jsonl,N-110
U02519,72902,72932,represented_with_review_flags,english-02501-02750.jsonl,N-110
U02520,72932,72962,represented_with_review_flags,english-02501-02750.jsonl,N-110
U02521,72962,72994,represented_with_review_flags,english-02501-02750.jsonl,N-110
U02522,72994,73026,represented_with_review_flags,english-02501-02750.jsonl,N-110
U02523,73026,73054,represented_with_review_flags,english-02501-02750.jsonl,N-110
U02524,73054,73092,represented_with_review_flags,english-02501-02750.jsonl,N-110;N-T60
U02525,73092,73119,represented_with_review_flags,english-02501-02750.jsonl,N-110
U02526,73119,73148,represented_with_review_flags,english-02501-02750.jsonl,N-110
U02527,73148,73180,represented_with_review_flags,english-02501-02750.jsonl,N-110
U02528,73180,73210,represented_with_review_flags,english-02501-02750.jsonl,N-110
U02529,73210,73237,represented_with_review_flags,english-02501-02750.jsonl,N-110
U02530,73237,73268,represented_with_review_flags,english-02501-02750.jsonl,N-110
U02531,73268,73299,represented_with_review_flags,english-02501-02750.jsonl,N-110
U02532,73299,73326,represented_with_review_flags,english-02501-02750.jsonl,N-110
U02533,73326,73353,represented_with_review_flags,english-02501-02750.jsonl,N-110
U02534,73353,73381,represented_with_review_flags,english-02501-02750.jsonl,N-110
U02535,73381,73407,represented_with_review_flags,english-02501-02750.jsonl,N-110
U02536,73407,73425,represented_draft,english-02501-02750.jsonl,
U02537,73425,73456,represented_with_review_flags,english-02501-02750.jsonl,N-111
U02538,73456,73487,represented_with_review_flags,english-02501-02750.jsonl,N-111
U02539,73487,73516,represented_with_review_flags,english-02501-02750.jsonl,N-111
U02540,73516,73550,represented_with_review_flags,english-02501-02750.jsonl,N-111
U02541,73550,73580,represented_with_review_flags,english-02501-02750.jsonl,N-111
U02542,73580,73611,represented_with_review_flags,english-02501-02750.jsonl,N-111
U02543,73611,73644,represented_with_review_flags,english-02501-02750.jsonl,N-111
U02544,73644,73674,represented_with_review_flags,english-02501-02750.jsonl,N-111
U02545,73674,73701,represented_with_review_flags,english-02501-02750.jsonl,N-111
U02546,73701,73734,represented_with_review_flags,english-02501-02750.jsonl,N-111
U02547,73734,73753,represented_draft,english-02501-02750.jsonl,
U02548,73753,73786,represented_with_review_flags,english-02501-02750.jsonl,N-112
U02549,73786,73813,represented_with_review_flags,english-02501-02750.jsonl,N-112
U02550,73813,73846,represented_with_review_flags,english-02501-02750.jsonl,N-112
U02551,73846,73868,represented_with_review_flags,english-02501-02750.jsonl,N-112
U02552,73868,73894,represented_with_review_flags,english-02501-02750.jsonl,N-112
U02553,73894,73920,represented_with_review_flags,english-02501-02750.jsonl,N-112
U02554,73920,73955,represented_with_review_flags,english-02501-02750.jsonl,N-112
U02555,73955,73985,represented_with_review_flags,english-02501-02750.jsonl,N-112
U02556,73985,74013,represented_with_review_flags,english-02501-02750.jsonl,N-112
U02557,74013,74040,represented_with_review_flags,english-02501-02750.jsonl,N-112
U02558,74040,74070,represented_with_review_flags,english-02501-02750.jsonl,N-112
U02559,74070,74101,represented_with_review_flags,english-02501-02750.jsonl,N-112
U02560,74101,74129,represented_with_review_flags,english-02501-02750.jsonl,N-112
U02561,74129,74158,represented_with_review_flags,english-02501-02750.jsonl,N-112
U02562,74158,74189,represented_with_review_flags,english-02501-02750.jsonl,N-112
U02563,74189,74208,represented_draft,english-02501-02750.jsonl,
U02564,74208,74233,represented_with_review_flags,english-02501-02750.jsonl,N-113
U02565,74233,74266,represented_with_review_flags,english-02501-02750.jsonl,N-113
U02566,74266,74294,represented_with_review_flags,english-02501-02750.jsonl,N-113
U02567,74294,74325,represented_with_review_flags,english-02501-02750.jsonl,N-113
U02568,74325,74354,represented_with_review_flags,english-02501-02750.jsonl,N-113
U02569,74354,74384,represented_with_review_flags,english-02501-02750.jsonl,N-113
U02570,74384,74420,represented_with_review_flags,english-02501-02750.jsonl,N-113
U02571,74420,74449,represented_with_review_flags,english-02501-02750.jsonl,N-113
U02572,74449,74476,represented_with_review_flags,english-02501-02750.jsonl,N-113
U02573,74476,74507,represented_with_review_flags,english-02501-02750.jsonl,N-113
U02574,74507,74539,represented_with_review_flags,english-02501-02750.jsonl,N-113
U02575,74539,74568,represented_with_review_flags,english-02501-02750.jsonl,N-113
U02576,74568,74591,represented_draft,english-02501-02750.jsonl,
U02577,74591,74620,represented_with_review_flags,english-02501-02750.jsonl,N-113
U02578,74620,74650,represented_with_review_flags,english-02501-02750.jsonl,N-113
U02579,74650,74680,represented_with_review_flags,english-02501-02750.jsonl,N-113
U02580,74680,74713,represented_with_review_flags,english-02501-02750.jsonl,N-113
U02581,74713,74747,represented_with_review_flags,english-02501-02750.jsonl,N-113
U02582,74747,74778,represented_with_review_flags,english-02501-02750.jsonl,N-113
U02583,74778,74807,represented_with_review_flags,english-02501-02750.jsonl,N-113
U02584,74807,74825,represented_draft,english-02501-02750.jsonl,
U02585,74825,74861,represented_with_review_flags,english-02501-02750.jsonl,N-114
U02586,74861,74892,represented_with_review_flags,english-02501-02750.jsonl,N-114
U02587,74892,74925,represented_with_review_flags,english-02501-02750.jsonl,N-114
U02588,74925,74956,represented_with_review_flags,english-02501-02750.jsonl,N-114;N-T78
U02589,74956,74983,represented_with_review_flags,english-02501-02750.jsonl,N-114
U02590,74983,75011,represented_with_review_flags,english-02501-02750.jsonl,N-114
U02591,75011,75041,represented_with_review_flags,english-02501-02750.jsonl,N-114;N-T59
U02592,75041,75073,represented_with_review_flags,english-02501-02750.jsonl,N-114
U02593,75073,75103,represented_with_review_flags,english-02501-02750.jsonl,N-114
U02594,75103,75135,represented_with_review_flags,english-02501-02750.jsonl,N-114
U02595,75135,75168,represented_with_review_flags,english-02501-02750.jsonl,N-114
U02596,75168,75194,represented_with_review_flags,english-02501-02750.jsonl,N-114
U02597,75194,75206,represented_draft,english-02501-02750.jsonl,
U02598,75206,75236,represented_with_review_flags,english-02501-02750.jsonl,N-114
U02599,75236,75270,represented_with_review_flags,english-02501-02750.jsonl,N-114
U02600,75270,75299,represented_with_review_flags,english-02501-02750.jsonl,N-114
U02601,75299,75328,represented_with_review_flags,english-02501-02750.jsonl,N-114
U02602,75328,75360,represented_with_review_flags,english-02501-02750.jsonl,N-114
U02603,75360,75392,represented_with_review_flags,english-02501-02750.jsonl,N-114
U02604,75392,75419,represented_with_review_flags,english-02501-02750.jsonl,N-114
U02605,75419,75452,represented_with_review_flags,english-02501-02750.jsonl,N-114
U02606,75452,75477,represented_with_review_flags,english-02501-02750.jsonl,N-114
U02607,75477,75510,represented_with_review_flags,english-02501-02750.jsonl,N-114
U02608,75510,75540,represented_with_review_flags,english-02501-02750.jsonl,N-114
U02609,75540,75571,represented_with_review_flags,english-02501-02750.jsonl,N-114
U02610,75571,75590,represented_draft,english-02501-02750.jsonl,
U02611,75590,75618,represented_with_review_flags,english-02501-02750.jsonl,N-115
U02612,75618,75650,represented_with_review_flags,english-02501-02750.jsonl,N-115
U02613,75650,75682,represented_with_review_flags,english-02501-02750.jsonl,N-115
U02614,75682,75716,represented_with_review_flags,english-02501-02750.jsonl,N-115
U02615,75716,75733,represented_with_review_flags,english-02501-02750.jsonl,N-115
U02616,75733,75765,represented_with_review_flags,english-02501-02750.jsonl,N-115
U02617,75765,75794,represented_with_review_flags,english-02501-02750.jsonl,N-115
U02618,75794,75825,represented_with_review_flags,english-02501-02750.jsonl,N-115
U02619,75825,75856,represented_with_review_flags,english-02501-02750.jsonl,N-115
U02620,75856,75880,represented_with_review_flags,english-02501-02750.jsonl,N-115
U02621,75880,75911,represented_with_review_flags,english-02501-02750.jsonl,N-115
U02622,75911,75939,represented_with_review_flags,english-02501-02750.jsonl,N-115
U02623,75939,75968,represented_with_review_flags,english-02501-02750.jsonl,N-115
U02624,75968,75994,represented_with_review_flags,english-02501-02750.jsonl,N-115
U02625,75994,76023,represented_with_review_flags,english-02501-02750.jsonl,N-115
U02626,76023,76050,represented_with_review_flags,english-02501-02750.jsonl,N-115
U02627,76050,76080,represented_with_review_flags,english-02501-02750.jsonl,N-115
U02628,76080,76107,represented_with_review_flags,english-02501-02750.jsonl,N-115
U02629,76107,76136,represented_with_review_flags,english-02501-02750.jsonl,N-115
U02630,76136,76163,represented_with_review_flags,english-02501-02750.jsonl,N-115
U02631,76163,76190,represented_with_review_flags,english-02501-02750.jsonl,N-115
U02632,76190,76220,represented_with_review_flags,english-02501-02750.jsonl,N-115
U02633,76220,76254,represented_with_review_flags,english-02501-02750.jsonl,N-115
U02634,76254,76303,represented_with_review_flags,english-02501-02750.jsonl,N-115
U02635,76303,76376,represented_with_review_flags,english-02501-02750.jsonl,N-115;N-116
U02636,76376,76401,represented_with_review_flags,english-02501-02750.jsonl,N-116;N-117
U02637,76401,76436,represented_with_review_flags,english-02501-02750.jsonl,N-117
U02638,76436,76463,represented_with_review_flags,english-02501-02750.jsonl,N-117
U02639,76463,76491,represented_with_review_flags,english-02501-02750.jsonl,N-117
U02640,76491,76522,represented_with_review_flags,english-02501-02750.jsonl,N-117
U02641,76522,76554,represented_with_review_flags,english-02501-02750.jsonl,N-117;N-T57
U02642,76554,76581,represented_with_review_flags,english-02501-02750.jsonl,N-117
U02643,76581,76612,represented_with_review_flags,english-02501-02750.jsonl,N-117
U02644,76612,76641,represented_with_review_flags,english-02501-02750.jsonl,N-117
U02645,76641,76672,represented_with_review_flags,english-02501-02750.jsonl,N-117
U02646,76672,76701,represented_with_review_flags,english-02501-02750.jsonl,N-117
U02647,76701,76730,represented_with_review_flags,english-02501-02750.jsonl,N-117
U02648,76730,76757,represented_with_review_flags,english-02501-02750.jsonl,N-117;N-122;N-T61
U02649,76757,76787,represented_with_review_flags,english-02501-02750.jsonl,N-117
U02650,76787,76817,represented_with_review_flags,english-02501-02750.jsonl,N-117
U02651,76817,76843,represented_with_review_flags,english-02501-02750.jsonl,N-117
U02652,76843,76871,represented_with_review_flags,english-02501-02750.jsonl,N-117
U02653,76871,76898,represented_with_review_flags,english-02501-02750.jsonl,N-117
U02654,76898,76926,represented_with_review_flags,english-02501-02750.jsonl,N-117
U02655,76926,76954,represented_with_review_flags,english-02501-02750.jsonl,N-117
U02656,76954,76980,represented_with_review_flags,english-02501-02750.jsonl,N-117
U02657,76980,77012,represented_with_review_flags,english-02501-02750.jsonl,N-117
U02658,77012,77038,represented_with_review_flags,english-02501-02750.jsonl,N-117
U02659,77038,77064,represented_with_review_flags,english-02501-02750.jsonl,N-117;N-T57
U02660,77064,77090,represented_with_review_flags,english-02501-02750.jsonl,N-117
U02661,77090,77112,represented_with_review_flags,english-02501-02750.jsonl,N-117
U02662,77112,77141,represented_with_review_flags,english-02501-02750.jsonl,N-117
U02663,77141,77174,represented_with_review_flags,english-02501-02750.jsonl,N-117
U02664,77174,77202,represented_with_review_flags,english-02501-02750.jsonl,N-117
U02665,77202,77232,represented_with_review_flags,english-02501-02750.jsonl,N-117
U02666,77232,77259,represented_with_review_flags,english-02501-02750.jsonl,N-117
U02667,77259,77290,represented_with_review_flags,english-02501-02750.jsonl,N-117
U02668,77290,77318,represented_with_review_flags,english-02501-02750.jsonl,N-117
U02669,77318,77352,represented_with_review_flags,english-02501-02750.jsonl,N-117
U02670,77352,77381,represented_with_review_flags,english-02501-02750.jsonl,N-117
U02671,77381,77408,represented_with_review_flags,english-02501-02750.jsonl,N-117
U02672,77408,77431,represented_with_review_flags,english-02501-02750.jsonl,N-117
U02673,77431,77458,represented_with_review_flags,english-02501-02750.jsonl,N-117
U02674,77458,77488,represented_with_review_flags,english-02501-02750.jsonl,N-117
U02675,77488,77514,represented_with_review_flags,english-02501-02750.jsonl,N-117
U02676,77514,77541,represented_with_review_flags,english-02501-02750.jsonl,N-117
U02677,77541,77575,represented_with_review_flags,english-02501-02750.jsonl,N-117
U02678,77575,77604,represented_with_review_flags,english-02501-02750.jsonl,N-117
U02679,77604,77637,represented_with_review_flags,english-02501-02750.jsonl,N-117
U02680,77637,77662,represented_with_review_flags,english-02501-02750.jsonl,N-117
U02681,77662,77690,represented_with_review_flags,english-02501-02750.jsonl,N-118
U02682,77690,77723,represented_with_review_flags,english-02501-02750.jsonl,N-118
U02683,77723,77752,represented_with_review_flags,english-02501-02750.jsonl,N-118
U02684,77752,77781,represented_with_review_flags,english-02501-02750.jsonl,N-118
U02685,77781,77807,represented_with_review_flags,english-02501-02750.jsonl,N-118
U02686,77807,77838,represented_with_review_flags,english-02501-02750.jsonl,N-118
U02687,77838,77866,represented_with_review_flags,english-02501-02750.jsonl,N-118
U02688,77866,77895,represented_with_review_flags,english-02501-02750.jsonl,N-118
U02689,77895,77922,represented_with_review_flags,english-02501-02750.jsonl,N-118
U02690,77922,77949,represented_with_review_flags,english-02501-02750.jsonl,N-118
U02691,77949,77978,represented_with_review_flags,english-02501-02750.jsonl,N-118
U02692,77978,78008,represented_with_review_flags,english-02501-02750.jsonl,N-118
U02693,78008,78036,represented_with_review_flags,english-02501-02750.jsonl,N-118
U02694,78036,78069,represented_with_review_flags,english-02501-02750.jsonl,N-118
U02695,78069,78095,represented_with_review_flags,english-02501-02750.jsonl,N-118
U02696,78095,78125,represented_with_review_flags,english-02501-02750.jsonl,N-118
U02697,78125,78156,represented_with_review_flags,english-02501-02750.jsonl,N-118
U02698,78156,78179,represented_with_review_flags,english-02501-02750.jsonl,N-118
U02699,78179,78205,represented_with_review_flags,english-02501-02750.jsonl,N-118
U02700,78205,78236,represented_with_review_flags,english-02501-02750.jsonl,N-118
U02701,78236,78273,represented_with_review_flags,english-02501-02750.jsonl,N-118
U02702,78273,78307,represented_with_review_flags,english-02501-02750.jsonl,N-118
U02703,78307,78335,represented_with_review_flags,english-02501-02750.jsonl,N-118;N-T58
U02704,78335,78367,represented_with_review_flags,english-02501-02750.jsonl,N-118
U02705,78367,78394,represented_with_review_flags,english-02501-02750.jsonl,N-118
U02706,78394,78424,represented_with_review_flags,english-02501-02750.jsonl,N-118
U02707,78424,78452,represented_with_review_flags,english-02501-02750.jsonl,N-118
U02708,78452,78486,represented_with_review_flags,english-02501-02750.jsonl,N-118;N-T58
U02709,78486,78517,represented_with_review_flags,english-02501-02750.jsonl,N-118
U02710,78517,78547,represented_with_review_flags,english-02501-02750.jsonl,N-118
U02711,78547,78578,represented_with_review_flags,english-02501-02750.jsonl,N-118
U02712,78578,78608,represented_with_review_flags,english-02501-02750.jsonl,N-118
U02713,78608,78639,represented_with_review_flags,english-02501-02750.jsonl,N-119;N-T56
U02714,78639,78675,represented_with_review_flags,english-02501-02750.jsonl,N-119
U02715,78675,78707,represented_with_review_flags,english-02501-02750.jsonl,N-119
U02716,78707,78736,represented_with_review_flags,english-02501-02750.jsonl,N-119
U02717,78736,78767,represented_with_review_flags,english-02501-02750.jsonl,N-119
U02718,78767,78795,represented_with_review_flags,english-02501-02750.jsonl,N-119
U02719,78795,78828,represented_with_review_flags,english-02501-02750.jsonl,N-119
U02720,78828,78857,represented_with_review_flags,english-02501-02750.jsonl,N-119
U02721,78857,78887,represented_with_review_flags,english-02501-02750.jsonl,N-119;N-T56
U02722,78887,78918,represented_with_review_flags,english-02501-02750.jsonl,N-119
U02723,78918,78947,represented_with_review_flags,english-02501-02750.jsonl,N-119
U02724,78947,78978,represented_with_review_flags,english-02501-02750.jsonl,N-119
U02725,78978,79007,represented_with_review_flags,english-02501-02750.jsonl,N-119
U02726,79007,79040,represented_with_review_flags,english-02501-02750.jsonl,N-119
U02727,79040,79072,represented_with_review_flags,english-02501-02750.jsonl,N-120;N-T56
U02728,79072,79100,represented_with_review_flags,english-02501-02750.jsonl,N-120
U02729,79100,79132,represented_with_review_flags,english-02501-02750.jsonl,N-120
U02730,79132,79157,represented_with_review_flags,english-02501-02750.jsonl,N-120
U02731,79157,79189,represented_with_review_flags,english-02501-02750.jsonl,N-120;N-T56
U02732,79189,79219,represented_with_review_flags,english-02501-02750.jsonl,N-120
U02733,79219,79245,represented_with_review_flags,english-02501-02750.jsonl,N-120
U02734,79245,79277,represented_with_review_flags,english-02501-02750.jsonl,N-120
U02735,79277,79307,represented_with_review_flags,english-02501-02750.jsonl,N-120;N-T56
U02736,79307,79335,represented_with_review_flags,english-02501-02750.jsonl,N-120
U02737,79335,79370,represented_with_review_flags,english-02501-02750.jsonl,N-120
U02738,79370,79403,represented_with_review_flags,english-02501-02750.jsonl,N-120
U02739,79403,79433,represented_with_review_flags,english-02501-02750.jsonl,N-120;N-T56
U02740,79433,79471,represented_with_review_flags,english-02501-02750.jsonl,N-120
U02741,79471,79501,represented_with_review_flags,english-02501-02750.jsonl,N-120
U02742,79501,79535,represented_with_review_flags,english-02501-02750.jsonl,N-120
U02743,79535,79568,represented_with_review_flags,english-02501-02750.jsonl,N-120;N-T56
U02744,79568,79599,represented_with_review_flags,english-02501-02750.jsonl,N-120
U02745,79599,79631,represented_with_review_flags,english-02501-02750.jsonl,N-120
U02746,79631,79660,represented_with_review_flags,english-02501-02750.jsonl,N-120
U02747,79660,79690,represented_with_review_flags,english-02501-02750.jsonl,N-120;N-T56
U02748,79690,79717,represented_with_review_flags,english-02501-02750.jsonl,N-120
U02749,79717,79750,represented_with_review_flags,english-02501-02750.jsonl,N-120
U02750,79750,79780,represented_with_review_flags,english-02501-02750.jsonl,N-120
U02751,79780,79809,represented_with_review_flags,english-02751-03000.jsonl,N-121
U02752,79809,79839,represented_with_review_flags,english-02751-03000.jsonl,N-121
U02753,79839,79868,represented_with_review_flags,english-02751-03000.jsonl,N-121
U02754,79868,79899,represented_with_review_flags,english-02751-03000.jsonl,N-121
U02755,79899,79929,represented_with_review_flags,english-02751-03000.jsonl,N-121
U02756,79929,79959,represented_with_review_flags,english-02751-03000.jsonl,N-121
U02757,79959,79986,represented_with_review_flags,english-02751-03000.jsonl,N-121
U02758,79986,80011,represented_with_review_flags,english-02751-03000.jsonl,N-121;N-T68
U02759,80011,80041,represented_with_review_flags,english-02751-03000.jsonl,N-121
U02760,80041,80069,represented_with_review_flags,english-02751-03000.jsonl,N-121
U02761,80069,80101,represented_with_review_flags,english-02751-03000.jsonl,N-121
U02762,80101,80130,represented_with_review_flags,english-02751-03000.jsonl,N-121
U02763,80130,80161,represented_with_review_flags,english-02751-03000.jsonl,N-121
U02764,80161,80188,represented_with_review_flags,english-02751-03000.jsonl,N-121
U02765,80188,80218,represented_with_review_flags,english-02751-03000.jsonl,N-121
U02766,80218,80249,represented_with_review_flags,english-02751-03000.jsonl,N-121
U02767,80249,80264,represented_draft,english-02751-03000.jsonl,
U02768,80264,80291,represented_with_review_flags,english-02751-03000.jsonl,N-122
U02769,80291,80314,represented_with_review_flags,english-02751-03000.jsonl,N-122;N-T61
U02770,80314,80343,represented_with_review_flags,english-02751-03000.jsonl,N-122
U02771,80343,80372,represented_with_review_flags,english-02751-03000.jsonl,N-122
U02772,80372,80400,represented_with_review_flags,english-02751-03000.jsonl,N-122
U02773,80400,80429,represented_with_review_flags,english-02751-03000.jsonl,N-122;N-T61
U02774,80429,80457,represented_with_review_flags,english-02751-03000.jsonl,N-122
U02775,80457,80486,represented_with_review_flags,english-02751-03000.jsonl,N-122
U02776,80486,80519,represented_with_review_flags,english-02751-03000.jsonl,N-122
U02777,80519,80544,represented_with_review_flags,english-02751-03000.jsonl,N-122
U02778,80544,80575,represented_with_review_flags,english-02751-03000.jsonl,N-122
U02779,80575,80603,represented_with_review_flags,english-02751-03000.jsonl,N-122
U02780,80603,80627,represented_with_review_flags,english-02751-03000.jsonl,N-122
U02781,80627,80642,represented_draft,english-02751-03000.jsonl,
U02782,80642,80671,represented_with_review_flags,english-02751-03000.jsonl,N-123
U02783,80671,80701,represented_with_review_flags,english-02751-03000.jsonl,N-123
U02784,80701,80730,represented_with_review_flags,english-02751-03000.jsonl,N-123
U02785,80730,80758,represented_with_review_flags,english-02751-03000.jsonl,N-123
U02786,80758,80791,represented_with_review_flags,english-02751-03000.jsonl,N-123
U02787,80791,80814,represented_with_review_flags,english-02751-03000.jsonl,N-123
U02788,80814,80841,represented_with_review_flags,english-02751-03000.jsonl,N-123
U02789,80841,80865,represented_with_review_flags,english-02751-03000.jsonl,N-123
U02790,80865,80894,represented_with_review_flags,english-02751-03000.jsonl,N-123
U02791,80894,80923,represented_with_review_flags,english-02751-03000.jsonl,N-123
U02792,80923,80952,represented_with_review_flags,english-02751-03000.jsonl,N-123
U02793,80952,80982,represented_with_review_flags,english-02751-03000.jsonl,N-123
U02794,80982,81010,represented_with_review_flags,english-02751-03000.jsonl,N-123
U02795,81010,81038,represented_with_review_flags,english-02751-03000.jsonl,N-123
U02796,81038,81069,represented_with_review_flags,english-02751-03000.jsonl,N-123
U02797,81069,81101,represented_with_review_flags,english-02751-03000.jsonl,N-123
U02798,81101,81127,represented_with_review_flags,english-02751-03000.jsonl,N-123
U02799,81127,81155,represented_with_review_flags,english-02751-03000.jsonl,N-123
U02800,81155,81180,represented_with_review_flags,english-02751-03000.jsonl,N-123
U02801,81180,81208,represented_with_review_flags,english-02751-03000.jsonl,N-123
U02802,81208,81237,represented_with_review_flags,english-02751-03000.jsonl,N-123
U02803,81237,81265,represented_with_review_flags,english-02751-03000.jsonl,N-123
U02804,81265,81289,represented_with_review_flags,english-02751-03000.jsonl,N-123
U02805,81289,81319,represented_with_review_flags,english-02751-03000.jsonl,N-123
U02806,81319,81346,represented_with_review_flags,english-02751-03000.jsonl,N-123
U02807,81346,81374,represented_with_review_flags,english-02751-03000.jsonl,N-123
U02808,81374,81405,represented_with_review_flags,english-02751-03000.jsonl,N-123
U02809,81405,81431,represented_with_review_flags,english-02751-03000.jsonl,N-123
U02810,81431,81464,represented_with_review_flags,english-02751-03000.jsonl,N-123;N-T67
U02811,81464,81490,represented_with_review_flags,english-02751-03000.jsonl,N-123
U02812,81490,81519,represented_with_review_flags,english-02751-03000.jsonl,N-123
U02813,81519,81533,represented_draft,english-02751-03000.jsonl,
U02814,81533,81560,represented_with_review_flags,english-02751-03000.jsonl,N-124
U02815,81560,81590,represented_with_review_flags,english-02751-03000.jsonl,N-124
U02816,81590,81625,represented_with_review_flags,english-02751-03000.jsonl,N-124;N-T69
U02817,81625,81652,represented_with_review_flags,english-02751-03000.jsonl,N-124
U02818,81652,81684,represented_with_review_flags,english-02751-03000.jsonl,N-124
U02819,81684,81714,represented_with_review_flags,english-02751-03000.jsonl,N-124
U02820,81714,81745,represented_with_review_flags,english-02751-03000.jsonl,N-124
U02821,81745,81767,represented_with_review_flags,english-02751-03000.jsonl,N-124;N-T68
U02822,81767,81793,represented_with_review_flags,english-02751-03000.jsonl,N-124
U02823,81793,81822,represented_with_review_flags,english-02751-03000.jsonl,N-124
U02824,81822,81848,represented_with_review_flags,english-02751-03000.jsonl,N-124
U02825,81848,81881,represented_with_review_flags,english-02751-03000.jsonl,N-124
U02826,81881,81909,represented_with_review_flags,english-02751-03000.jsonl,N-124
U02827,81909,81933,represented_with_review_flags,english-02751-03000.jsonl,N-124
U02828,81933,81961,represented_with_review_flags,english-02751-03000.jsonl,N-124
U02829,81961,81998,represented_with_review_flags,english-02751-03000.jsonl,N-124
U02830,81998,82027,represented_with_review_flags,english-02751-03000.jsonl,N-124
U02831,82027,82055,represented_with_review_flags,english-02751-03000.jsonl,N-124
U02832,82055,82086,represented_with_review_flags,english-02751-03000.jsonl,N-124
U02833,82086,82115,represented_with_review_flags,english-02751-03000.jsonl,N-124
U02834,82115,82149,represented_with_review_flags,english-02751-03000.jsonl,N-124
U02835,82149,82177,represented_with_review_flags,english-02751-03000.jsonl,N-124
U02836,82177,82209,represented_with_review_flags,english-02751-03000.jsonl,N-124
U02837,82209,82243,represented_with_review_flags,english-02751-03000.jsonl,N-124
U02838,82243,82276,represented_with_review_flags,english-02751-03000.jsonl,N-124
U02839,82276,82301,represented_with_review_flags,english-02751-03000.jsonl,N-124
U02840,82301,82329,represented_with_review_flags,english-02751-03000.jsonl,N-124
U02841,82329,82359,represented_with_review_flags,english-02751-03000.jsonl,N-124
U02842,82359,82391,represented_with_review_flags,english-02751-03000.jsonl,N-124
U02843,82391,82422,represented_with_review_flags,english-02751-03000.jsonl,N-124
U02844,82422,82451,represented_with_review_flags,english-02751-03000.jsonl,N-124
U02845,82451,82481,represented_with_review_flags,english-02751-03000.jsonl,N-124
U02846,82481,82508,represented_with_review_flags,english-02751-03000.jsonl,N-124
U02847,82508,82538,represented_with_review_flags,english-02751-03000.jsonl,N-124
U02848,82538,82566,represented_with_review_flags,english-02751-03000.jsonl,N-124
U02849,82566,82595,represented_with_review_flags,english-02751-03000.jsonl,N-124
U02850,82595,82623,represented_with_review_flags,english-02751-03000.jsonl,N-124;N-T66
U02851,82623,82656,represented_with_review_flags,english-02751-03000.jsonl,N-124
U02852,82656,82687,represented_with_review_flags,english-02751-03000.jsonl,N-124
U02853,82687,82717,represented_with_review_flags,english-02751-03000.jsonl,N-124
U02854,82717,82746,represented_with_review_flags,english-02751-03000.jsonl,N-124
U02855,82746,82774,represented_with_review_flags,english-02751-03000.jsonl,N-124
U02856,82774,82808,represented_with_review_flags,english-02751-03000.jsonl,N-124
U02857,82808,82821,represented_draft,english-02751-03000.jsonl,
U02858,82821,82847,represented_with_review_flags,english-02751-03000.jsonl,N-125
U02859,82847,82875,represented_with_review_flags,english-02751-03000.jsonl,N-125
U02860,82875,82905,represented_with_review_flags,english-02751-03000.jsonl,N-125;N-T65
U02861,82905,82935,represented_with_review_flags,english-02751-03000.jsonl,N-125
U02862,82935,82967,represented_with_review_flags,english-02751-03000.jsonl,N-125
U02863,82967,82994,represented_with_review_flags,english-02751-03000.jsonl,N-125
U02864,82994,83024,represented_with_review_flags,english-02751-03000.jsonl,N-125
U02865,83024,83049,represented_with_review_flags,english-02751-03000.jsonl,N-125;N-T65
U02866,83049,83078,represented_with_review_flags,english-02751-03000.jsonl,N-125
U02867,83078,83109,represented_with_review_flags,english-02751-03000.jsonl,N-125
U02868,83109,83140,represented_with_review_flags,english-02751-03000.jsonl,N-125
U02869,83140,83170,represented_with_review_flags,english-02751-03000.jsonl,N-125
U02870,83170,83196,represented_with_review_flags,english-02751-03000.jsonl,N-125
U02871,83196,83226,represented_with_review_flags,english-02751-03000.jsonl,N-125
U02872,83226,83251,represented_with_review_flags,english-02751-03000.jsonl,N-125;N-T62
U02873,83251,83282,represented_with_review_flags,english-02751-03000.jsonl,N-125
U02874,83282,83308,represented_with_review_flags,english-02751-03000.jsonl,N-125
U02875,83308,83336,represented_with_review_flags,english-02751-03000.jsonl,N-125
U02876,83336,83364,represented_with_review_flags,english-02751-03000.jsonl,N-125
U02877,83364,83393,represented_with_review_flags,english-02751-03000.jsonl,N-125
U02878,83393,83422,represented_with_review_flags,english-02751-03000.jsonl,N-125
U02879,83422,83458,represented_with_review_flags,english-02751-03000.jsonl,N-125
U02880,83458,83483,represented_with_review_flags,english-02751-03000.jsonl,N-125
U02881,83483,83517,represented_with_review_flags,english-02751-03000.jsonl,N-125
U02882,83517,83549,represented_with_review_flags,english-02751-03000.jsonl,N-125
U02883,83549,83578,represented_with_review_flags,english-02751-03000.jsonl,N-125
U02884,83578,83606,represented_with_review_flags,english-02751-03000.jsonl,N-125
U02885,83606,83685,represented_with_review_flags,english-02751-03000.jsonl,N-125;N-126;N-T62
U02886,83685,83713,represented_with_review_flags,english-02751-03000.jsonl,N-126
U02887,83713,83745,represented_with_review_flags,english-02751-03000.jsonl,N-126
U02888,83745,83771,represented_with_review_flags,english-02751-03000.jsonl,N-126
U02889,83771,83784,represented_with_review_flags,english-02751-03000.jsonl,N-126
U02890,83784,83815,represented_with_review_flags,english-02751-03000.jsonl,N-126
U02891,83815,83846,represented_with_review_flags,english-02751-03000.jsonl,N-126
U02892,83846,83874,represented_with_review_flags,english-02751-03000.jsonl,N-126
U02893,83874,83899,represented_with_review_flags,english-02751-03000.jsonl,N-126
U02894,83899,83914,represented_draft,english-02751-03000.jsonl,
U02895,83914,83939,represented_with_review_flags,english-02751-03000.jsonl,N-127
U02896,83939,83964,represented_with_review_flags,english-02751-03000.jsonl,N-127
U02897,83964,83993,represented_with_review_flags,english-02751-03000.jsonl,N-127
U02898,83993,84017,represented_with_review_flags,english-02751-03000.jsonl,N-127;N-T63
U02899,84017,84046,represented_with_review_flags,english-02751-03000.jsonl,N-127
U02900,84046,84076,represented_with_review_flags,english-02751-03000.jsonl,N-127;N-T63
U02901,84076,84106,represented_with_review_flags,english-02751-03000.jsonl,N-127
U02902,84106,84136,represented_with_review_flags,english-02751-03000.jsonl,N-127
U02903,84136,84164,represented_with_review_flags,english-02751-03000.jsonl,N-127
U02904,84164,84195,represented_with_review_flags,english-02751-03000.jsonl,N-127
U02905,84195,84221,represented_with_review_flags,english-02751-03000.jsonl,N-127;N-T63
U02906,84221,84254,represented_with_review_flags,english-02751-03000.jsonl,N-127
U02907,84254,84279,represented_with_review_flags,english-02751-03000.jsonl,N-127
U02908,84279,84310,represented_with_review_flags,english-02751-03000.jsonl,N-127
U02909,84310,84336,represented_with_review_flags,english-02751-03000.jsonl,N-127;N-T65
U02910,84336,84365,represented_with_review_flags,english-02751-03000.jsonl,N-127;N-T69
U02911,84365,84396,represented_with_review_flags,english-02751-03000.jsonl,N-127
U02912,84396,84421,represented_with_review_flags,english-02751-03000.jsonl,N-127
U02913,84421,84450,represented_with_review_flags,english-02751-03000.jsonl,N-127
U02914,84450,84478,represented_with_review_flags,english-02751-03000.jsonl,N-127
U02915,84478,84508,represented_with_review_flags,english-02751-03000.jsonl,N-127
U02916,84508,84539,represented_with_review_flags,english-02751-03000.jsonl,N-127;N-T63
U02917,84539,84571,represented_with_review_flags,english-02751-03000.jsonl,N-127
U02918,84571,84597,represented_with_review_flags,english-02751-03000.jsonl,N-127
U02919,84597,84628,represented_with_review_flags,english-02751-03000.jsonl,N-127
U02920,84628,84654,represented_with_review_flags,english-02751-03000.jsonl,N-127;N-T65
U02921,84654,84684,represented_with_review_flags,english-02751-03000.jsonl,N-127;N-T65
U02922,84684,84712,represented_with_review_flags,english-02751-03000.jsonl,N-127
U02923,84712,84735,represented_with_review_flags,english-02751-03000.jsonl,N-127
U02924,84735,84763,represented_with_review_flags,english-02751-03000.jsonl,N-127
U02925,84763,84789,represented_with_review_flags,english-02751-03000.jsonl,N-127
U02926,84789,84822,represented_with_review_flags,english-02751-03000.jsonl,N-127
U02927,84822,84856,represented_with_review_flags,english-02751-03000.jsonl,N-127
U02928,84856,84882,represented_with_review_flags,english-02751-03000.jsonl,N-127;N-T63
U02929,84882,84914,represented_with_review_flags,english-02751-03000.jsonl,N-127
U02930,84914,84946,represented_with_review_flags,english-02751-03000.jsonl,N-127
U02931,84946,84979,represented_with_review_flags,english-02751-03000.jsonl,N-127
U02932,84979,85009,represented_with_review_flags,english-02751-03000.jsonl,N-127
U02933,85009,85038,represented_with_review_flags,english-02751-03000.jsonl,N-127
U02934,85038,85064,represented_with_review_flags,english-02751-03000.jsonl,N-127
U02935,85064,85094,represented_with_review_flags,english-02751-03000.jsonl,N-127
U02936,85094,85123,represented_with_review_flags,english-02751-03000.jsonl,N-127
U02937,85123,85154,represented_with_review_flags,english-02751-03000.jsonl,N-127
U02938,85154,85179,represented_with_review_flags,english-02751-03000.jsonl,N-127
U02939,85179,85208,represented_with_review_flags,english-02751-03000.jsonl,N-127
U02940,85208,85239,represented_with_review_flags,english-02751-03000.jsonl,N-127
U02941,85239,85272,represented_with_review_flags,english-02751-03000.jsonl,N-127
U02942,85272,85299,represented_with_review_flags,english-02751-03000.jsonl,N-127
U02943,85299,85314,represented_draft,english-02751-03000.jsonl,
U02944,85314,85343,represented_with_review_flags,english-02751-03000.jsonl,N-128
U02945,85343,85374,represented_with_review_flags,english-02751-03000.jsonl,N-128;N-T65
U02946,85374,85401,represented_with_review_flags,english-02751-03000.jsonl,N-128;N-T62
U02947,85401,85430,represented_with_review_flags,english-02751-03000.jsonl,N-128
U02948,85430,85464,represented_with_review_flags,english-02751-03000.jsonl,N-128
U02949,85464,85491,represented_with_review_flags,english-02751-03000.jsonl,N-128
U02950,85491,85519,represented_with_review_flags,english-02751-03000.jsonl,N-128
U02951,85519,85544,represented_with_review_flags,english-02751-03000.jsonl,N-128
U02952,85544,85574,represented_with_review_flags,english-02751-03000.jsonl,N-128
U02953,85574,85602,represented_with_review_flags,english-02751-03000.jsonl,N-128
U02954,85602,85630,represented_with_review_flags,english-02751-03000.jsonl,N-128;N-T62
U02955,85630,85657,represented_with_review_flags,english-02751-03000.jsonl,N-128
U02956,85657,85689,represented_with_review_flags,english-02751-03000.jsonl,N-128
U02957,85689,85720,represented_with_review_flags,english-02751-03000.jsonl,N-128
U02958,85720,85750,represented_with_review_flags,english-02751-03000.jsonl,N-128
U02959,85750,85778,represented_with_review_flags,english-02751-03000.jsonl,N-128
U02960,85778,85806,represented_with_review_flags,english-02751-03000.jsonl,N-128
U02961,85806,85833,represented_with_review_flags,english-02751-03000.jsonl,N-128
U02962,85833,85859,represented_with_review_flags,english-02751-03000.jsonl,N-129
U02963,85859,85888,represented_with_review_flags,english-02751-03000.jsonl,N-129
U02964,85888,85915,represented_with_review_flags,english-02751-03000.jsonl,N-129
U02965,85915,85945,represented_with_review_flags,english-02751-03000.jsonl,N-129
U02966,85945,85972,represented_with_review_flags,english-02751-03000.jsonl,N-129
U02967,85972,86004,represented_with_review_flags,english-02751-03000.jsonl,N-129;N-T64
U02968,86004,86039,represented_with_review_flags,english-02751-03000.jsonl,N-129
U02969,86039,86073,represented_with_review_flags,english-02751-03000.jsonl,N-129
U02970,86073,86101,represented_with_review_flags,english-02751-03000.jsonl,N-129
U02971,86101,86130,represented_with_review_flags,english-02751-03000.jsonl,N-129;N-T64
U02972,86130,86158,represented_with_review_flags,english-02751-03000.jsonl,N-129;N-T61
U02973,86158,86193,represented_with_review_flags,english-02751-03000.jsonl,N-129;N-T65
U02974,86193,86228,represented_with_review_flags,english-02751-03000.jsonl,N-129
U02975,86228,86257,represented_with_review_flags,english-02751-03000.jsonl,N-129
U02976,86257,86284,represented_with_review_flags,english-02751-03000.jsonl,N-129
U02977,86284,86315,represented_with_review_flags,english-02751-03000.jsonl,N-129
U02978,86315,86349,represented_with_review_flags,english-02751-03000.jsonl,N-129
U02979,86349,86380,represented_with_review_flags,english-02751-03000.jsonl,N-129;N-T65
U02980,86380,86410,represented_with_review_flags,english-02751-03000.jsonl,N-129
U02981,86410,86440,represented_with_review_flags,english-02751-03000.jsonl,N-129
U02982,86440,86469,represented_with_review_flags,english-02751-03000.jsonl,N-129
U02983,86469,86497,represented_with_review_flags,english-02751-03000.jsonl,N-129
U02984,86497,86530,represented_with_review_flags,english-02751-03000.jsonl,N-129
U02985,86530,86557,represented_with_review_flags,english-02751-03000.jsonl,N-129
U02986,86557,86573,represented_draft,english-02751-03000.jsonl,
U02987,86573,86604,represented_with_review_flags,english-02751-03000.jsonl,N-130
U02988,86604,86632,represented_with_review_flags,english-02751-03000.jsonl,N-130
U02989,86632,86659,represented_with_review_flags,english-02751-03000.jsonl,N-130
U02990,86659,86689,represented_with_review_flags,english-02751-03000.jsonl,N-130
U02991,86689,86718,represented_with_review_flags,english-02751-03000.jsonl,N-130
U02992,86718,86748,represented_with_review_flags,english-02751-03000.jsonl,N-130
U02993,86748,86776,represented_with_review_flags,english-02751-03000.jsonl,N-130;N-T64
U02994,86776,86807,represented_with_review_flags,english-02751-03000.jsonl,N-130
U02995,86807,86837,represented_with_review_flags,english-02751-03000.jsonl,N-130;N-T64
U02996,86837,86865,represented_with_review_flags,english-02751-03000.jsonl,N-130
U02997,86865,86902,represented_with_review_flags,english-02751-03000.jsonl,N-130
U02998,86902,86933,represented_with_review_flags,english-02751-03000.jsonl,N-130;N-T64
U02999,86933,86960,represented_with_review_flags,english-02751-03000.jsonl,N-130
U03000,86960,86985,represented_with_review_flags,english-02751-03000.jsonl,N-130
U03001,86985,87017,represented_with_review_flags,english-03001-03250.jsonl,N-131;N-T71
U03002,87017,87048,represented_with_review_flags,english-03001-03250.jsonl,N-131
U03003,87048,87078,represented_with_review_flags,english-03001-03250.jsonl,N-131;N-T71
U03004,87078,87105,represented_with_review_flags,english-03001-03250.jsonl,N-131
U03005,87105,87134,represented_with_review_flags,english-03001-03250.jsonl,N-131
U03006,87134,87164,represented_with_review_flags,english-03001-03250.jsonl,N-131
U03007,87164,87188,represented_with_review_flags,english-03001-03250.jsonl,N-131
U03008,87188,87215,represented_with_review_flags,english-03001-03250.jsonl,N-131
U03009,87215,87241,represented_with_review_flags,english-03001-03250.jsonl,N-131
U03010,87241,87270,represented_with_review_flags,english-03001-03250.jsonl,N-131;N-T71
U03011,87270,87300,represented_with_review_flags,english-03001-03250.jsonl,N-131
U03012,87300,87328,represented_with_review_flags,english-03001-03250.jsonl,N-131
U03013,87328,87360,represented_with_review_flags,english-03001-03250.jsonl,N-131
U03014,87360,87389,represented_with_review_flags,english-03001-03250.jsonl,N-131
U03015,87389,87420,represented_with_review_flags,english-03001-03250.jsonl,N-131
U03016,87420,87446,represented_with_review_flags,english-03001-03250.jsonl,N-131
U03017,87446,87472,represented_with_review_flags,english-03001-03250.jsonl,N-131
U03018,87472,87486,represented_draft,english-03001-03250.jsonl,
U03019,87486,87517,represented_with_review_flags,english-03001-03250.jsonl,N-132
U03020,87517,87545,represented_with_review_flags,english-03001-03250.jsonl,N-132
U03021,87545,87574,represented_with_review_flags,english-03001-03250.jsonl,N-132
U03022,87574,87602,represented_with_review_flags,english-03001-03250.jsonl,N-132
U03023,87602,87629,represented_with_review_flags,english-03001-03250.jsonl,N-132
U03024,87629,87660,represented_with_review_flags,english-03001-03250.jsonl,N-132
U03025,87660,87687,represented_with_review_flags,english-03001-03250.jsonl,N-132
U03026,87687,87715,represented_with_review_flags,english-03001-03250.jsonl,N-132;N-T77
U03027,87715,87747,represented_with_review_flags,english-03001-03250.jsonl,N-132
U03028,87747,87775,represented_with_review_flags,english-03001-03250.jsonl,N-132
U03029,87775,87805,represented_with_review_flags,english-03001-03250.jsonl,N-132
U03030,87805,87834,represented_with_review_flags,english-03001-03250.jsonl,N-132
U03031,87834,87860,represented_with_review_flags,english-03001-03250.jsonl,N-132
U03032,87860,87890,represented_with_review_flags,english-03001-03250.jsonl,N-132;N-T77
U03033,87890,87919,represented_with_review_flags,english-03001-03250.jsonl,N-132
U03034,87919,87954,represented_with_review_flags,english-03001-03250.jsonl,N-132
U03035,87954,87983,represented_with_review_flags,english-03001-03250.jsonl,N-132
U03036,87983,88012,represented_with_review_flags,english-03001-03250.jsonl,N-132
U03037,88012,88039,represented_with_review_flags,english-03001-03250.jsonl,N-132
U03038,88039,88070,represented_with_review_flags,english-03001-03250.jsonl,N-132
U03039,88070,88101,represented_with_review_flags,english-03001-03250.jsonl,N-132;N-T70
U03040,88101,88130,represented_with_review_flags,english-03001-03250.jsonl,N-132
U03041,88130,88158,represented_with_review_flags,english-03001-03250.jsonl,N-133
U03042,88158,88188,represented_with_review_flags,english-03001-03250.jsonl,N-133
U03043,88188,88215,represented_with_review_flags,english-03001-03250.jsonl,N-133
U03044,88215,88246,represented_with_review_flags,english-03001-03250.jsonl,N-133
U03045,88246,88282,represented_with_review_flags,english-03001-03250.jsonl,N-133
U03046,88282,88312,represented_with_review_flags,english-03001-03250.jsonl,N-133;N-T72
U03047,88312,88350,represented_with_review_flags,english-03001-03250.jsonl,N-133
U03048,88350,88382,represented_with_review_flags,english-03001-03250.jsonl,N-133
U03049,88382,88416,represented_with_review_flags,english-03001-03250.jsonl,N-133
U03050,88416,88441,represented_with_review_flags,english-03001-03250.jsonl,N-133;N-T72
U03051,88441,88471,represented_with_review_flags,english-03001-03250.jsonl,N-133
U03052,88471,88502,represented_with_review_flags,english-03001-03250.jsonl,N-133
U03053,88502,88532,represented_with_review_flags,english-03001-03250.jsonl,N-133
U03054,88532,88562,represented_with_review_flags,english-03001-03250.jsonl,N-133
U03055,88562,88589,represented_with_review_flags,english-03001-03250.jsonl,N-133
U03056,88589,88603,represented_draft,english-03001-03250.jsonl,
U03057,88603,88632,represented_with_review_flags,english-03001-03250.jsonl,N-134
U03058,88632,88661,represented_with_review_flags,english-03001-03250.jsonl,N-134
U03059,88661,88691,represented_with_review_flags,english-03001-03250.jsonl,N-134
U03060,88691,88717,represented_with_review_flags,english-03001-03250.jsonl,N-134
U03061,88717,88747,represented_with_review_flags,english-03001-03250.jsonl,N-134
U03062,88747,88777,represented_with_review_flags,english-03001-03250.jsonl,N-134
U03063,88777,88810,represented_with_review_flags,english-03001-03250.jsonl,N-134
U03064,88810,88842,represented_with_review_flags,english-03001-03250.jsonl,N-134
U03065,88842,88869,represented_with_review_flags,english-03001-03250.jsonl,N-134
U03066,88869,88903,represented_with_review_flags,english-03001-03250.jsonl,N-134
U03067,88903,88935,represented_with_review_flags,english-03001-03250.jsonl,N-134
U03068,88935,88966,represented_with_review_flags,english-03001-03250.jsonl,N-134
U03069,88966,88997,represented_with_review_flags,english-03001-03250.jsonl,N-134
U03070,88997,89026,represented_with_review_flags,english-03001-03250.jsonl,N-134
U03071,89026,89055,represented_with_review_flags,english-03001-03250.jsonl,N-134
U03072,89055,89088,represented_with_review_flags,english-03001-03250.jsonl,N-134
U03073,89088,89115,represented_with_review_flags,english-03001-03250.jsonl,N-134
U03074,89115,89145,represented_with_review_flags,english-03001-03250.jsonl,N-134
U03075,89145,89174,represented_with_review_flags,english-03001-03250.jsonl,N-134
U03076,89174,89204,represented_with_review_flags,english-03001-03250.jsonl,N-134
U03077,89204,89232,represented_with_review_flags,english-03001-03250.jsonl,N-134
U03078,89232,89259,represented_with_review_flags,english-03001-03250.jsonl,N-134
U03079,89259,89287,represented_with_review_flags,english-03001-03250.jsonl,N-134;N-T71
U03080,89287,89313,represented_with_review_flags,english-03001-03250.jsonl,N-134;N-T71
U03081,89313,89341,represented_with_review_flags,english-03001-03250.jsonl,N-134
U03082,89341,89371,represented_with_review_flags,english-03001-03250.jsonl,N-134
U03083,89371,89398,represented_with_review_flags,english-03001-03250.jsonl,N-134
U03084,89398,89428,represented_with_review_flags,english-03001-03250.jsonl,N-134
U03085,89428,89455,represented_with_review_flags,english-03001-03250.jsonl,N-134
U03086,89455,89486,represented_with_review_flags,english-03001-03250.jsonl,N-134
U03087,89486,89518,represented_with_review_flags,english-03001-03250.jsonl,N-134
U03088,89518,89548,represented_with_review_flags,english-03001-03250.jsonl,N-134
U03089,89548,89576,represented_with_review_flags,english-03001-03250.jsonl,N-134
U03090,89576,89603,represented_with_review_flags,english-03001-03250.jsonl,N-134
U03091,89603,89631,represented_with_review_flags,english-03001-03250.jsonl,N-134
U03092,89631,89659,represented_with_review_flags,english-03001-03250.jsonl,N-134
U03093,89659,89678,represented_draft,english-03001-03250.jsonl,
U03094,89678,89709,represented_with_review_flags,english-03001-03250.jsonl,N-135
U03095,89709,89740,represented_with_review_flags,english-03001-03250.jsonl,N-135
U03096,89740,89770,represented_with_review_flags,english-03001-03250.jsonl,N-135
U03097,89770,89797,represented_with_review_flags,english-03001-03250.jsonl,N-135
U03098,89797,89822,represented_with_review_flags,english-03001-03250.jsonl,N-135
U03099,89822,89846,represented_with_review_flags,english-03001-03250.jsonl,N-135
U03100,89846,89874,represented_with_review_flags,english-03001-03250.jsonl,N-135
U03101,89874,89902,represented_with_review_flags,english-03001-03250.jsonl,N-135
U03102,89902,89930,represented_with_review_flags,english-03001-03250.jsonl,N-135
U03103,89930,89960,represented_with_review_flags,english-03001-03250.jsonl,N-135
U03104,89960,89985,represented_with_review_flags,english-03001-03250.jsonl,N-135
U03105,89985,90014,represented_with_review_flags,english-03001-03250.jsonl,N-135
U03106,90014,90042,represented_with_review_flags,english-03001-03250.jsonl,N-135
U03107,90042,90069,represented_with_review_flags,english-03001-03250.jsonl,N-135
U03108,90069,90093,represented_with_review_flags,english-03001-03250.jsonl,N-135
U03109,90093,90124,represented_with_review_flags,english-03001-03250.jsonl,N-135;N-T70
U03110,90124,90154,represented_with_review_flags,english-03001-03250.jsonl,N-135
U03111,90154,90180,represented_with_review_flags,english-03001-03250.jsonl,N-135
U03112,90180,90206,represented_with_review_flags,english-03001-03250.jsonl,N-135
U03113,90206,90233,represented_with_review_flags,english-03001-03250.jsonl,N-135
U03114,90233,90268,represented_with_review_flags,english-03001-03250.jsonl,N-135
U03115,90268,90297,represented_with_review_flags,english-03001-03250.jsonl,N-135
U03116,90297,90330,represented_with_review_flags,english-03001-03250.jsonl,N-135
U03117,90330,90354,represented_with_review_flags,english-03001-03250.jsonl,N-135
U03118,90354,90380,represented_with_review_flags,english-03001-03250.jsonl,N-135
U03119,90380,90407,represented_with_review_flags,english-03001-03250.jsonl,N-135
U03120,90407,90439,represented_with_review_flags,english-03001-03250.jsonl,N-135
U03121,90439,90469,represented_with_review_flags,english-03001-03250.jsonl,N-135
U03122,90469,90503,represented_with_review_flags,english-03001-03250.jsonl,N-135
U03123,90503,90531,represented_with_review_flags,english-03001-03250.jsonl,N-135
U03124,90531,90559,represented_with_review_flags,english-03001-03250.jsonl,N-135
U03125,90559,90590,represented_with_review_flags,english-03001-03250.jsonl,N-135;N-T72
U03126,90590,90618,represented_with_review_flags,english-03001-03250.jsonl,N-135
U03127,90618,90650,represented_with_review_flags,english-03001-03250.jsonl,N-135
U03128,90650,90674,represented_with_review_flags,english-03001-03250.jsonl,N-135;N-T72
U03129,90674,90704,represented_with_review_flags,english-03001-03250.jsonl,N-135
U03130,90704,90736,represented_with_review_flags,english-03001-03250.jsonl,N-135
U03131,90736,90767,represented_with_review_flags,english-03001-03250.jsonl,N-135
U03132,90767,90796,represented_with_review_flags,english-03001-03250.jsonl,N-135
U03133,90796,90822,represented_with_review_flags,english-03001-03250.jsonl,N-135
U03134,90822,90841,represented_draft,english-03001-03250.jsonl,
U03135,90841,90869,represented_with_review_flags,english-03001-03250.jsonl,N-136
U03136,90869,90898,represented_with_review_flags,english-03001-03250.jsonl,N-136
U03137,90898,90932,represented_with_review_flags,english-03001-03250.jsonl,N-136
U03138,90932,90962,represented_with_review_flags,english-03001-03250.jsonl,N-136
U03139,90962,90987,represented_with_review_flags,english-03001-03250.jsonl,N-136
U03140,90987,91020,represented_with_review_flags,english-03001-03250.jsonl,N-136
U03141,91020,91043,represented_with_review_flags,english-03001-03250.jsonl,N-136;N-T73
U03142,91043,91067,represented_with_review_flags,english-03001-03250.jsonl,N-136
U03143,91067,91094,represented_with_review_flags,english-03001-03250.jsonl,N-136
U03144,91094,91125,represented_with_review_flags,english-03001-03250.jsonl,N-136;N-T73
U03145,91125,91159,represented_with_review_flags,english-03001-03250.jsonl,N-136
U03146,91159,91186,represented_with_review_flags,english-03001-03250.jsonl,N-136
U03147,91186,91216,represented_with_review_flags,english-03001-03250.jsonl,N-136
U03148,91216,91243,represented_with_review_flags,english-03001-03250.jsonl,N-136
U03149,91243,91272,represented_with_review_flags,english-03001-03250.jsonl,N-136
U03150,91272,91299,represented_with_review_flags,english-03001-03250.jsonl,N-136
U03151,91299,91325,represented_with_review_flags,english-03001-03250.jsonl,N-136
U03152,91325,91348,represented_with_review_flags,english-03001-03250.jsonl,N-136
U03153,91348,91375,represented_with_review_flags,english-03001-03250.jsonl,N-136;N-T73
U03154,91375,91405,represented_with_review_flags,english-03001-03250.jsonl,N-136
U03155,91405,91436,represented_with_review_flags,english-03001-03250.jsonl,N-136
U03156,91436,91466,represented_with_review_flags,english-03001-03250.jsonl,N-136
U03157,91466,91494,represented_with_review_flags,english-03001-03250.jsonl,N-136;N-T74
U03158,91494,91523,represented_with_review_flags,english-03001-03250.jsonl,N-136
U03159,91523,91563,represented_with_review_flags,english-03001-03250.jsonl,N-136
U03160,91563,91589,represented_with_review_flags,english-03001-03250.jsonl,N-136;N-T73
U03161,91589,91619,represented_with_review_flags,english-03001-03250.jsonl,N-136
U03162,91619,91647,represented_with_review_flags,english-03001-03250.jsonl,N-136
U03163,91647,91678,represented_with_review_flags,english-03001-03250.jsonl,N-136
U03164,91678,91707,represented_with_review_flags,english-03001-03250.jsonl,N-136;N-T73
U03165,91707,91737,represented_with_review_flags,english-03001-03250.jsonl,N-136
U03166,91737,91767,represented_with_review_flags,english-03001-03250.jsonl,N-136
U03167,91767,91802,represented_with_review_flags,english-03001-03250.jsonl,N-136
U03168,91802,91827,represented_with_review_flags,english-03001-03250.jsonl,N-137
U03169,91827,91857,represented_with_review_flags,english-03001-03250.jsonl,N-137
U03170,91857,91886,represented_with_review_flags,english-03001-03250.jsonl,N-137
U03171,91886,91915,represented_with_review_flags,english-03001-03250.jsonl,N-137
U03172,91915,91942,represented_with_review_flags,english-03001-03250.jsonl,N-137
U03173,91942,91970,represented_with_review_flags,english-03001-03250.jsonl,N-137
U03174,91970,91996,represented_with_review_flags,english-03001-03250.jsonl,N-137
U03175,91996,92025,represented_with_review_flags,english-03001-03250.jsonl,N-137
U03176,92025,92050,represented_with_review_flags,english-03001-03250.jsonl,N-137
U03177,92050,92074,represented_with_review_flags,english-03001-03250.jsonl,N-137
U03178,92074,92106,represented_with_review_flags,english-03001-03250.jsonl,N-137
U03179,92106,92134,represented_with_review_flags,english-03001-03250.jsonl,N-137
U03180,92134,92159,represented_with_review_flags,english-03001-03250.jsonl,N-137
U03181,92159,92193,represented_with_review_flags,english-03001-03250.jsonl,N-137
U03182,92193,92223,represented_with_review_flags,english-03001-03250.jsonl,N-137
U03183,92223,92249,represented_with_review_flags,english-03001-03250.jsonl,N-137
U03184,92249,92278,represented_with_review_flags,english-03001-03250.jsonl,N-137
U03185,92278,92311,represented_with_review_flags,english-03001-03250.jsonl,N-137
U03186,92311,92342,represented_with_review_flags,english-03001-03250.jsonl,N-137
U03187,92342,92375,represented_with_review_flags,english-03001-03250.jsonl,N-137
U03188,92375,92404,represented_with_review_flags,english-03001-03250.jsonl,N-137
U03189,92404,92435,represented_with_review_flags,english-03001-03250.jsonl,N-137;N-T74
U03190,92435,92465,represented_with_review_flags,english-03001-03250.jsonl,N-137
U03191,92465,92498,represented_with_review_flags,english-03001-03250.jsonl,N-137
U03192,92498,92517,represented_draft,english-03001-03250.jsonl,
U03193,92517,92544,represented_with_review_flags,english-03001-03250.jsonl,N-138
U03194,92544,92575,represented_with_review_flags,english-03001-03250.jsonl,N-138
U03195,92575,92606,represented_with_review_flags,english-03001-03250.jsonl,N-138
U03196,92606,92634,represented_with_review_flags,english-03001-03250.jsonl,N-138
U03197,92634,92667,represented_with_review_flags,english-03001-03250.jsonl,N-138
U03198,92667,92694,represented_with_review_flags,english-03001-03250.jsonl,N-138;N-T78
U03199,92694,92724,represented_with_review_flags,english-03001-03250.jsonl,N-138
U03200,92724,92752,represented_with_review_flags,english-03001-03250.jsonl,N-138
U03201,92752,92782,represented_with_review_flags,english-03001-03250.jsonl,N-138
U03202,92782,92805,represented_with_review_flags,english-03001-03250.jsonl,N-138
U03203,92805,92832,represented_with_review_flags,english-03001-03250.jsonl,N-138
U03204,92832,92864,represented_with_review_flags,english-03001-03250.jsonl,N-138
U03205,92864,92891,represented_with_review_flags,english-03001-03250.jsonl,N-138
U03206,92891,92923,represented_with_review_flags,english-03001-03250.jsonl,N-138
U03207,92923,92952,represented_with_review_flags,english-03001-03250.jsonl,N-138
U03208,92952,92981,represented_with_review_flags,english-03001-03250.jsonl,N-138
U03209,92981,93015,represented_with_review_flags,english-03001-03250.jsonl,N-138
U03210,93015,93041,represented_with_review_flags,english-03001-03250.jsonl,N-138
U03211,93041,93067,represented_with_review_flags,english-03001-03250.jsonl,N-138
U03212,93067,93095,represented_with_review_flags,english-03001-03250.jsonl,N-138
U03213,93095,93123,represented_with_review_flags,english-03001-03250.jsonl,N-138
U03214,93123,93150,represented_with_review_flags,english-03001-03250.jsonl,N-138
U03215,93150,93177,represented_with_review_flags,english-03001-03250.jsonl,N-138
U03216,93177,93204,represented_with_review_flags,english-03001-03250.jsonl,N-138
U03217,93204,93222,represented_draft,english-03001-03250.jsonl,
U03218,93222,93248,represented_with_review_flags,english-03001-03250.jsonl,N-139
U03219,93248,93275,represented_with_review_flags,english-03001-03250.jsonl,N-139
U03220,93275,93302,represented_with_review_flags,english-03001-03250.jsonl,N-139
U03221,93302,93329,represented_with_review_flags,english-03001-03250.jsonl,N-139
U03222,93329,93359,represented_with_review_flags,english-03001-03250.jsonl,N-139;N-T74
U03223,93359,93384,represented_with_review_flags,english-03001-03250.jsonl,N-139
U03224,93384,93408,represented_with_review_flags,english-03001-03250.jsonl,N-139
U03225,93408,93436,represented_with_review_flags,english-03001-03250.jsonl,N-139
U03226,93436,93462,represented_with_review_flags,english-03001-03250.jsonl,N-139
U03227,93462,93479,represented_draft,english-03001-03250.jsonl,
U03228,93479,93501,represented_with_review_flags,english-03001-03250.jsonl,N-140
U03229,93501,93530,represented_with_review_flags,english-03001-03250.jsonl,N-140
U03230,93530,93560,represented_with_review_flags,english-03001-03250.jsonl,N-140
U03231,93560,93588,represented_with_review_flags,english-03001-03250.jsonl,N-140
U03232,93588,93615,represented_with_review_flags,english-03001-03250.jsonl,N-140
U03233,93615,93644,represented_with_review_flags,english-03001-03250.jsonl,N-140
U03234,93644,93667,represented_with_review_flags,english-03001-03250.jsonl,N-140
U03235,93667,93696,represented_with_review_flags,english-03001-03250.jsonl,N-140
U03236,93696,93724,represented_with_review_flags,english-03001-03250.jsonl,N-140
U03237,93724,93754,represented_with_review_flags,english-03001-03250.jsonl,N-140
U03238,93754,93780,represented_with_review_flags,english-03001-03250.jsonl,N-140
U03239,93780,93810,represented_with_review_flags,english-03001-03250.jsonl,N-140;N-T75
U03240,93810,93842,represented_with_review_flags,english-03001-03250.jsonl,N-140
U03241,93842,93870,represented_with_review_flags,english-03001-03250.jsonl,N-140
U03242,93870,93889,represented_draft,english-03001-03250.jsonl,
U03243,93889,93915,represented_with_review_flags,english-03001-03250.jsonl,N-141
U03244,93915,93943,represented_with_review_flags,english-03001-03250.jsonl,N-141
U03245,93943,93973,represented_with_review_flags,english-03001-03250.jsonl,N-141
U03246,93973,94003,represented_with_review_flags,english-03001-03250.jsonl,N-141
U03247,94003,94034,represented_with_review_flags,english-03001-03250.jsonl,N-141
U03248,94034,94062,represented_with_review_flags,english-03001-03250.jsonl,N-141
U03249,94062,94090,represented_with_review_flags,english-03001-03250.jsonl,N-141;N-T76
U03250,94090,94123,represented_with_review_flags,english-03001-03250.jsonl,N-141
U03251,94123,94155,represented_with_review_flags,english-03251-03500.jsonl,N-142;N-T79
U03252,94155,94188,represented_with_review_flags,english-03251-03500.jsonl,N-142
U03253,94188,94220,represented_with_review_flags,english-03251-03500.jsonl,N-142
U03254,94220,94248,represented_with_review_flags,english-03251-03500.jsonl,N-142
U03255,94248,94278,represented_with_review_flags,english-03251-03500.jsonl,N-142;N-T79
U03256,94278,94307,represented_with_review_flags,english-03251-03500.jsonl,N-142
U03257,94307,94337,represented_with_review_flags,english-03251-03500.jsonl,N-142;N-T79
U03258,94337,94367,represented_with_review_flags,english-03251-03500.jsonl,N-142
U03259,94367,94386,represented_draft,english-03251-03500.jsonl,
U03260,94386,94415,represented_with_review_flags,english-03251-03500.jsonl,N-143
U03261,94415,94441,represented_with_review_flags,english-03251-03500.jsonl,N-143
U03262,94441,94469,represented_with_review_flags,english-03251-03500.jsonl,N-143
U03263,94469,94502,represented_with_review_flags,english-03251-03500.jsonl,N-143;N-T79
U03264,94502,94533,represented_with_review_flags,english-03251-03500.jsonl,N-143
U03265,94533,94564,represented_with_review_flags,english-03251-03500.jsonl,N-143
U03266,94564,94594,represented_with_review_flags,english-03251-03500.jsonl,N-143
U03267,94594,94624,represented_with_review_flags,english-03251-03500.jsonl,N-143
U03268,94624,94653,represented_with_review_flags,english-03251-03500.jsonl,N-143
U03269,94653,94680,represented_with_review_flags,english-03251-03500.jsonl,N-143
U03270,94680,94703,represented_with_review_flags,english-03251-03500.jsonl,N-143
U03271,94703,94729,represented_with_review_flags,english-03251-03500.jsonl,N-143
U03272,94729,94760,represented_with_review_flags,english-03251-03500.jsonl,N-143
U03273,94760,94788,represented_with_review_flags,english-03251-03500.jsonl,N-143
U03274,94788,94816,represented_with_review_flags,english-03251-03500.jsonl,N-143
U03275,94816,94840,represented_with_review_flags,english-03251-03500.jsonl,N-143
U03276,94840,94873,represented_with_review_flags,english-03251-03500.jsonl,N-143
U03277,94873,94901,represented_with_review_flags,english-03251-03500.jsonl,N-143;N-T80
U03278,94901,94931,represented_with_review_flags,english-03251-03500.jsonl,N-143
U03279,94931,94961,represented_with_review_flags,english-03251-03500.jsonl,N-143;N-T80
U03280,94961,94995,represented_with_review_flags,english-03251-03500.jsonl,N-143;N-T80
U03281,94995,95020,represented_with_review_flags,english-03251-03500.jsonl,N-143;N-T80
U03282,95020,95049,represented_with_review_flags,english-03251-03500.jsonl,N-143;N-T80
U03283,95049,95078,represented_with_review_flags,english-03251-03500.jsonl,N-143
U03284,95078,95107,represented_with_review_flags,english-03251-03500.jsonl,N-143;N-T81
U03285,95107,95135,represented_with_review_flags,english-03251-03500.jsonl,N-143
U03286,95135,95162,represented_with_review_flags,english-03251-03500.jsonl,N-143;N-T81
U03287,95162,95187,represented_with_review_flags,english-03251-03500.jsonl,N-143
U03288,95187,95218,represented_with_review_flags,english-03251-03500.jsonl,N-143
U03289,95218,95244,represented_with_review_flags,english-03251-03500.jsonl,N-143
U03290,95244,95272,represented_with_review_flags,english-03251-03500.jsonl,N-143
U03291,95272,95292,represented_draft,english-03251-03500.jsonl,
U03292,95292,95320,represented_with_review_flags,english-03251-03500.jsonl,N-144
U03293,95320,95344,represented_with_review_flags,english-03251-03500.jsonl,N-144
U03294,95344,95368,represented_with_review_flags,english-03251-03500.jsonl,N-144
U03295,95368,95393,represented_with_review_flags,english-03251-03500.jsonl,N-144
U03296,95393,95421,represented_with_review_flags,english-03251-03500.jsonl,N-144
U03297,95421,95450,represented_with_review_flags,english-03251-03500.jsonl,N-144
U03298,95450,95474,represented_with_review_flags,english-03251-03500.jsonl,N-144
U03299,95474,95496,represented_with_review_flags,english-03251-03500.jsonl,N-144
U03300,95496,95526,represented_with_review_flags,english-03251-03500.jsonl,N-144
U03301,95526,95557,represented_with_review_flags,english-03251-03500.jsonl,N-144;N-T81
U03302,95557,95589,represented_with_review_flags,english-03251-03500.jsonl,N-144
U03303,95589,95617,represented_with_review_flags,english-03251-03500.jsonl,N-144
U03304,95617,95639,represented_with_review_flags,english-03251-03500.jsonl,N-144
U03305,95639,95664,represented_with_review_flags,english-03251-03500.jsonl,N-144
U03306,95664,95694,represented_with_review_flags,english-03251-03500.jsonl,N-144;N-T80
U03307,95694,95725,represented_with_review_flags,english-03251-03500.jsonl,N-144;N-T80
U03308,95725,95754,represented_with_review_flags,english-03251-03500.jsonl,N-144
U03309,95754,95786,represented_with_review_flags,english-03251-03500.jsonl,N-144
U03310,95786,95816,represented_with_review_flags,english-03251-03500.jsonl,N-144
U03311,95816,95842,represented_with_review_flags,english-03251-03500.jsonl,N-144
U03312,95842,95872,represented_with_review_flags,english-03251-03500.jsonl,N-144;N-T81
U03313,95872,95904,represented_with_review_flags,english-03251-03500.jsonl,N-144
U03314,95904,95932,represented_with_review_flags,english-03251-03500.jsonl,N-144;N-T81
U03315,95932,95961,represented_with_review_flags,english-03251-03500.jsonl,N-144
U03316,95961,95990,represented_with_review_flags,english-03251-03500.jsonl,N-144
U03317,95990,96018,represented_with_review_flags,english-03251-03500.jsonl,N-144
U03318,96018,96047,represented_with_review_flags,english-03251-03500.jsonl,N-144
U03319,96047,96065,represented_draft,english-03251-03500.jsonl,
U03320,96065,96097,represented_with_review_flags,english-03251-03500.jsonl,N-145
U03321,96097,96123,represented_with_review_flags,english-03251-03500.jsonl,N-145
U03322,96123,96149,represented_with_review_flags,english-03251-03500.jsonl,N-145
U03323,96149,96177,represented_with_review_flags,english-03251-03500.jsonl,N-145
U03324,96177,96206,represented_with_review_flags,english-03251-03500.jsonl,N-145
U03325,96206,96231,represented_with_review_flags,english-03251-03500.jsonl,N-145
U03326,96231,96264,represented_with_review_flags,english-03251-03500.jsonl,N-145
U03327,96264,96292,represented_with_review_flags,english-03251-03500.jsonl,N-145
U03328,96292,96317,represented_with_review_flags,english-03251-03500.jsonl,N-145
U03329,96317,96347,represented_with_review_flags,english-03251-03500.jsonl,N-145
U03330,96347,96378,represented_with_review_flags,english-03251-03500.jsonl,N-145
U03331,96378,96407,represented_with_review_flags,english-03251-03500.jsonl,N-145
U03332,96407,96431,represented_with_review_flags,english-03251-03500.jsonl,N-145
U03333,96431,96461,represented_with_review_flags,english-03251-03500.jsonl,N-145
U03334,96461,96489,represented_with_review_flags,english-03251-03500.jsonl,N-145
U03335,96489,96518,represented_with_review_flags,english-03251-03500.jsonl,N-145
U03336,96518,96548,represented_with_review_flags,english-03251-03500.jsonl,N-145
U03337,96548,96577,represented_with_review_flags,english-03251-03500.jsonl,N-145
U03338,96577,96607,represented_with_review_flags,english-03251-03500.jsonl,N-145
U03339,96607,96623,represented_draft,english-03251-03500.jsonl,
U03340,96623,96653,represented_with_review_flags,english-03251-03500.jsonl,N-146
U03341,96653,96680,represented_with_review_flags,english-03251-03500.jsonl,N-146
U03342,96680,96706,represented_with_review_flags,english-03251-03500.jsonl,N-146
U03343,96706,96733,represented_with_review_flags,english-03251-03500.jsonl,N-146
U03344,96733,96760,represented_with_review_flags,english-03251-03500.jsonl,N-146
U03345,96760,96786,represented_with_review_flags,english-03251-03500.jsonl,N-146
U03346,96786,96813,represented_with_review_flags,english-03251-03500.jsonl,N-146
U03347,96813,96844,represented_with_review_flags,english-03251-03500.jsonl,N-146
U03348,96844,96875,represented_with_review_flags,english-03251-03500.jsonl,N-146
U03349,96875,96907,represented_with_review_flags,english-03251-03500.jsonl,N-146
U03350,96907,96936,represented_with_review_flags,english-03251-03500.jsonl,N-146
U03351,96936,96968,represented_with_review_flags,english-03251-03500.jsonl,N-146
U03352,96968,96991,represented_with_review_flags,english-03251-03500.jsonl,N-146
U03353,96991,97010,represented_draft,english-03251-03500.jsonl,
U03354,97010,97041,represented_with_review_flags,english-03251-03500.jsonl,N-147
U03355,97041,97067,represented_with_review_flags,english-03251-03500.jsonl,N-147
U03356,97067,97096,represented_with_review_flags,english-03251-03500.jsonl,N-147;N-T81
U03357,97096,97123,represented_with_review_flags,english-03251-03500.jsonl,N-147
U03358,97123,97152,represented_with_review_flags,english-03251-03500.jsonl,N-147
U03359,97152,97180,represented_with_review_flags,english-03251-03500.jsonl,N-147
U03360,97180,97204,represented_with_review_flags,english-03251-03500.jsonl,N-147
U03361,97204,97230,represented_with_review_flags,english-03251-03500.jsonl,N-147
U03362,97230,97257,represented_with_review_flags,english-03251-03500.jsonl,N-147;N-T81
U03363,97257,97287,represented_with_review_flags,english-03251-03500.jsonl,N-147
U03364,97287,97314,represented_with_review_flags,english-03251-03500.jsonl,N-147
U03365,97314,97343,represented_with_review_flags,english-03251-03500.jsonl,N-147
U03366,97343,97374,represented_with_review_flags,english-03251-03500.jsonl,N-147
U03367,97374,97404,represented_with_review_flags,english-03251-03500.jsonl,N-147
U03368,97404,97430,represented_with_review_flags,english-03251-03500.jsonl,N-147
U03369,97430,97454,represented_with_review_flags,english-03251-03500.jsonl,N-147
U03370,97454,97484,represented_with_review_flags,english-03251-03500.jsonl,N-147
U03371,97484,97512,represented_with_review_flags,english-03251-03500.jsonl,N-147
U03372,97512,97541,represented_with_review_flags,english-03251-03500.jsonl,N-147
U03373,97541,97560,represented_draft,english-03251-03500.jsonl,
U03374,97560,97588,represented_with_review_flags,english-03251-03500.jsonl,N-148
U03375,97588,97617,represented_with_review_flags,english-03251-03500.jsonl,N-148
U03376,97617,97642,represented_with_review_flags,english-03251-03500.jsonl,N-148
U03377,97642,97669,represented_with_review_flags,english-03251-03500.jsonl,N-148
U03378,97669,97691,represented_with_review_flags,english-03251-03500.jsonl,N-148
U03379,97691,97720,represented_with_review_flags,english-03251-03500.jsonl,N-148;N-T83
U03380,97720,97753,represented_with_review_flags,english-03251-03500.jsonl,N-148;N-T83
U03381,97753,97781,represented_with_review_flags,english-03251-03500.jsonl,N-148;N-T83
U03382,97781,97806,represented_with_review_flags,english-03251-03500.jsonl,N-148
U03383,97806,97835,represented_with_review_flags,english-03251-03500.jsonl,N-148
U03384,97835,97863,represented_with_review_flags,english-03251-03500.jsonl,N-148
U03385,97863,97891,represented_with_review_flags,english-03251-03500.jsonl,N-148
U03386,97891,97917,represented_with_review_flags,english-03251-03500.jsonl,N-148
U03387,97917,97946,represented_with_review_flags,english-03251-03500.jsonl,N-148
U03388,97946,97972,represented_with_review_flags,english-03251-03500.jsonl,N-148
U03389,97972,98002,represented_with_review_flags,english-03251-03500.jsonl,N-148
U03390,98002,98032,represented_with_review_flags,english-03251-03500.jsonl,N-148
U03391,98032,98062,represented_with_review_flags,english-03251-03500.jsonl,N-148
U03392,98062,98089,represented_with_review_flags,english-03251-03500.jsonl,N-148
U03393,98089,98118,represented_with_review_flags,english-03251-03500.jsonl,N-148
U03394,98118,98149,represented_with_review_flags,english-03251-03500.jsonl,N-148
U03395,98149,98168,represented_draft,english-03251-03500.jsonl,
U03396,98168,98203,represented_with_review_flags,english-03251-03500.jsonl,N-149
U03397,98203,98231,represented_with_review_flags,english-03251-03500.jsonl,N-149
U03398,98231,98259,represented_with_review_flags,english-03251-03500.jsonl,N-149
U03399,98259,98292,represented_with_review_flags,english-03251-03500.jsonl,N-149
U03400,98292,98316,represented_with_review_flags,english-03251-03500.jsonl,N-149
U03401,98316,98343,represented_with_review_flags,english-03251-03500.jsonl,N-149
U03402,98343,98367,represented_with_review_flags,english-03251-03500.jsonl,N-149
U03403,98367,98398,represented_with_review_flags,english-03251-03500.jsonl,N-149
U03404,98398,98427,represented_with_review_flags,english-03251-03500.jsonl,N-149;N-T82
U03405,98427,98458,represented_with_review_flags,english-03251-03500.jsonl,N-149
U03406,98458,98488,represented_with_review_flags,english-03251-03500.jsonl,N-149
U03407,98488,98518,represented_with_review_flags,english-03251-03500.jsonl,N-149
U03408,98518,98544,represented_with_review_flags,english-03251-03500.jsonl,N-149
U03409,98544,98574,represented_with_review_flags,english-03251-03500.jsonl,N-149
U03410,98574,98603,represented_with_review_flags,english-03251-03500.jsonl,N-149
U03411,98603,98632,represented_with_review_flags,english-03251-03500.jsonl,N-149
U03412,98632,98661,represented_with_review_flags,english-03251-03500.jsonl,N-149
U03413,98661,98695,represented_with_review_flags,english-03251-03500.jsonl,N-149
U03414,98695,98727,represented_with_review_flags,english-03251-03500.jsonl,N-149
U03415,98727,98756,represented_with_review_flags,english-03251-03500.jsonl,N-149;N-T84
U03416,98756,98783,represented_with_review_flags,english-03251-03500.jsonl,N-149
U03417,98783,98812,represented_with_review_flags,english-03251-03500.jsonl,N-149
U03418,98812,98843,represented_with_review_flags,english-03251-03500.jsonl,N-149
U03419,98843,98874,represented_with_review_flags,english-03251-03500.jsonl,N-149
U03420,98874,98905,represented_with_review_flags,english-03251-03500.jsonl,N-149
U03421,98905,98942,represented_with_review_flags,english-03251-03500.jsonl,N-149
U03422,98942,98972,represented_with_review_flags,english-03251-03500.jsonl,N-149;N-T84
U03423,98972,99000,represented_with_review_flags,english-03251-03500.jsonl,N-149
U03424,99000,99027,represented_with_review_flags,english-03251-03500.jsonl,N-149
U03425,99027,99055,represented_with_review_flags,english-03251-03500.jsonl,N-149
U03426,99055,99081,represented_with_review_flags,english-03251-03500.jsonl,N-149
U03427,99081,99113,represented_with_review_flags,english-03251-03500.jsonl,N-149
U03428,99113,99146,represented_with_review_flags,english-03251-03500.jsonl,N-149
U03429,99146,99172,represented_with_review_flags,english-03251-03500.jsonl,N-149
U03430,99172,99199,represented_with_review_flags,english-03251-03500.jsonl,N-149
U03431,99199,99231,represented_with_review_flags,english-03251-03500.jsonl,N-149
U03432,99231,99249,represented_draft,english-03251-03500.jsonl,
U03433,99249,99278,represented_with_review_flags,english-03251-03500.jsonl,N-150
U03434,99278,99307,represented_with_review_flags,english-03251-03500.jsonl,N-150
U03435,99307,99332,represented_with_review_flags,english-03251-03500.jsonl,N-150
U03436,99332,99363,represented_with_review_flags,english-03251-03500.jsonl,N-150
U03437,99363,99395,represented_with_review_flags,english-03251-03500.jsonl,N-150
U03438,99395,99426,represented_with_review_flags,english-03251-03500.jsonl,N-150
U03439,99426,99453,represented_with_review_flags,english-03251-03500.jsonl,N-150
U03440,99453,99481,represented_with_review_flags,english-03251-03500.jsonl,N-150
U03441,99481,99513,represented_with_review_flags,english-03251-03500.jsonl,N-150
U03442,99513,99539,represented_with_review_flags,english-03251-03500.jsonl,N-150
U03443,99539,99566,represented_with_review_flags,english-03251-03500.jsonl,N-150
U03444,99566,99594,represented_with_review_flags,english-03251-03500.jsonl,N-150
U03445,99594,99625,represented_with_review_flags,english-03251-03500.jsonl,N-150
U03446,99625,99652,represented_with_review_flags,english-03251-03500.jsonl,N-150
U03447,99652,99680,represented_with_review_flags,english-03251-03500.jsonl,N-150
U03448,99680,99710,represented_with_review_flags,english-03251-03500.jsonl,N-150
U03449,99710,99738,represented_with_review_flags,english-03251-03500.jsonl,N-150
U03450,99738,99767,represented_with_review_flags,english-03251-03500.jsonl,N-150
U03451,99767,99793,represented_with_review_flags,english-03251-03500.jsonl,N-150
U03452,99793,99825,represented_with_review_flags,english-03251-03500.jsonl,N-150
U03453,99825,99849,represented_with_review_flags,english-03251-03500.jsonl,N-150
U03454,99849,99866,represented_draft,english-03251-03500.jsonl,
U03455,99866,99895,represented_with_review_flags,english-03251-03500.jsonl,N-151
U03456,99895,99918,represented_with_review_flags,english-03251-03500.jsonl,N-151
U03457,99918,99951,represented_with_review_flags,english-03251-03500.jsonl,N-151
U03458,99951,99983,represented_with_review_flags,english-03251-03500.jsonl,N-151;N-T84
U03459,99983,100009,represented_with_review_flags,english-03251-03500.jsonl,N-151
U03460,100009,100033,represented_with_review_flags,english-03251-03500.jsonl,N-151
U03461,100033,100063,represented_with_review_flags,english-03251-03500.jsonl,N-151
U03462,100063,100088,represented_with_review_flags,english-03251-03500.jsonl,N-151
U03463,100088,100116,represented_with_review_flags,english-03251-03500.jsonl,N-151
U03464,100116,100145,represented_with_review_flags,english-03251-03500.jsonl,N-151
U03465,100145,100173,represented_with_review_flags,english-03251-03500.jsonl,N-151
U03466,100173,100203,represented_with_review_flags,english-03251-03500.jsonl,N-151
U03467,100203,100229,represented_with_review_flags,english-03251-03500.jsonl,N-151
U03468,100229,100257,represented_with_review_flags,english-03251-03500.jsonl,N-151
U03469,100257,100284,represented_with_review_flags,english-03251-03500.jsonl,N-151;N-T84
U03470,100284,100311,represented_with_review_flags,english-03251-03500.jsonl,N-151
U03471,100311,100338,represented_with_review_flags,english-03251-03500.jsonl,N-151
U03472,100338,100366,represented_with_review_flags,english-03251-03500.jsonl,N-151
U03473,100366,100395,represented_with_review_flags,english-03251-03500.jsonl,N-151
U03474,100395,100420,represented_with_review_flags,english-03251-03500.jsonl,N-151
U03475,100420,100450,represented_with_review_flags,english-03251-03500.jsonl,N-151
U03476,100450,100475,represented_with_review_flags,english-03251-03500.jsonl,N-151;N-T84
U03477,100475,100504,represented_with_review_flags,english-03251-03500.jsonl,N-151
U03478,100504,100532,represented_with_review_flags,english-03251-03500.jsonl,N-151
U03479,100532,100561,represented_with_review_flags,english-03251-03500.jsonl,N-151
U03480,100561,100590,represented_with_review_flags,english-03251-03500.jsonl,N-151
U03481,100590,100620,represented_with_review_flags,english-03251-03500.jsonl,N-151
U03482,100620,100651,represented_with_review_flags,english-03251-03500.jsonl,N-151
U03483,100651,100677,represented_with_review_flags,english-03251-03500.jsonl,N-151
U03484,100677,100706,represented_with_review_flags,english-03251-03500.jsonl,N-151
U03485,100706,100734,represented_with_review_flags,english-03251-03500.jsonl,N-151
U03486,100734,100758,represented_with_review_flags,english-03251-03500.jsonl,N-151
U03487,100758,100777,represented_draft,english-03251-03500.jsonl,
U03488,100777,100806,represented_with_review_flags,english-03251-03500.jsonl,N-152
U03489,100806,100834,represented_with_review_flags,english-03251-03500.jsonl,N-152
U03490,100834,100864,represented_with_review_flags,english-03251-03500.jsonl,N-152
U03491,100864,100890,represented_with_review_flags,english-03251-03500.jsonl,N-152
U03492,100890,100923,represented_with_review_flags,english-03251-03500.jsonl,N-152
U03493,100923,100951,represented_with_review_flags,english-03251-03500.jsonl,N-152
U03494,100951,100993,represented_with_review_flags,english-03251-03500.jsonl,N-152
U03495,100993,101021,represented_with_review_flags,english-03251-03500.jsonl,N-152
U03496,101021,101051,represented_with_review_flags,english-03251-03500.jsonl,N-152
U03497,101051,101076,represented_with_review_flags,english-03251-03500.jsonl,N-152
U03498,101076,101101,represented_with_review_flags,english-03251-03500.jsonl,N-152
U03499,101101,101130,represented_with_review_flags,english-03251-03500.jsonl,N-152
U03500,101130,101158,represented_with_review_flags,english-03251-03500.jsonl,N-152
U03501,101158,101184,represented_with_review_flags,english-03501-03750.jsonl,N-153
U03502,101184,101217,represented_with_review_flags,english-03501-03750.jsonl,N-153
U03503,101217,101248,represented_with_review_flags,english-03501-03750.jsonl,N-153
U03504,101248,101280,represented_with_review_flags,english-03501-03750.jsonl,N-153
U03505,101280,101309,represented_with_review_flags,english-03501-03750.jsonl,N-153
U03506,101309,101340,represented_with_review_flags,english-03501-03750.jsonl,N-153
U03507,101340,101366,represented_with_review_flags,english-03501-03750.jsonl,N-153
U03508,101366,101393,represented_with_review_flags,english-03501-03750.jsonl,N-153
U03509,101393,101421,represented_with_review_flags,english-03501-03750.jsonl,N-153
U03510,101421,101447,represented_with_review_flags,english-03501-03750.jsonl,N-153
U03511,101447,101466,represented_draft,english-03501-03750.jsonl,
U03512,101466,101496,represented_with_review_flags,english-03501-03750.jsonl,N-154
U03513,101496,101523,represented_with_review_flags,english-03501-03750.jsonl,N-154
U03514,101523,101552,represented_with_review_flags,english-03501-03750.jsonl,N-154
U03515,101552,101577,represented_with_review_flags,english-03501-03750.jsonl,N-154
U03516,101577,101610,represented_with_review_flags,english-03501-03750.jsonl,N-154
U03517,101610,101636,represented_with_review_flags,english-03501-03750.jsonl,N-154
U03518,101636,101667,represented_with_review_flags,english-03501-03750.jsonl,N-154
U03519,101667,101694,represented_with_review_flags,english-03501-03750.jsonl,N-154
U03520,101694,101722,represented_with_review_flags,english-03501-03750.jsonl,N-154
U03521,101722,101755,represented_with_review_flags,english-03501-03750.jsonl,N-154
U03522,101755,101781,represented_with_review_flags,english-03501-03750.jsonl,N-154
U03523,101781,101812,represented_with_review_flags,english-03501-03750.jsonl,N-154
U03524,101812,101846,represented_with_review_flags,english-03501-03750.jsonl,N-154
U03525,101846,101877,represented_with_review_flags,english-03501-03750.jsonl,N-154
U03526,101877,101908,represented_with_review_flags,english-03501-03750.jsonl,N-154
U03527,101908,101941,represented_with_review_flags,english-03501-03750.jsonl,N-154
U03528,101941,101970,represented_with_review_flags,english-03501-03750.jsonl,N-154
U03529,101970,101992,represented_draft,english-03501-03750.jsonl,
U03530,101992,102019,represented_with_review_flags,english-03501-03750.jsonl,N-155
U03531,102019,102047,represented_with_review_flags,english-03501-03750.jsonl,N-155
U03532,102047,102077,represented_with_review_flags,english-03501-03750.jsonl,N-155
U03533,102077,102104,represented_with_review_flags,english-03501-03750.jsonl,N-155
U03534,102104,102136,represented_with_review_flags,english-03501-03750.jsonl,N-155
U03535,102136,102160,represented_with_review_flags,english-03501-03750.jsonl,N-155
U03536,102160,102193,represented_with_review_flags,english-03501-03750.jsonl,N-155
U03537,102193,102216,represented_with_review_flags,english-03501-03750.jsonl,N-155
U03538,102216,102246,represented_with_review_flags,english-03501-03750.jsonl,N-155
U03539,102246,102272,represented_with_review_flags,english-03501-03750.jsonl,N-155
U03540,102272,102305,represented_with_review_flags,english-03501-03750.jsonl,N-155
U03541,102305,102337,represented_with_review_flags,english-03501-03750.jsonl,N-155
U03542,102337,102361,represented_with_review_flags,english-03501-03750.jsonl,N-155
U03543,102361,102390,represented_with_review_flags,english-03501-03750.jsonl,N-155
U03544,102390,102418,represented_with_review_flags,english-03501-03750.jsonl,N-155
U03545,102418,102450,represented_with_review_flags,english-03501-03750.jsonl,N-155
U03546,102450,102480,represented_with_review_flags,english-03501-03750.jsonl,N-155
U03547,102480,102512,represented_with_review_flags,english-03501-03750.jsonl,N-155
U03548,102512,102540,represented_with_review_flags,english-03501-03750.jsonl,N-155
U03549,102540,102571,represented_with_review_flags,english-03501-03750.jsonl,N-155
U03550,102571,102602,represented_with_review_flags,english-03501-03750.jsonl,N-156
U03551,102602,102626,represented_with_review_flags,english-03501-03750.jsonl,N-156
U03552,102626,102654,represented_with_review_flags,english-03501-03750.jsonl,N-156
U03553,102654,102683,represented_with_review_flags,english-03501-03750.jsonl,N-156
U03554,102683,102709,represented_with_review_flags,english-03501-03750.jsonl,N-156
U03555,102709,102737,represented_with_review_flags,english-03501-03750.jsonl,N-156
U03556,102737,102764,represented_with_review_flags,english-03501-03750.jsonl,N-156
U03557,102764,102792,represented_with_review_flags,english-03501-03750.jsonl,N-156
U03558,102792,102822,represented_with_review_flags,english-03501-03750.jsonl,N-156
U03559,102822,102853,represented_with_review_flags,english-03501-03750.jsonl,N-156
U03560,102853,102881,represented_with_review_flags,english-03501-03750.jsonl,N-156
U03561,102881,102907,represented_with_review_flags,english-03501-03750.jsonl,N-156
U03562,102907,102937,represented_with_review_flags,english-03501-03750.jsonl,N-156
U03563,102937,102970,represented_with_review_flags,english-03501-03750.jsonl,N-156
U03564,102970,103001,represented_with_review_flags,english-03501-03750.jsonl,N-156
U03565,103001,103027,represented_with_review_flags,english-03501-03750.jsonl,N-156
U03566,103027,103056,represented_with_review_flags,english-03501-03750.jsonl,N-156
U03567,103056,103087,represented_with_review_flags,english-03501-03750.jsonl,N-156
U03568,103087,103114,represented_with_review_flags,english-03501-03750.jsonl,N-156
U03569,103114,103141,represented_with_review_flags,english-03501-03750.jsonl,N-156
U03570,103141,103166,represented_with_review_flags,english-03501-03750.jsonl,N-156
U03571,103166,103194,represented_with_review_flags,english-03501-03750.jsonl,N-156
U03572,103194,103222,represented_with_review_flags,english-03501-03750.jsonl,N-156
U03573,103222,103255,represented_with_review_flags,english-03501-03750.jsonl,N-156
U03574,103255,103283,represented_with_review_flags,english-03501-03750.jsonl,N-156
U03575,103283,103315,represented_with_review_flags,english-03501-03750.jsonl,N-156
U03576,103315,103345,represented_with_review_flags,english-03501-03750.jsonl,N-157
U03577,103345,103370,represented_with_review_flags,english-03501-03750.jsonl,N-157
U03578,103370,103400,represented_with_review_flags,english-03501-03750.jsonl,N-157
U03579,103400,103430,represented_with_review_flags,english-03501-03750.jsonl,N-157
U03580,103430,103455,represented_with_review_flags,english-03501-03750.jsonl,N-157
U03581,103455,103482,represented_with_review_flags,english-03501-03750.jsonl,N-157
U03582,103482,103509,represented_with_review_flags,english-03501-03750.jsonl,N-157
U03583,103509,103540,represented_with_review_flags,english-03501-03750.jsonl,N-157
U03584,103540,103568,represented_with_review_flags,english-03501-03750.jsonl,N-157
U03585,103568,103595,represented_with_review_flags,english-03501-03750.jsonl,N-157
U03586,103595,103626,represented_with_review_flags,english-03501-03750.jsonl,N-157
U03587,103626,103655,represented_with_review_flags,english-03501-03750.jsonl,N-157
U03588,103655,103684,represented_with_review_flags,english-03501-03750.jsonl,N-157
U03589,103684,103708,represented_with_review_flags,english-03501-03750.jsonl,N-157
U03590,103708,103740,represented_with_review_flags,english-03501-03750.jsonl,N-157
U03591,103740,103769,represented_with_review_flags,english-03501-03750.jsonl,N-157
U03592,103769,103796,represented_with_review_flags,english-03501-03750.jsonl,N-157
U03593,103796,103825,represented_with_review_flags,english-03501-03750.jsonl,N-157
U03594,103825,103856,represented_with_review_flags,english-03501-03750.jsonl,N-157
U03595,103856,103882,represented_with_review_flags,english-03501-03750.jsonl,N-157
U03596,103882,103913,represented_with_review_flags,english-03501-03750.jsonl,N-157;N-T85
U03597,103913,103946,represented_with_review_flags,english-03501-03750.jsonl,N-157
U03598,103946,103974,represented_with_review_flags,english-03501-03750.jsonl,N-157
U03599,103974,104004,represented_with_review_flags,english-03501-03750.jsonl,N-157
U03600,104004,104029,represented_with_review_flags,english-03501-03750.jsonl,N-157
U03601,104029,104057,represented_with_review_flags,english-03501-03750.jsonl,N-157
U03602,104057,104083,represented_with_review_flags,english-03501-03750.jsonl,N-157
U03603,104083,104113,represented_with_review_flags,english-03501-03750.jsonl,N-157
U03604,104113,104149,represented_with_review_flags,english-03501-03750.jsonl,N-157
U03605,104149,104178,represented_with_review_flags,english-03501-03750.jsonl,N-157
U03606,104178,104209,represented_with_review_flags,english-03501-03750.jsonl,N-157
U03607,104209,104238,represented_with_review_flags,english-03501-03750.jsonl,N-157;N-T85
U03608,104238,104266,represented_with_review_flags,english-03501-03750.jsonl,N-157
U03609,104266,104294,represented_with_review_flags,english-03501-03750.jsonl,N-157
U03610,104294,104323,represented_with_review_flags,english-03501-03750.jsonl,N-158
U03611,104323,104350,represented_with_review_flags,english-03501-03750.jsonl,N-158
U03612,104350,104377,represented_with_review_flags,english-03501-03750.jsonl,N-158
U03613,104377,104409,represented_with_review_flags,english-03501-03750.jsonl,N-158
U03614,104409,104437,represented_with_review_flags,english-03501-03750.jsonl,N-158
U03615,104437,104461,represented_with_review_flags,english-03501-03750.jsonl,N-158
U03616,104461,104492,represented_with_review_flags,english-03501-03750.jsonl,N-158
U03617,104492,104517,represented_with_review_flags,english-03501-03750.jsonl,N-158
U03618,104517,104547,represented_with_review_flags,english-03501-03750.jsonl,N-158
U03619,104547,104578,represented_with_review_flags,english-03501-03750.jsonl,N-158
U03620,104578,104604,represented_with_review_flags,english-03501-03750.jsonl,N-158;N-T85
U03621,104604,104653,represented_with_review_flags,english-03501-03750.jsonl,N-158
U03622,104653,104719,represented_with_review_flags,english-03501-03750.jsonl,N-158
U03623,104719,104749,represented_with_review_flags,english-03501-03750.jsonl,N-159
U03624,104749,104776,represented_with_review_flags,english-03501-03750.jsonl,N-159
U03625,104776,104806,represented_with_review_flags,english-03501-03750.jsonl,N-159
U03626,104806,104833,represented_with_review_flags,english-03501-03750.jsonl,N-159
U03627,104833,104862,represented_with_review_flags,english-03501-03750.jsonl,N-159
U03628,104862,104895,represented_with_review_flags,english-03501-03750.jsonl,N-159
U03629,104895,104924,represented_with_review_flags,english-03501-03750.jsonl,N-159
U03630,104924,104950,represented_with_review_flags,english-03501-03750.jsonl,N-159
U03631,104950,104983,represented_with_review_flags,english-03501-03750.jsonl,N-159
U03632,104983,105011,represented_with_review_flags,english-03501-03750.jsonl,N-159
U03633,105011,105037,represented_with_review_flags,english-03501-03750.jsonl,N-159
U03634,105037,105064,represented_with_review_flags,english-03501-03750.jsonl,N-159
U03635,105064,105091,represented_with_review_flags,english-03501-03750.jsonl,N-159
U03636,105091,105119,represented_with_review_flags,english-03501-03750.jsonl,N-159
U03637,105119,105143,represented_with_review_flags,english-03501-03750.jsonl,N-159
U03638,105143,105174,represented_with_review_flags,english-03501-03750.jsonl,N-159
U03639,105174,105202,represented_with_review_flags,english-03501-03750.jsonl,N-159
U03640,105202,105228,represented_with_review_flags,english-03501-03750.jsonl,N-159;N-T87
U03641,105228,105254,represented_with_review_flags,english-03501-03750.jsonl,N-159
U03642,105254,105280,represented_with_review_flags,english-03501-03750.jsonl,N-159;N-T87
U03643,105280,105306,represented_with_review_flags,english-03501-03750.jsonl,N-159
U03644,105306,105338,represented_with_review_flags,english-03501-03750.jsonl,N-159
U03645,105338,105368,represented_with_review_flags,english-03501-03750.jsonl,N-159
U03646,105368,105391,represented_with_review_flags,english-03501-03750.jsonl,N-159;N-T87
U03647,105391,105421,represented_with_review_flags,english-03501-03750.jsonl,N-159;N-T87
U03648,105421,105453,represented_with_review_flags,english-03501-03750.jsonl,N-159
U03649,105453,105480,represented_with_review_flags,english-03501-03750.jsonl,N-159
U03650,105480,105512,represented_with_review_flags,english-03501-03750.jsonl,N-159
U03651,105512,105540,represented_with_review_flags,english-03501-03750.jsonl,N-159
U03652,105540,105567,represented_with_review_flags,english-03501-03750.jsonl,N-159
U03653,105567,105594,represented_with_review_flags,english-03501-03750.jsonl,N-159
U03654,105594,105625,represented_with_review_flags,english-03501-03750.jsonl,N-159
U03655,105625,105652,represented_with_review_flags,english-03501-03750.jsonl,N-159
U03656,105652,105682,represented_with_review_flags,english-03501-03750.jsonl,N-159
U03657,105682,105716,represented_with_review_flags,english-03501-03750.jsonl,N-159
U03658,105716,105741,represented_with_review_flags,english-03501-03750.jsonl,N-160
U03659,105741,105770,represented_with_review_flags,english-03501-03750.jsonl,N-160
U03660,105770,105798,represented_with_review_flags,english-03501-03750.jsonl,N-160
U03661,105798,105823,represented_with_review_flags,english-03501-03750.jsonl,N-160
U03662,105823,105856,represented_with_review_flags,english-03501-03750.jsonl,N-160
U03663,105856,105885,represented_with_review_flags,english-03501-03750.jsonl,N-160
U03664,105885,105917,represented_with_review_flags,english-03501-03750.jsonl,N-160
U03665,105917,105946,represented_with_review_flags,english-03501-03750.jsonl,N-160
U03666,105946,105971,represented_with_review_flags,english-03501-03750.jsonl,N-160
U03667,105971,106003,represented_with_review_flags,english-03501-03750.jsonl,N-160
U03668,106003,106030,represented_with_review_flags,english-03501-03750.jsonl,N-160
U03669,106030,106056,represented_with_review_flags,english-03501-03750.jsonl,N-160;N-T86
U03670,106056,106083,represented_with_review_flags,english-03501-03750.jsonl,N-160
U03671,106083,106111,represented_with_review_flags,english-03501-03750.jsonl,N-160
U03672,106111,106134,represented_with_review_flags,english-03501-03750.jsonl,N-160
U03673,106134,106178,represented_with_review_flags,english-03501-03750.jsonl,N-160
U03674,106178,106202,represented_with_review_flags,english-03501-03750.jsonl,N-160
U03675,106202,106230,represented_with_review_flags,english-03501-03750.jsonl,N-160
U03676,106230,106257,represented_with_review_flags,english-03501-03750.jsonl,N-160
U03677,106257,106286,represented_with_review_flags,english-03501-03750.jsonl,N-160
U03678,106286,106312,represented_with_review_flags,english-03501-03750.jsonl,N-160
U03679,106312,106342,represented_with_review_flags,english-03501-03750.jsonl,N-160
U03680,106342,106371,represented_with_review_flags,english-03501-03750.jsonl,N-160
U03681,106371,106396,represented_with_review_flags,english-03501-03750.jsonl,N-160
U03682,106396,106424,represented_with_review_flags,english-03501-03750.jsonl,N-160
U03683,106424,106454,represented_with_review_flags,english-03501-03750.jsonl,N-160
U03684,106454,106487,represented_with_review_flags,english-03501-03750.jsonl,N-160
U03685,106487,106522,represented_with_review_flags,english-03501-03750.jsonl,N-160
U03686,106522,106550,represented_with_review_flags,english-03501-03750.jsonl,N-160
U03687,106550,106581,represented_with_review_flags,english-03501-03750.jsonl,N-160
U03688,106581,106611,represented_with_review_flags,english-03501-03750.jsonl,N-160
U03689,106611,106646,represented_with_review_flags,english-03501-03750.jsonl,N-160
U03690,106646,106678,represented_with_review_flags,english-03501-03750.jsonl,N-160
U03691,106678,106705,represented_with_review_flags,english-03501-03750.jsonl,N-160
U03692,106705,106736,represented_with_review_flags,english-03501-03750.jsonl,N-160
U03693,106736,106763,represented_with_review_flags,english-03501-03750.jsonl,N-161
U03694,106763,106789,represented_with_review_flags,english-03501-03750.jsonl,N-161
U03695,106789,106817,represented_with_review_flags,english-03501-03750.jsonl,N-161
U03696,106817,106847,represented_with_review_flags,english-03501-03750.jsonl,N-161
U03697,106847,106877,represented_with_review_flags,english-03501-03750.jsonl,N-161
U03698,106877,106900,represented_with_review_flags,english-03501-03750.jsonl,N-161
U03699,106900,106930,represented_with_review_flags,english-03501-03750.jsonl,N-161
U03700,106930,106957,represented_with_review_flags,english-03501-03750.jsonl,N-161
U03701,106957,106981,represented_with_review_flags,english-03501-03750.jsonl,N-161
U03702,106981,107009,represented_with_review_flags,english-03501-03750.jsonl,N-161
U03703,107009,107040,represented_with_review_flags,english-03501-03750.jsonl,N-161
U03704,107040,107070,represented_with_review_flags,english-03501-03750.jsonl,N-161
U03705,107070,107099,represented_with_review_flags,english-03501-03750.jsonl,N-161
U03706,107099,107124,represented_with_review_flags,english-03501-03750.jsonl,N-161
U03707,107124,107154,represented_with_review_flags,english-03501-03750.jsonl,N-161
U03708,107154,107180,represented_with_review_flags,english-03501-03750.jsonl,N-161
U03709,107180,107209,represented_with_review_flags,english-03501-03750.jsonl,N-161
U03710,107209,107241,represented_with_review_flags,english-03501-03750.jsonl,N-162
U03711,107241,107271,represented_with_review_flags,english-03501-03750.jsonl,N-162
U03712,107271,107295,represented_with_review_flags,english-03501-03750.jsonl,N-162
U03713,107295,107322,represented_with_review_flags,english-03501-03750.jsonl,N-162
U03714,107322,107346,represented_with_review_flags,english-03501-03750.jsonl,N-162
U03715,107346,107377,represented_with_review_flags,english-03501-03750.jsonl,N-162
U03716,107377,107409,represented_with_review_flags,english-03501-03750.jsonl,N-162
U03717,107409,107435,represented_with_review_flags,english-03501-03750.jsonl,N-162
U03718,107435,107464,represented_with_review_flags,english-03501-03750.jsonl,N-162
U03719,107464,107491,represented_with_review_flags,english-03501-03750.jsonl,N-162
U03720,107491,107515,represented_with_review_flags,english-03501-03750.jsonl,N-162
U03721,107515,107542,represented_with_review_flags,english-03501-03750.jsonl,N-162
U03722,107542,107575,represented_with_review_flags,english-03501-03750.jsonl,N-162
U03723,107575,107607,represented_with_review_flags,english-03501-03750.jsonl,N-162
U03724,107607,107640,represented_with_review_flags,english-03501-03750.jsonl,N-162
U03725,107640,107670,represented_with_review_flags,english-03501-03750.jsonl,N-162
U03726,107670,107698,represented_with_review_flags,english-03501-03750.jsonl,N-162
U03727,107698,107723,represented_with_review_flags,english-03501-03750.jsonl,N-162
U03728,107723,107750,represented_with_review_flags,english-03501-03750.jsonl,N-162
U03729,107750,107777,represented_with_review_flags,english-03501-03750.jsonl,N-162
U03730,107777,107807,represented_with_review_flags,english-03501-03750.jsonl,N-162
U03731,107807,107838,represented_with_review_flags,english-03501-03750.jsonl,N-162
U03732,107838,107867,represented_with_review_flags,english-03501-03750.jsonl,N-162
U03733,107867,107899,represented_with_review_flags,english-03501-03750.jsonl,N-162
U03734,107899,107929,represented_with_review_flags,english-03501-03750.jsonl,N-162
U03735,107929,107959,represented_with_review_flags,english-03501-03750.jsonl,N-162
U03736,107959,107989,represented_with_review_flags,english-03501-03750.jsonl,N-163
U03737,107989,108017,represented_with_review_flags,english-03501-03750.jsonl,N-163
U03738,108017,108043,represented_with_review_flags,english-03501-03750.jsonl,N-163
U03739,108043,108072,represented_with_review_flags,english-03501-03750.jsonl,N-163
U03740,108072,108100,represented_with_review_flags,english-03501-03750.jsonl,N-163
U03741,108100,108128,represented_with_review_flags,english-03501-03750.jsonl,N-163
U03742,108128,108157,represented_with_review_flags,english-03501-03750.jsonl,N-163
U03743,108157,108187,represented_with_review_flags,english-03501-03750.jsonl,N-163
U03744,108187,108210,represented_with_review_flags,english-03501-03750.jsonl,N-163
U03745,108210,108234,represented_with_review_flags,english-03501-03750.jsonl,N-163
U03746,108234,108263,represented_with_review_flags,english-03501-03750.jsonl,N-163
U03747,108263,108290,represented_with_review_flags,english-03501-03750.jsonl,N-163
U03748,108290,108318,represented_with_review_flags,english-03501-03750.jsonl,N-163
U03749,108318,108341,represented_with_review_flags,english-03501-03750.jsonl,N-163
U03750,108341,108366,represented_with_review_flags,english-03501-03750.jsonl,N-163
U03751,108366,108393,represented_with_review_flags,english-03751-04000.jsonl,N-164
U03752,108393,108420,represented_with_review_flags,english-03751-04000.jsonl,N-164
U03753,108420,108449,represented_with_review_flags,english-03751-04000.jsonl,N-164
U03754,108449,108482,represented_with_review_flags,english-03751-04000.jsonl,N-164
U03755,108482,108509,represented_with_review_flags,english-03751-04000.jsonl,N-164
U03756,108509,108540,represented_with_review_flags,english-03751-04000.jsonl,N-164
U03757,108540,108563,represented_with_review_flags,english-03751-04000.jsonl,N-164
U03758,108563,108588,represented_with_review_flags,english-03751-04000.jsonl,N-164
U03759,108588,108619,represented_with_review_flags,english-03751-04000.jsonl,N-164;N-T90
U03760,108619,108648,represented_with_review_flags,english-03751-04000.jsonl,N-164
U03761,108648,108679,represented_with_review_flags,english-03751-04000.jsonl,N-164
U03762,108679,108709,represented_with_review_flags,english-03751-04000.jsonl,N-164
U03763,108709,108740,represented_with_review_flags,english-03751-04000.jsonl,N-165
U03764,108740,108771,represented_with_review_flags,english-03751-04000.jsonl,N-165
U03765,108771,108797,represented_with_review_flags,english-03751-04000.jsonl,N-165
U03766,108797,108824,represented_with_review_flags,english-03751-04000.jsonl,N-165
U03767,108824,108855,represented_with_review_flags,english-03751-04000.jsonl,N-165
U03768,108855,108883,represented_with_review_flags,english-03751-04000.jsonl,N-165
U03769,108883,108912,represented_with_review_flags,english-03751-04000.jsonl,N-165
U03770,108912,108939,represented_with_review_flags,english-03751-04000.jsonl,N-165
U03771,108939,108968,represented_with_review_flags,english-03751-04000.jsonl,N-165
U03772,108968,108995,represented_with_review_flags,english-03751-04000.jsonl,N-165
U03773,108995,109023,represented_with_review_flags,english-03751-04000.jsonl,N-165
U03774,109023,109050,represented_with_review_flags,english-03751-04000.jsonl,N-165
U03775,109050,109081,represented_with_review_flags,english-03751-04000.jsonl,N-165
U03776,109081,109112,represented_with_review_flags,english-03751-04000.jsonl,N-165
U03777,109112,109138,represented_with_review_flags,english-03751-04000.jsonl,N-165
U03778,109138,109160,represented_with_review_flags,english-03751-04000.jsonl,N-165
U03779,109160,109185,represented_with_review_flags,english-03751-04000.jsonl,N-165
U03780,109185,109216,represented_with_review_flags,english-03751-04000.jsonl,N-165
U03781,109216,109241,represented_with_review_flags,english-03751-04000.jsonl,N-165
U03782,109241,109267,represented_with_review_flags,english-03751-04000.jsonl,N-165
U03783,109267,109298,represented_with_review_flags,english-03751-04000.jsonl,N-165
U03784,109298,109324,represented_with_review_flags,english-03751-04000.jsonl,N-165
U03785,109324,109351,represented_with_review_flags,english-03751-04000.jsonl,N-165
U03786,109351,109380,represented_with_review_flags,english-03751-04000.jsonl,N-165
U03787,109380,109410,represented_with_review_flags,english-03751-04000.jsonl,N-165
U03788,109410,109436,represented_with_review_flags,english-03751-04000.jsonl,N-165
U03789,109436,109465,represented_with_review_flags,english-03751-04000.jsonl,N-165
U03790,109465,109493,represented_with_review_flags,english-03751-04000.jsonl,N-165
U03791,109493,109523,represented_with_review_flags,english-03751-04000.jsonl,N-165;N-T90
U03792,109523,109549,represented_with_review_flags,english-03751-04000.jsonl,N-165
U03793,109549,109579,represented_with_review_flags,english-03751-04000.jsonl,N-166
U03794,109579,109607,represented_with_review_flags,english-03751-04000.jsonl,N-166
U03795,109607,109639,represented_with_review_flags,english-03751-04000.jsonl,N-166
U03796,109639,109668,represented_with_review_flags,english-03751-04000.jsonl,N-166
U03797,109668,109697,represented_with_review_flags,english-03751-04000.jsonl,N-166
U03798,109697,109727,represented_with_review_flags,english-03751-04000.jsonl,N-166
U03799,109727,109757,represented_with_review_flags,english-03751-04000.jsonl,N-166
U03800,109757,109786,represented_with_review_flags,english-03751-04000.jsonl,N-166
U03801,109786,109817,represented_with_review_flags,english-03751-04000.jsonl,N-166
U03802,109817,109849,represented_with_review_flags,english-03751-04000.jsonl,N-166
U03803,109849,109889,represented_with_review_flags,english-03751-04000.jsonl,N-166
U03804,109889,109915,represented_with_review_flags,english-03751-04000.jsonl,N-166
U03805,109915,109940,represented_with_review_flags,english-03751-04000.jsonl,N-166
U03806,109940,109969,represented_with_review_flags,english-03751-04000.jsonl,N-166
U03807,109969,109999,represented_with_review_flags,english-03751-04000.jsonl,N-166
U03808,109999,110025,represented_with_review_flags,english-03751-04000.jsonl,N-166
U03809,110025,110054,represented_with_review_flags,english-03751-04000.jsonl,N-166
U03810,110054,110085,represented_with_review_flags,english-03751-04000.jsonl,N-166
U03811,110085,110116,represented_with_review_flags,english-03751-04000.jsonl,N-166
U03812,110116,110144,represented_with_review_flags,english-03751-04000.jsonl,N-166
U03813,110144,110166,represented_with_review_flags,english-03751-04000.jsonl,N-166
U03814,110166,110198,represented_with_review_flags,english-03751-04000.jsonl,N-166
U03815,110198,110224,represented_with_review_flags,english-03751-04000.jsonl,N-166
U03816,110224,110254,represented_with_review_flags,english-03751-04000.jsonl,N-166
U03817,110254,110278,represented_with_review_flags,english-03751-04000.jsonl,N-166;N-T91
U03818,110278,110305,represented_with_review_flags,english-03751-04000.jsonl,N-166
U03819,110305,110333,represented_with_review_flags,english-03751-04000.jsonl,N-166
U03820,110333,110364,represented_with_review_flags,english-03751-04000.jsonl,N-166
U03821,110364,110393,represented_with_review_flags,english-03751-04000.jsonl,N-166
U03822,110393,110418,represented_with_review_flags,english-03751-04000.jsonl,N-166
U03823,110418,110445,represented_with_review_flags,english-03751-04000.jsonl,N-166
U03824,110445,110472,represented_with_review_flags,english-03751-04000.jsonl,N-166
U03825,110472,110500,represented_with_review_flags,english-03751-04000.jsonl,N-166
U03826,110500,110526,represented_with_review_flags,english-03751-04000.jsonl,N-166
U03827,110526,110558,represented_with_review_flags,english-03751-04000.jsonl,N-167
U03828,110558,110590,represented_with_review_flags,english-03751-04000.jsonl,N-167
U03829,110590,110620,represented_with_review_flags,english-03751-04000.jsonl,N-167
U03830,110620,110647,represented_with_review_flags,english-03751-04000.jsonl,N-167
U03831,110647,110675,represented_with_review_flags,english-03751-04000.jsonl,N-167
U03832,110675,110705,represented_with_review_flags,english-03751-04000.jsonl,N-167
U03833,110705,110732,represented_with_review_flags,english-03751-04000.jsonl,N-167
U03834,110732,110759,represented_with_review_flags,english-03751-04000.jsonl,N-167
U03835,110759,110791,represented_with_review_flags,english-03751-04000.jsonl,N-167
U03836,110791,110820,represented_with_review_flags,english-03751-04000.jsonl,N-167
U03837,110820,110850,represented_with_review_flags,english-03751-04000.jsonl,N-167
U03838,110850,110880,represented_with_review_flags,english-03751-04000.jsonl,N-167
U03839,110880,110911,represented_with_review_flags,english-03751-04000.jsonl,N-167
U03840,110911,110938,represented_with_review_flags,english-03751-04000.jsonl,N-167
U03841,110938,110964,represented_with_review_flags,english-03751-04000.jsonl,N-167
U03842,110964,110990,represented_with_review_flags,english-03751-04000.jsonl,N-167
U03843,110990,111020,represented_with_review_flags,english-03751-04000.jsonl,N-167
U03844,111020,111048,represented_with_review_flags,english-03751-04000.jsonl,N-167
U03845,111048,111080,represented_with_review_flags,english-03751-04000.jsonl,N-167
U03846,111080,111107,represented_with_review_flags,english-03751-04000.jsonl,N-167
U03847,111107,111134,represented_with_review_flags,english-03751-04000.jsonl,N-167
U03848,111134,111161,represented_with_review_flags,english-03751-04000.jsonl,N-167
U03849,111161,111191,represented_with_review_flags,english-03751-04000.jsonl,N-167
U03850,111191,111219,represented_with_review_flags,english-03751-04000.jsonl,N-167
U03851,111219,111248,represented_with_review_flags,english-03751-04000.jsonl,N-167
U03852,111248,111278,represented_with_review_flags,english-03751-04000.jsonl,N-167
U03853,111278,111308,represented_with_review_flags,english-03751-04000.jsonl,N-167
U03854,111308,111334,represented_with_review_flags,english-03751-04000.jsonl,N-167
U03855,111334,111362,represented_with_review_flags,english-03751-04000.jsonl,N-167
U03856,111362,111391,represented_with_review_flags,english-03751-04000.jsonl,N-167
U03857,111391,111417,represented_with_review_flags,english-03751-04000.jsonl,N-167
U03858,111417,111446,represented_with_review_flags,english-03751-04000.jsonl,N-167
U03859,111446,111478,represented_with_review_flags,english-03751-04000.jsonl,N-168
U03860,111478,111505,represented_with_review_flags,english-03751-04000.jsonl,N-168
U03861,111505,111535,represented_with_review_flags,english-03751-04000.jsonl,N-168
U03862,111535,111561,represented_with_review_flags,english-03751-04000.jsonl,N-168
U03863,111561,111591,represented_with_review_flags,english-03751-04000.jsonl,N-168;N-T88
U03864,111591,111619,represented_with_review_flags,english-03751-04000.jsonl,N-168
U03865,111619,111645,represented_with_review_flags,english-03751-04000.jsonl,N-168
U03866,111645,111671,represented_with_review_flags,english-03751-04000.jsonl,N-168
U03867,111671,111700,represented_with_review_flags,english-03751-04000.jsonl,N-168
U03868,111700,111726,represented_with_review_flags,english-03751-04000.jsonl,N-168
U03869,111726,111755,represented_with_review_flags,english-03751-04000.jsonl,N-168
U03870,111755,111786,represented_with_review_flags,english-03751-04000.jsonl,N-168
U03871,111786,111813,represented_with_review_flags,english-03751-04000.jsonl,N-168
U03872,111813,111844,represented_with_review_flags,english-03751-04000.jsonl,N-168
U03873,111844,111874,represented_with_review_flags,english-03751-04000.jsonl,N-168
U03874,111874,111907,represented_with_review_flags,english-03751-04000.jsonl,N-168
U03875,111907,111940,represented_with_review_flags,english-03751-04000.jsonl,N-168
U03876,111940,111968,represented_with_review_flags,english-03751-04000.jsonl,N-168
U03877,111968,112000,represented_with_review_flags,english-03751-04000.jsonl,N-168
U03878,112000,112027,represented_with_review_flags,english-03751-04000.jsonl,N-168
U03879,112027,112052,represented_with_review_flags,english-03751-04000.jsonl,N-168
U03880,112052,112078,represented_with_review_flags,english-03751-04000.jsonl,N-168
U03881,112078,112108,represented_with_review_flags,english-03751-04000.jsonl,N-168
U03882,112108,112136,represented_with_review_flags,english-03751-04000.jsonl,N-168
U03883,112136,112169,represented_with_review_flags,english-03751-04000.jsonl,N-168
U03884,112169,112196,represented_with_review_flags,english-03751-04000.jsonl,N-168;N-T90
U03885,112196,112223,represented_with_review_flags,english-03751-04000.jsonl,N-168
U03886,112223,112249,represented_with_review_flags,english-03751-04000.jsonl,N-168
U03887,112249,112277,represented_with_review_flags,english-03751-04000.jsonl,N-168
U03888,112277,112304,represented_with_review_flags,english-03751-04000.jsonl,N-168
U03889,112304,112331,represented_with_review_flags,english-03751-04000.jsonl,N-168
U03890,112331,112362,represented_with_review_flags,english-03751-04000.jsonl,N-168
U03891,112362,112394,represented_with_review_flags,english-03751-04000.jsonl,N-168
U03892,112394,112418,represented_with_review_flags,english-03751-04000.jsonl,N-168;N-T88
U03893,112418,112447,represented_with_review_flags,english-03751-04000.jsonl,N-168
U03894,112447,112479,represented_with_review_flags,english-03751-04000.jsonl,N-168
U03895,112479,112507,represented_with_review_flags,english-03751-04000.jsonl,N-168
U03896,112507,112537,represented_with_review_flags,english-03751-04000.jsonl,N-168
U03897,112537,112564,represented_with_review_flags,english-03751-04000.jsonl,N-168
U03898,112564,112596,represented_with_review_flags,english-03751-04000.jsonl,N-169
U03899,112596,112622,represented_with_review_flags,english-03751-04000.jsonl,N-169
U03900,112622,112651,represented_with_review_flags,english-03751-04000.jsonl,N-169
U03901,112651,112682,represented_with_review_flags,english-03751-04000.jsonl,N-169
U03902,112682,112711,represented_with_review_flags,english-03751-04000.jsonl,N-169
U03903,112711,112739,represented_with_review_flags,english-03751-04000.jsonl,N-169
U03904,112739,112768,represented_with_review_flags,english-03751-04000.jsonl,N-169
U03905,112768,112795,represented_with_review_flags,english-03751-04000.jsonl,N-169
U03906,112795,112827,represented_with_review_flags,english-03751-04000.jsonl,N-169
U03907,112827,112853,represented_with_review_flags,english-03751-04000.jsonl,N-169
U03908,112853,112883,represented_with_review_flags,english-03751-04000.jsonl,N-169
U03909,112883,112912,represented_with_review_flags,english-03751-04000.jsonl,N-169
U03910,112912,112941,represented_with_review_flags,english-03751-04000.jsonl,N-169
U03911,112941,112967,represented_with_review_flags,english-03751-04000.jsonl,N-169
U03912,112967,112996,represented_with_review_flags,english-03751-04000.jsonl,N-169
U03913,112996,113023,represented_with_review_flags,english-03751-04000.jsonl,N-169
U03914,113023,113051,represented_with_review_flags,english-03751-04000.jsonl,N-169
U03915,113051,113079,represented_with_review_flags,english-03751-04000.jsonl,N-169
U03916,113079,113109,represented_with_review_flags,english-03751-04000.jsonl,N-169
U03917,113109,113137,represented_with_review_flags,english-03751-04000.jsonl,N-169
U03918,113137,113166,represented_with_review_flags,english-03751-04000.jsonl,N-169
U03919,113166,113191,represented_with_review_flags,english-03751-04000.jsonl,N-169
U03920,113191,113222,represented_with_review_flags,english-03751-04000.jsonl,N-169
U03921,113222,113250,represented_with_review_flags,english-03751-04000.jsonl,N-169
U03922,113250,113278,represented_with_review_flags,english-03751-04000.jsonl,N-169
U03923,113278,113307,represented_with_review_flags,english-03751-04000.jsonl,N-169
U03924,113307,113338,represented_with_review_flags,english-03751-04000.jsonl,N-169
U03925,113338,113365,represented_with_review_flags,english-03751-04000.jsonl,N-169
U03926,113365,113393,represented_with_review_flags,english-03751-04000.jsonl,N-169
U03927,113393,113423,represented_with_review_flags,english-03751-04000.jsonl,N-169
U03928,113423,113450,represented_with_review_flags,english-03751-04000.jsonl,N-169
U03929,113450,113483,represented_with_review_flags,english-03751-04000.jsonl,N-170
U03930,113483,113509,represented_with_review_flags,english-03751-04000.jsonl,N-170
U03931,113509,113540,represented_with_review_flags,english-03751-04000.jsonl,N-170
U03932,113540,113571,represented_with_review_flags,english-03751-04000.jsonl,N-170
U03933,113571,113598,represented_with_review_flags,english-03751-04000.jsonl,N-170
U03934,113598,113627,represented_with_review_flags,english-03751-04000.jsonl,N-170
U03935,113627,113655,represented_with_review_flags,english-03751-04000.jsonl,N-170
U03936,113655,113691,represented_with_review_flags,english-03751-04000.jsonl,N-170
U03937,113691,113722,represented_with_review_flags,english-03751-04000.jsonl,N-170
U03938,113722,113754,represented_with_review_flags,english-03751-04000.jsonl,N-170
U03939,113754,113784,represented_with_review_flags,english-03751-04000.jsonl,N-170
U03940,113784,113814,represented_with_review_flags,english-03751-04000.jsonl,N-170
U03941,113814,113846,represented_with_review_flags,english-03751-04000.jsonl,N-170
U03942,113846,113880,represented_with_review_flags,english-03751-04000.jsonl,N-170
U03943,113880,113914,represented_with_review_flags,english-03751-04000.jsonl,N-170
U03944,113914,113945,represented_with_review_flags,english-03751-04000.jsonl,N-170
U03945,113945,113989,represented_with_review_flags,english-03751-04000.jsonl,N-170
U03946,113989,114031,represented_with_review_flags,english-03751-04000.jsonl,N-170
U03947,114031,114058,represented_with_review_flags,english-03751-04000.jsonl,N-170
U03948,114058,114086,represented_with_review_flags,english-03751-04000.jsonl,N-170
U03949,114086,114116,represented_with_review_flags,english-03751-04000.jsonl,N-170
U03950,114116,114144,represented_with_review_flags,english-03751-04000.jsonl,N-170
U03951,114144,114173,represented_with_review_flags,english-03751-04000.jsonl,N-170
U03952,114173,114212,represented_with_review_flags,english-03751-04000.jsonl,N-170;N-T88
U03953,114212,114252,represented_with_review_flags,english-03751-04000.jsonl,N-170
U03954,114252,114306,represented_with_review_flags,english-03751-04000.jsonl,N-170
U03955,114306,114357,represented_with_review_flags,english-03751-04000.jsonl,N-170
U03956,114357,114384,represented_with_review_flags,english-03751-04000.jsonl,N-170
U03957,114384,114415,represented_with_review_flags,english-03751-04000.jsonl,N-170
U03958,114415,114449,represented_with_review_flags,english-03751-04000.jsonl,N-170
U03959,114449,114485,represented_with_review_flags,english-03751-04000.jsonl,N-171
U03960,114485,114509,represented_with_review_flags,english-03751-04000.jsonl,N-171
U03961,114509,114537,represented_with_review_flags,english-03751-04000.jsonl,N-171
U03962,114537,114566,represented_with_review_flags,english-03751-04000.jsonl,N-171;N-T89
U03963,114566,114591,represented_with_review_flags,english-03751-04000.jsonl,N-171
U03964,114591,114616,represented_with_review_flags,english-03751-04000.jsonl,N-171
U03965,114616,114646,represented_with_review_flags,english-03751-04000.jsonl,N-171
U03966,114646,114671,represented_with_review_flags,english-03751-04000.jsonl,N-171
U03967,114671,114700,represented_with_review_flags,english-03751-04000.jsonl,N-171
U03968,114700,114726,represented_with_review_flags,english-03751-04000.jsonl,N-171
U03969,114726,114755,represented_with_review_flags,english-03751-04000.jsonl,N-171
U03970,114755,114782,represented_with_review_flags,english-03751-04000.jsonl,N-171
U03971,114782,114811,represented_with_review_flags,english-03751-04000.jsonl,N-171
U03972,114811,114840,represented_with_review_flags,english-03751-04000.jsonl,N-171
U03973,114840,114872,represented_with_review_flags,english-03751-04000.jsonl,N-171
U03974,114872,114901,represented_with_review_flags,english-03751-04000.jsonl,N-171;N-T89
U03975,114901,114932,represented_with_review_flags,english-03751-04000.jsonl,N-171
U03976,114932,114977,represented_with_review_flags,english-03751-04000.jsonl,N-171
U03977,114977,115004,represented_with_review_flags,english-03751-04000.jsonl,N-171
U03978,115004,115034,represented_with_review_flags,english-03751-04000.jsonl,N-171
U03979,115034,115060,represented_with_review_flags,english-03751-04000.jsonl,N-171
U03980,115060,115086,represented_with_review_flags,english-03751-04000.jsonl,N-171
U03981,115086,115114,represented_with_review_flags,english-03751-04000.jsonl,N-171
U03982,115114,115145,represented_with_review_flags,english-03751-04000.jsonl,N-171
U03983,115145,115174,represented_with_review_flags,english-03751-04000.jsonl,N-171
U03984,115174,115193,represented_draft,english-03751-04000.jsonl,
U03985,115193,115220,represented_with_review_flags,english-03751-04000.jsonl,N-172
U03986,115220,115248,represented_with_review_flags,english-03751-04000.jsonl,N-172
U03987,115248,115275,represented_with_review_flags,english-03751-04000.jsonl,N-172
U03988,115275,115306,represented_with_review_flags,english-03751-04000.jsonl,N-172
U03989,115306,115335,represented_with_review_flags,english-03751-04000.jsonl,N-172
U03990,115335,115363,represented_with_review_flags,english-03751-04000.jsonl,N-172
U03991,115363,115391,represented_with_review_flags,english-03751-04000.jsonl,N-172
U03992,115391,115422,represented_with_review_flags,english-03751-04000.jsonl,N-172
U03993,115422,115451,represented_with_review_flags,english-03751-04000.jsonl,N-172
U03994,115451,115482,represented_with_review_flags,english-03751-04000.jsonl,N-172
U03995,115482,115513,represented_with_review_flags,english-03751-04000.jsonl,N-172
U03996,115513,115539,represented_with_review_flags,english-03751-04000.jsonl,N-172
U03997,115539,115558,represented_draft,english-03751-04000.jsonl,
U03998,115558,115581,represented_with_review_flags,english-03751-04000.jsonl,N-173
U03999,115581,115608,represented_with_review_flags,english-03751-04000.jsonl,N-173
U04000,115608,115640,represented_with_review_flags,english-03751-04000.jsonl,N-173
U04001,115640,115670,not_processed,,
U04002,115670,115695,not_processed,,
U04003,115695,115723,not_processed,,
U04004,115723,115753,not_processed,,
U04005,115753,115777,not_processed,,
U04006,115777,115807,not_processed,,
U04007,115807,115839,not_processed,,
U04008,115839,115868,not_processed,,
U04009,115868,115896,not_processed,,
U04010,115896,115924,not_processed,,
U04011,115924,115947,not_processed,,
U04012,115947,115979,not_processed,,
U04013,115979,116007,not_processed,,
U04014,116007,116026,not_processed,,
U04015,116026,116057,not_processed,,
U04016,116057,116087,not_processed,,
U04017,116087,116114,not_processed,,
U04018,116114,116141,not_processed,,
U04019,116141,116164,not_processed,,
U04020,116164,116192,not_processed,,
U04021,116192,116224,not_processed,,
U04022,116224,116253,not_processed,,
U04023,116253,116282,not_processed,,
U04024,116282,116312,not_processed,,
U04025,116312,116337,not_processed,,
U04026,116337,116367,not_processed,,
U04027,116367,116400,not_processed,,
U04028,116400,116433,not_processed,,
U04029,116433,116462,not_processed,,
U04030,116462,116480,not_processed,,
U04031,116480,116509,not_processed,,
U04032,116509,116538,not_processed,,
U04033,116538,116567,not_processed,,
U04034,116567,116597,not_processed,,
U04035,116597,116626,not_processed,,
U04036,116626,116657,not_processed,,
U04037,116657,116685,not_processed,,
U04038,116685,116713,not_processed,,
U04039,116713,116741,not_processed,,
U04040,116741,116774,not_processed,,
U04041,116774,116797,not_processed,,
U04042,116797,116822,not_processed,,
U04043,116822,116851,not_processed,,
U04044,116851,116876,not_processed,,
U04045,116876,116900,not_processed,,
U04046,116900,116917,not_processed,,
U04047,116917,116943,not_processed,,
U04048,116943,116975,not_processed,,
U04049,116975,117004,not_processed,,
U04050,117004,117034,not_processed,,
U04051,117034,117060,not_processed,,
U04052,117060,117091,not_processed,,
U04053,117091,117124,not_processed,,
U04054,117124,117149,not_processed,,
U04055,117149,117179,not_processed,,
U04056,117179,117208,not_processed,,
U04057,117208,117237,not_processed,,
U04058,117237,117256,not_processed,,
U04059,117256,117280,not_processed,,
U04060,117280,117313,not_processed,,
U04061,117313,117341,not_processed,,
U04062,117341,117369,not_processed,,
U04063,117369,117399,not_processed,,
U04064,117399,117424,not_processed,,
U04065,117424,117450,not_processed,,
U04066,117450,117485,not_processed,,
U04067,117485,117513,not_processed,,
U04068,117513,117542,not_processed,,
U04069,117542,117566,not_processed,,
U04070,117566,117594,not_processed,,
U04071,117594,117623,not_processed,,
U04072,117623,117642,not_processed,,
U04073,117642,117673,not_processed,,
U04074,117673,117696,not_processed,,
U04075,117696,117719,not_processed,,
U04076,117719,117744,not_processed,,
U04077,117744,117770,not_processed,,
U04078,117770,117796,not_processed,,
U04079,117796,117826,not_processed,,
U04080,117826,117857,not_processed,,
U04081,117857,117882,not_processed,,
U04082,117882,117908,not_processed,,
U04083,117908,117938,not_processed,,
U04084,117938,117958,not_processed,,
U04085,117958,117981,not_processed,,
U04086,117981,118009,not_processed,,
U04087,118009,118037,not_processed,,
U04088,118037,118068,not_processed,,
U04089,118068,118096,not_processed,,
U04090,118096,118126,not_processed,,
U04091,118126,118152,not_processed,,
U04092,118152,118182,not_processed,,
U04093,118182,118206,not_processed,,
U04094,118206,118230,not_processed,,
U04095,118230,118256,not_processed,,
U04096,118256,118282,not_processed,,
U04097,118282,118310,not_processed,,
U04098,118310,118340,not_processed,,
U04099,118340,118358,not_processed,,
U04100,118358,118387,not_processed,,
U04101,118387,118417,not_processed,,
U04102,118417,118443,not_processed,,
U04103,118443,118471,not_processed,,
U04104,118471,118500,not_processed,,
U04105,118500,118527,not_processed,,
U04106,118527,118558,not_processed,,
U04107,118558,118585,not_processed,,
U04108,118585,118611,not_processed,,
U04109,118611,118636,not_processed,,
U04110,118636,118667,not_processed,,
U04111,118667,118696,not_processed,,
U04112,118696,118712,not_processed,,
U04113,118712,118741,not_processed,,
U04114,118741,118769,not_processed,,
U04115,118769,118800,not_processed,,
U04116,118800,118830,not_processed,,
U04117,118830,118859,not_processed,,
U04118,118859,118887,not_processed,,
U04119,118887,118914,not_processed,,
U04120,118914,118943,not_processed,,
U04121,118943,118971,not_processed,,
U04122,118971,119000,not_processed,,
U04123,119000,119028,not_processed,,
U04124,119028,119052,not_processed,,
U04125,119052,119079,not_processed,,
U04126,119079,119105,not_processed,,
U04127,119105,119131,not_processed,,
U04128,119131,119159,not_processed,,
U04129,119159,119190,not_processed,,
U04130,119190,119214,not_processed,,
U04131,119214,119245,not_processed,,
U04132,119245,119273,not_processed,,
U04133,119273,119299,not_processed,,
U04134,119299,119331,not_processed,,
U04135,119331,119358,not_processed,,
U04136,119358,119385,not_processed,,
U04137,119385,119410,not_processed,,
U04138,119410,119439,not_processed,,
U04139,119439,119465,not_processed,,
U04140,119465,119496,not_processed,,
U04141,119496,119527,not_processed,,
U04142,119527,119551,not_processed,,
U04143,119551,119570,not_processed,,
U04144,119570,119599,not_processed,,
U04145,119599,119626,not_processed,,
U04146,119626,119657,not_processed,,
U04147,119657,119689,not_processed,,
U04148,119689,119722,not_processed,,
U04149,119722,119748,not_processed,,
U04150,119748,119775,not_processed,,
U04151,119775,119806,not_processed,,
U04152,119806,119829,not_processed,,
U04153,119829,119852,not_processed,,
U04154,119852,119879,not_processed,,
U04155,119879,119901,not_processed,,
U04156,119901,119920,not_processed,,
U04157,119920,119949,not_processed,,
U04158,119949,119975,not_processed,,
U04159,119975,120008,not_processed,,
U04160,120008,120034,not_processed,,
U04161,120034,120062,not_processed,,
U04162,120062,120093,not_processed,,
U04163,120093,120122,not_processed,,
U04164,120122,120151,not_processed,,
U04165,120151,120181,not_processed,,
U04166,120181,120207,not_processed,,
U04167,120207,120233,not_processed,,
U04168,120233,120260,not_processed,,
U04169,120260,120290,not_processed,,
U04170,120290,120322,not_processed,,
U04171,120322,120353,not_processed,,
U04172,120353,120379,not_processed,,
U04173,120379,120409,not_processed,,
U04174,120409,120439,not_processed,,
U04175,120439,120473,not_processed,,
U04176,120473,120503,not_processed,,
U04177,120503,120530,not_processed,,
U04178,120530,120561,not_processed,,
U04179,120561,120590,not_processed,,
U04180,120590,120619,not_processed,,
U04181,120619,120647,not_processed,,
U04182,120647,120678,not_processed,,
U04183,120678,120705,not_processed,,
U04184,120705,120735,not_processed,,
U04185,120735,120761,not_processed,,
U04186,120761,120784,not_processed,,
U04187,120784,120808,not_processed,,
U04188,120808,120843,not_processed,,
U04189,120843,120874,not_processed,,
U04190,120874,120903,not_processed,,
U04191,120903,120926,not_processed,,
U04192,120926,120953,not_processed,,
U04193,120953,120978,not_processed,,
U04194,120978,121003,not_processed,,
U04195,121003,121027,not_processed,,
U04196,121027,121058,not_processed,,
U04197,121058,121090,not_processed,,
U04198,121090,121119,not_processed,,
U04199,121119,121145,not_processed,,
U04200,121145,121178,not_processed,,
U04201,121178,121203,not_processed,,
U04202,121203,121236,not_processed,,
U04203,121236,121262,not_processed,,
U04204,121262,121292,not_processed,,
U04205,121292,121323,not_processed,,
U04206,121323,121350,not_processed,,
U04207,121350,121376,not_processed,,
U04208,121376,121401,not_processed,,
U04209,121401,121432,not_processed,,
U04210,121432,121465,not_processed,,
U04211,121465,121490,not_processed,,
U04212,121490,121519,not_processed,,
U04213,121519,121547,not_processed,,
U04214,121547,121576,not_processed,,
U04215,121576,121606,not_processed,,
U04216,121606,121635,not_processed,,
U04217,121635,121663,not_processed,,
U04218,121663,121688,not_processed,,
U04219,121688,121713,not_processed,,
U04220,121713,121744,not_processed,,
U04221,121744,121772,not_processed,,
U04222,121772,121798,not_processed,,
U04223,121798,121828,not_processed,,
U04224,121828,121853,not_processed,,
U04225,121853,121880,not_processed,,
U04226,121880,121911,not_processed,,
U04227,121911,121937,not_processed,,
U04228,121937,121962,not_processed,,
U04229,121962,121989,not_processed,,
U04230,121989,122018,not_processed,,
U04231,122018,122046,not_processed,,
U04232,122046,122078,not_processed,,
U04233,122078,122105,not_processed,,
U04234,122105,122135,not_processed,,
U04235,122135,122166,not_processed,,
U04236,122166,122191,not_processed,,
U04237,122191,122219,not_processed,,
U04238,122219,122244,not_processed,,
U04239,122244,122278,not_processed,,
U04240,122278,122307,not_processed,,
U04241,122307,122333,not_processed,,
U04242,122333,122366,not_processed,,
U04243,122366,122397,not_processed,,
U04244,122397,122422,not_processed,,
U04245,122422,122450,not_processed,,
U04246,122450,122479,not_processed,,
U04247,122479,122512,not_processed,,
U04248,122512,122539,not_processed,,
U04249,122539,122567,not_processed,,
U04250,122567,122592,not_processed,,
U04251,122592,122619,not_processed,,
U04252,122619,122652,not_processed,,
U04253,122652,122680,not_processed,,
U04254,122680,122711,not_processed,,
U04255,122711,122739,not_processed,,
U04256,122739,122767,not_processed,,
U04257,122767,122796,not_processed,,
U04258,122796,122825,not_processed,,
U04259,122825,122850,not_processed,,
U04260,122850,122882,not_processed,,
U04261,122882,122913,not_processed,,
U04262,122913,122946,not_processed,,
U04263,122946,122976,not_processed,,
U04264,122976,123002,not_processed,,
U04265,123002,123029,not_processed,,
U04266,123029,123061,not_processed,,
U04267,123061,123091,not_processed,,
U04268,123091,123118,not_processed,,
U04269,123118,123145,not_processed,,
U04270,123145,123170,not_processed,,
U04271,123170,123202,not_processed,,
U04272,123202,123231,not_processed,,
U04273,123231,123266,not_processed,,
U04274,123266,123290,not_processed,,
U04275,123290,123318,not_processed,,
U04276,123318,123349,not_processed,,
U04277,123349,123376,not_processed,,
U04278,123376,123406,not_processed,,
U04279,123406,123433,not_processed,,
U04280,123433,123460,not_processed,,
U04281,123460,123491,not_processed,,
U04282,123491,123521,not_processed,,
U04283,123521,123552,not_processed,,
U04284,123552,123585,not_processed,,
U04285,123585,123614,not_processed,,
U04286,123614,123643,not_processed,,
U04287,123643,123674,not_processed,,
U04288,123674,123708,not_processed,,
U04289,123708,123733,not_processed,,
U04290,123733,123759,not_processed,,
U04291,123759,123793,not_processed,,
U04292,123793,123831,not_processed,,
U04293,123831,123861,not_processed,,
U04294,123861,123890,not_processed,,
U04295,123890,123919,not_processed,,
U04296,123919,123948,not_processed,,
U04297,123948,123979,not_processed,,
U04298,123979,124007,not_processed,,
U04299,124007,124034,not_processed,,
U04300,124034,124066,not_processed,,
U04301,124066,124097,not_processed,,
U04302,124097,124128,not_processed,,
U04303,124128,124159,not_processed,,
U04304,124159,124208,not_processed,,
U04305,124208,124275,not_processed,,
U04306,124275,124304,not_processed,,
U04307,124304,124330,not_processed,,
U04308,124330,124361,not_processed,,
U04309,124361,124392,not_processed,,
U04310,124392,124418,not_processed,,
U04311,124418,124450,not_processed,,
U04312,124450,124481,not_processed,,
U04313,124481,124512,not_processed,,
U04314,124512,124548,not_processed,,
U04315,124548,124579,not_processed,,
U04316,124579,124610,not_processed,,
U04317,124610,124638,not_processed,,
U04318,124638,124666,not_processed,,
U04319,124666,124697,not_processed,,
U04320,124697,124727,not_processed,,
U04321,124727,124755,not_processed,,
U04322,124755,124782,not_processed,,
U04323,124782,124809,not_processed,,
U04324,124809,124836,not_processed,,
U04325,124836,124864,not_processed,,
U04326,124864,124890,not_processed,,
U04327,124890,124917,not_processed,,
U04328,124917,124947,not_processed,,
U04329,124947,124981,not_processed,,
U04330,124981,125010,not_processed,,
U04331,125010,125039,not_processed,,
U04332,125039,125067,not_processed,,
U04333,125067,125100,not_processed,,
U04334,125100,125127,not_processed,,
U04335,125127,125154,not_processed,,
U04336,125154,125184,not_processed,,
U04337,125184,125212,not_processed,,
U04338,125212,125239,not_processed,,
U04339,125239,125267,not_processed,,
U04340,125267,125294,not_processed,,
U04341,125294,125321,not_processed,,
U04342,125321,125349,not_processed,,
U04343,125349,125379,not_processed,,
U04344,125379,125394,not_processed,,
U04345,125394,125423,not_processed,,
U04346,125423,125454,not_processed,,
U04347,125454,125484,not_processed,,
U04348,125484,125513,not_processed,,
U04349,125513,125540,not_processed,,
U04350,125540,125555,not_processed,,
U04351,125555,125585,not_processed,,
U04352,125585,125610,not_processed,,
U04353,125610,125636,not_processed,,
U04354,125636,125665,not_processed,,
U04355,125665,125695,not_processed,,
U04356,125695,125724,not_processed,,
U04357,125724,125753,not_processed,,
U04358,125753,125779,not_processed,,
U04359,125779,125801,not_processed,,
U04360,125801,125829,not_processed,,
U04361,125829,125858,not_processed,,
U04362,125858,125893,not_processed,,
U04363,125893,125920,not_processed,,
U04364,125920,125951,not_processed,,
U04365,125951,125977,not_processed,,
U04366,125977,126004,not_processed,,
U04367,126004,126028,not_processed,,
U04368,126028,126043,not_processed,,
U04369,126043,126072,not_processed,,
U04370,126072,126097,not_processed,,
U04371,126097,126122,not_processed,,
U04372,126122,126150,not_processed,,
U04373,126150,126179,not_processed,,
U04374,126179,126206,not_processed,,
U04375,126206,126232,not_processed,,
U04376,126232,126261,not_processed,,
U04377,126261,126286,not_processed,,
U04378,126286,126300,not_processed,,
U04379,126300,126331,not_processed,,
U04380,126331,126358,not_processed,,
U04381,126358,126384,not_processed,,
U04382,126384,126411,not_processed,,
U04383,126411,126439,not_processed,,
U04384,126439,126466,not_processed,,
U04385,126466,126494,not_processed,,
U04386,126494,126521,not_processed,,
U04387,126521,126553,not_processed,,
U04388,126553,126584,not_processed,,
U04389,126584,126608,not_processed,,
U04390,126608,126621,not_processed,,
U04391,126621,126649,not_processed,,
U04392,126649,126676,not_processed,,
U04393,126676,126700,not_processed,,
U04394,126700,126724,not_processed,,
U04395,126724,126750,not_processed,,
U04396,126750,126777,not_processed,,
U04397,126777,126806,not_processed,,
U04398,126806,126831,not_processed,,
U04399,126831,126857,not_processed,,
U04400,126857,126884,not_processed,,
U04401,126884,126915,not_processed,,
U04402,126915,126944,not_processed,,
U04403,126944,126973,not_processed,,
U04404,126973,127001,not_processed,,
U04405,127001,127023,not_processed,,
U04406,127023,127038,not_processed,,
U04407,127038,127066,not_processed,,
U04408,127066,127091,not_processed,,
U04409,127091,127119,not_processed,,
U04410,127119,127148,not_processed,,
U04411,127148,127177,not_processed,,
U04412,127177,127205,not_processed,,
U04413,127205,127234,not_processed,,
U04414,127234,127266,not_processed,,
U04415,127266,127292,not_processed,,
U04416,127292,127319,not_processed,,
U04417,127319,127351,not_processed,,
U04418,127351,127382,not_processed,,
U04419,127382,127414,not_processed,,
U04420,127414,127444,not_processed,,
U04421,127444,127473,not_processed,,
U04422,127473,127506,not_processed,,
U04423,127506,127533,not_processed,,
U04424,127533,127557,not_processed,,
U04425,127557,127589,not_processed,,
U04426,127589,127622,not_processed,,
U04427,127622,127652,not_processed,,
U04428,127652,127687,not_processed,,
U04429,127687,127717,not_processed,,
U04430,127717,127745,not_processed,,
U04431,127745,127770,not_processed,,
U04432,127770,127799,not_processed,,
U04433,127799,127813,not_processed,,
U04434,127813,127840,not_processed,,
U04435,127840,127872,not_processed,,
U04436,127872,127903,not_processed,,
U04437,127903,127935,not_processed,,
U04438,127935,127962,not_processed,,
U04439,127962,127994,not_processed,,
U04440,127994,128019,not_processed,,
U04441,128019,128051,not_processed,,
U04442,128051,128079,not_processed,,
U04443,128079,128109,not_processed,,
U04444,128109,128136,not_processed,,
U04445,128136,128166,not_processed,,
U04446,128166,128194,not_processed,,
U04447,128194,128223,not_processed,,
U04448,128223,128258,not_processed,,
U04449,128258,128285,not_processed,,
U04450,128285,128311,not_processed,,
U04451,128311,128327,not_processed,,
U04452,128327,128354,not_processed,,
U04453,128354,128382,not_processed,,
U04454,128382,128412,not_processed,,
U04455,128412,128439,not_processed,,
U04456,128439,128468,not_processed,,
U04457,128468,128496,not_processed,,
U04458,128496,128523,not_processed,,
U04459,128523,128555,not_processed,,
U04460,128555,128583,not_processed,,
U04461,128583,128608,not_processed,,
U04462,128608,128621,not_processed,,
U04463,128621,128646,not_processed,,
U04464,128646,128676,not_processed,,
U04465,128676,128703,not_processed,,
U04466,128703,128733,not_processed,,
U04467,128733,128763,not_processed,,
U04468,128763,128788,not_processed,,
U04469,128788,128820,not_processed,,
U04470,128820,128854,not_processed,,
U04471,128854,128885,not_processed,,
U04472,128885,128919,not_processed,,
U04473,128919,128960,not_processed,,
U04474,128960,128986,not_processed,,
U04475,128986,129017,not_processed,,
U04476,129017,129049,not_processed,,
U04477,129049,129082,not_processed,,
U04478,129082,129111,not_processed,,
U04479,129111,129140,not_processed,,
U04480,129140,129172,not_processed,,
U04481,129172,129203,not_processed,,
U04482,129203,129231,not_processed,,
U04483,129231,129262,not_processed,,
U04484,129262,129275,not_processed,,
U04485,129275,129301,not_processed,,
U04486,129301,129333,not_processed,,
U04487,129333,129364,not_processed,,
U04488,129364,129399,not_processed,,
U04489,129399,129426,not_processed,,
U04490,129426,129457,not_processed,,
U04491,129457,129488,not_processed,,
U04492,129488,129513,not_processed,,
U04493,129513,129538,not_processed,,
U04494,129538,129556,not_processed,,
U04495,129556,129586,not_processed,,
U04496,129586,129614,not_processed,,
U04497,129614,129640,not_processed,,
U04498,129640,129666,not_processed,,
U04499,129666,129694,not_processed,,
U04500,129694,129724,not_processed,,
U04501,129724,129757,not_processed,,
U04502,129757,129790,not_processed,,
U04503,129790,129816,not_processed,,
U04504,129816,129844,not_processed,,
U04505,129844,129872,not_processed,,
U04506,129872,129905,not_processed,,
U04507,129905,129933,not_processed,,
U04508,129933,129959,not_processed,,
U04509,129959,129977,not_processed,,
U04510,129977,130010,not_processed,,
U04511,130010,130040,not_processed,,
U04512,130040,130070,not_processed,,
U04513,130070,130104,not_processed,,
U04514,130104,130133,not_processed,,
U04515,130133,130161,not_processed,,
U04516,130161,130189,not_processed,,
U04517,130189,130213,not_processed,,
U04518,130213,130245,not_processed,,
U04519,130245,130293,not_processed,,
U04520,130293,130319,not_processed,,
U04521,130319,130350,not_processed,,
U04522,130350,130381,not_processed,,
U04523,130381,130408,not_processed,,
U04524,130408,130438,not_processed,,
U04525,130438,130464,not_processed,,
U04526,130464,130498,not_processed,,
U04527,130498,130516,not_processed,,
U04528,130516,130544,not_processed,,
U04529,130544,130574,not_processed,,
U04530,130574,130600,not_processed,,
U04531,130600,130633,not_processed,,
U04532,130633,130663,not_processed,,
U04533,130663,130692,not_processed,,
U04534,130692,130719,not_processed,,
U04535,130719,130749,not_processed,,
U04536,130749,130782,not_processed,,
U04537,130782,130808,not_processed,,
U04538,130808,130835,not_processed,,
U04539,130835,130852,not_processed,,
U04540,130852,130881,not_processed,,
U04541,130881,130909,not_processed,,
U04542,130909,130935,not_processed,,
U04543,130935,130969,not_processed,,
U04544,130969,131001,not_processed,,
U04545,131001,131031,not_processed,,
U04546,131031,131060,not_processed,,
U04547,131060,131085,not_processed,,
U04548,131085,131111,not_processed,,
U04549,131111,131142,not_processed,,
U04550,131142,131173,not_processed,,
U04551,131173,131197,not_processed,,
U04552,131197,131226,not_processed,,
U04553,131226,131254,not_processed,,
U04554,131254,131285,not_processed,,
U04555,131285,131316,not_processed,,
U04556,131316,131343,not_processed,,
U04557,131343,131360,not_processed,,
U04558,131360,131391,not_processed,,
U04559,131391,131421,not_processed,,
U04560,131421,131447,not_processed,,
U04561,131447,131478,not_processed,,
U04562,131478,131507,not_processed,,
U04563,131507,131531,not_processed,,
U04564,131531,131559,not_processed,,
U04565,131559,131585,not_processed,,
U04566,131585,131614,not_processed,,
U04567,131614,131644,not_processed,,
U04568,131644,131663,not_processed,,
U04569,131663,131691,not_processed,,
U04570,131691,131718,not_processed,,
U04571,131718,131747,not_processed,,
U04572,131747,131770,not_processed,,
U04573,131770,131802,not_processed,,
U04574,131802,131829,not_processed,,
U04575,131829,131854,not_processed,,
U04576,131854,131879,not_processed,,
U04577,131879,131906,not_processed,,
U04578,131906,131933,not_processed,,
U04579,131933,131960,not_processed,,
U04580,131960,131988,not_processed,,
U04581,131988,132018,not_processed,,
U04582,132018,132045,not_processed,,
U04583,132045,132072,not_processed,,
U04584,132072,132090,not_processed,,
U04585,132090,132118,not_processed,,
U04586,132118,132147,not_processed,,
U04587,132147,132175,not_processed,,
U04588,132175,132201,not_processed,,
U04589,132201,132230,not_processed,,
U04590,132230,132254,not_processed,,
U04591,132254,132282,not_processed,,
U04592,132282,132306,not_processed,,
U04593,132306,132335,not_processed,,
U04594,132335,132354,not_processed,,
U04595,132354,132383,not_processed,,
U04596,132383,132413,not_processed,,
U04597,132413,132441,not_processed,,
U04598,132441,132466,not_processed,,
U04599,132466,132494,not_processed,,
U04600,132494,132524,not_processed,,
U04601,132524,132554,not_processed,,
U04602,132554,132581,not_processed,,
U04603,132581,132608,not_processed,,
U04604,132608,132636,not_processed,,
U04605,132636,132663,not_processed,,
U04606,132663,132695,not_processed,,
U04607,132695,132723,not_processed,,
U04608,132723,132740,not_processed,,
U04609,132740,132769,not_processed,,
U04610,132769,132792,not_processed,,
U04611,132792,132824,not_processed,,
U04612,132824,132851,not_processed,,
U04613,132851,132877,not_processed,,
U04614,132877,132908,not_processed,,
U04615,132908,132935,not_processed,,
U04616,132935,132963,not_processed,,
U04617,132963,132991,not_processed,,
U04618,132991,133024,not_processed,,
U04619,133024,133051,not_processed,,
U04620,133051,133069,not_processed,,
U04621,133069,133097,not_processed,,
U04622,133097,133125,not_processed,,
U04623,133125,133150,not_processed,,
U04624,133150,133178,not_processed,,
U04625,133178,133202,not_processed,,
U04626,133202,133228,not_processed,,
U04627,133228,133255,not_processed,,
U04628,133255,133282,not_processed,,
U04629,133282,133311,not_processed,,
U04630,133311,133341,not_processed,,
U04631,133341,133369,not_processed,,
U04632,133369,133397,not_processed,,
U04633,133397,133424,not_processed,,
U04634,133424,133449,not_processed,,
U04635,133449,133477,not_processed,,
U04636,133477,133510,not_processed,,
U04637,133510,133542,not_processed,,
U04638,133542,133571,not_processed,,
U04639,133571,133603,not_processed,,
U04640,133603,133631,not_processed,,
U04641,133631,133660,not_processed,,
U04642,133660,133687,not_processed,,
U04643,133687,133720,not_processed,,
U04644,133720,133747,not_processed,,
U04645,133747,133765,not_processed,,
U04646,133765,133791,not_processed,,
U04647,133791,133822,not_processed,,
U04648,133822,133848,not_processed,,
U04649,133848,133879,not_processed,,
U04650,133879,133912,not_processed,,
U04651,133912,133945,not_processed,,
U04652,133945,133973,not_processed,,
U04653,133973,134002,not_processed,,
U04654,134002,134031,not_processed,,
U04655,134031,134059,not_processed,,
U04656,134059,134090,not_processed,,
U04657,134090,134116,not_processed,,
U04658,134116,134146,not_processed,,
U04659,134146,134173,not_processed,,
U04660,134173,134197,not_processed,,
U04661,134197,134223,not_processed,,
U04662,134223,134252,not_processed,,
U04663,134252,134279,not_processed,,
U04664,134279,134304,not_processed,,
U04665,134304,134333,not_processed,,
U04666,134333,134361,not_processed,,
U04667,134361,134385,not_processed,,
U04668,134385,134409,not_processed,,
U04669,134409,134436,not_processed,,
U04670,134436,134463,not_processed,,
U04671,134463,134494,not_processed,,
U04672,134494,134523,not_processed,,
U04673,134523,134550,not_processed,,
U04674,134550,134578,not_processed,,
U04675,134578,134607,not_processed,,
U04676,134607,134638,not_processed,,
U04677,134638,134666,not_processed,,
U04678,134666,134696,not_processed,,
U04679,134696,134723,not_processed,,
U04680,134723,134750,not_processed,,
U04681,134750,134780,not_processed,,
U04682,134780,134810,not_processed,,
U04683,134810,134840,not_processed,,
U04684,134840,134872,not_processed,,
U04685,134872,134898,not_processed,,
U04686,134898,134925,not_processed,,
U04687,134925,134952,not_processed,,
U04688,134952,134979,not_processed,,
U04689,134979,135001,not_processed,,
U04690,135001,135031,not_processed,,
U04691,135031,135056,not_processed,,
U04692,135056,135082,not_processed,,
U04693,135082,135107,not_processed,,
U04694,135107,135134,not_processed,,
U04695,135134,135166,not_processed,,
U04696,135166,135195,not_processed,,
U04697,135195,135225,not_processed,,
U04698,135225,135258,not_processed,,
U04699,135258,135284,not_processed,,
U04700,135284,135313,not_processed,,
U04701,135313,135342,not_processed,,
U04702,135342,135373,not_processed,,
U04703,135373,135402,not_processed,,
U04704,135402,135433,not_processed,,
U04705,135433,135461,not_processed,,
U04706,135461,135494,not_processed,,
U04707,135494,135524,not_processed,,
U04708,135524,135558,not_processed,,
U04709,135558,135586,not_processed,,
U04710,135586,135610,not_processed,,
U04711,135610,135634,not_processed,,
U04712,135634,135659,not_processed,,
U04713,135659,135688,not_processed,,
U04714,135688,135714,not_processed,,
U04715,135714,135741,not_processed,,
U04716,135741,135772,not_processed,,
U04717,135772,135798,not_processed,,
U04718,135798,135822,not_processed,,
U04719,135822,135852,not_processed,,
U04720,135852,135881,not_processed,,
U04721,135881,135912,not_processed,,
U04722,135912,135944,not_processed,,
U04723,135944,135977,not_processed,,
U04724,135977,136005,not_processed,,
U04725,136005,136036,not_processed,,
U04726,136036,136065,not_processed,,
U04727,136065,136091,not_processed,,
U04728,136091,136118,not_processed,,
U04729,136118,136150,not_processed,,
U04730,136150,136181,not_processed,,
U04731,136181,136212,not_processed,,
U04732,136212,136238,not_processed,,
U04733,136238,136269,not_processed,,
U04734,136269,136297,not_processed,,
U04735,136297,136328,not_processed,,
U04736,136328,136353,not_processed,,
U04737,136353,136382,not_processed,,
U04738,136382,136409,not_processed,,
U04739,136409,136438,not_processed,,
U04740,136438,136468,not_processed,,
U04741,136468,136499,not_processed,,
U04742,136499,136529,not_processed,,
U04743,136529,136558,not_processed,,
U04744,136558,136587,not_processed,,
U04745,136587,136615,not_processed,,
U04746,136615,136646,not_processed,,
U04747,136646,136675,not_processed,,
U04748,136675,136702,not_processed,,
U04749,136702,136731,not_processed,,
U04750,136731,136758,not_processed,,
U04751,136758,136786,not_processed,,
U04752,136786,136817,not_processed,,
U04753,136817,136844,not_processed,,
U04754,136844,136867,not_processed,,
U04755,136867,136895,not_processed,,
U04756,136895,136923,not_processed,,
U04757,136923,136955,not_processed,,
U04758,136955,136981,not_processed,,
U04759,136981,137012,not_processed,,
U04760,137012,137040,not_processed,,
U04761,137040,137070,not_processed,,
U04762,137070,137119,not_processed,,
U04763,137119,137182,not_processed,,
U04764,137182,137208,not_processed,,
U04765,137208,137235,not_processed,,
U04766,137235,137265,not_processed,,
U04767,137265,137293,not_processed,,
U04768,137293,137321,not_processed,,
U04769,137321,137354,not_processed,,
U04770,137354,137380,not_processed,,
U04771,137380,137405,not_processed,,
U04772,137405,137435,not_processed,,
U04773,137435,137464,not_processed,,
U04774,137464,137493,not_processed,,
U04775,137493,137523,not_processed,,
U04776,137523,137548,not_processed,,
U04777,137548,137581,not_processed,,
U04778,137581,137608,not_processed,,
U04779,137608,137639,not_processed,,
U04780,137639,137664,not_processed,,
U04781,137664,137687,not_processed,,
U04782,137687,137715,not_processed,,
U04783,137715,137746,not_processed,,
U04784,137746,137775,not_processed,,
U04785,137775,137803,not_processed,,
U04786,137803,137833,not_processed,,
U04787,137833,137860,not_processed,,
U04788,137860,137888,not_processed,,
U04789,137888,137919,not_processed,,
U04790,137919,137946,not_processed,,
U04791,137946,137969,not_processed,,
U04792,137969,138002,not_processed,,
U04793,138002,138015,not_processed,,
U04794,138015,138041,not_processed,,
U04795,138041,138070,not_processed,,
U04796,138070,138097,not_processed,,
U04797,138097,138127,not_processed,,
U04798,138127,138158,not_processed,,
U04799,138158,138182,not_processed,,
U04800,138182,138212,not_processed,,
U04801,138212,138241,not_processed,,
U04802,138241,138265,not_processed,,
U04803,138265,138295,not_processed,,
U04804,138295,138309,not_processed,,
U04805,138309,138338,not_processed,,
U04806,138338,138365,not_processed,,
U04807,138365,138394,not_processed,,
U04808,138394,138420,not_processed,,
U04809,138420,138445,not_processed,,
U04810,138445,138476,not_processed,,
U04811,138476,138506,not_processed,,
U04812,138506,138531,not_processed,,
U04813,138531,138558,not_processed,,
U04814,138558,138588,not_processed,,
U04815,138588,138618,not_processed,,
U04816,138618,138644,not_processed,,
U04817,138644,138666,not_processed,,
U04818,138666,138696,not_processed,,
U04819,138696,138725,not_processed,,
U04820,138725,138750,not_processed,,
U04821,138750,138778,not_processed,,
U04822,138778,138808,not_processed,,
U04823,138808,138836,not_processed,,
U04824,138836,138850,not_processed,,
U04825,138850,138874,not_processed,,
U04826,138874,138900,not_processed,,
U04827,138900,138927,not_processed,,
U04828,138927,138956,not_processed,,
U04829,138956,138981,not_processed,,
U04830,138981,139012,not_processed,,
U04831,139012,139043,not_processed,,
U04832,139043,139070,not_processed,,
U04833,139070,139097,not_processed,,
U04834,139097,139129,not_processed,,
U04835,139129,139157,not_processed,,
U04836,139157,139183,not_processed,,
U04837,139183,139215,not_processed,,
U04838,139215,139242,not_processed,,
U04839,139242,139270,not_processed,,
U04840,139270,139303,not_processed,,
U04841,139303,139332,not_processed,,
U04842,139332,139358,not_processed,,
U04843,139358,139381,not_processed,,
U04844,139381,139409,not_processed,,
U04845,139409,139438,not_processed,,
U04846,139438,139468,not_processed,,
U04847,139468,139499,not_processed,,
U04848,139499,139528,not_processed,,
U04849,139528,139554,not_processed,,
U04850,139554,139567,not_processed,,
U04851,139567,139595,not_processed,,
U04852,139595,139626,not_processed,,
U04853,139626,139657,not_processed,,
U04854,139657,139685,not_processed,,
U04855,139685,139710,not_processed,,
U04856,139710,139739,not_processed,,
U04857,139739,139769,not_processed,,
U04858,139769,139797,not_processed,,
U04859,139797,139824,not_processed,,
U04860,139824,139837,not_processed,,
U04861,139837,139862,not_processed,,
U04862,139862,139894,not_processed,,
U04863,139894,139919,not_processed,,
U04864,139919,139943,not_processed,,
U04865,139943,139957,not_processed,,
U04866,139957,139986,not_processed,,
U04867,139986,140012,not_processed,,
U04868,140012,140042,not_processed,,
U04869,140042,140069,not_processed,,
U04870,140069,140099,not_processed,,
U04871,140099,140131,not_processed,,
U04872,140131,140159,not_processed,,
U04873,140159,140174,not_processed,,
U04874,140174,140205,not_processed,,
U04875,140205,140230,not_processed,,
U04876,140230,140257,not_processed,,
U04877,140257,140281,not_processed,,
U04878,140281,140310,not_processed,,
U04879,140310,140341,not_processed,,
U04880,140341,140367,not_processed,,
U04881,140367,140397,not_processed,,
U04882,140397,140422,not_processed,,
U04883,140422,140455,not_processed,,
U04884,140455,140483,not_processed,,
U04885,140483,140498,not_processed,,
U04886,140498,140526,not_processed,,
U04887,140526,140553,not_processed,,
U04888,140553,140578,not_processed,,
U04889,140578,140604,not_processed,,
U04890,140604,140632,not_processed,,
U04891,140632,140659,not_processed,,
U04892,140659,140686,not_processed,,
U04893,140686,140714,not_processed,,
U04894,140714,140741,not_processed,,
U04895,140741,140773,not_processed,,
U04896,140773,140799,not_processed,,
U04897,140799,140827,not_processed,,
U04898,140827,140855,not_processed,,
U04899,140855,140885,not_processed,,
U04900,140885,140899,not_processed,,
U04901,140899,140921,not_processed,,
U04902,140921,140950,not_processed,,
U04903,140950,140978,not_processed,,
U04904,140978,141004,not_processed,,
U04905,141004,141032,not_processed,,
U04906,141032,141061,not_processed,,
U04907,141061,141092,not_processed,,
U04908,141092,141121,not_processed,,
U04909,141121,141135,not_processed,,
U04910,141135,141162,not_processed,,
U04911,141162,141190,not_processed,,
U04912,141190,141218,not_processed,,
U04913,141218,141246,not_processed,,
U04914,141246,141271,not_processed,,
U04915,141271,141296,not_processed,,
U04916,141296,141324,not_processed,,
U04917,141324,141352,not_processed,,
U04918,141352,141383,not_processed,,
U04919,141383,141410,not_processed,,
U04920,141410,141435,not_processed,,
U04921,141435,141464,not_processed,,
U04922,141464,141492,not_processed,,
U04923,141492,141525,not_processed,,
U04924,141525,141553,not_processed,,
U04925,141553,141579,not_processed,,
U04926,141579,141597,not_processed,,
U04927,141597,141628,not_processed,,
U04928,141628,141655,not_processed,,
U04929,141655,141681,not_processed,,
U04930,141681,141711,not_processed,,
U04931,141711,141734,not_processed,,
U04932,141734,141760,not_processed,,
U04933,141760,141790,not_processed,,
U04934,141790,141818,not_processed,,
U04935,141818,141846,not_processed,,
U04936,141846,141874,not_processed,,
U04937,141874,141904,not_processed,,
U04938,141904,141929,not_processed,,
U04939,141929,141948,not_processed,,
U04940,141948,141977,not_processed,,
U04941,141977,142007,not_processed,,
U04942,142007,142035,not_processed,,
U04943,142035,142062,not_processed,,
U04944,142062,142092,not_processed,,
U04945,142092,142124,not_processed,,
U04946,142124,142152,not_processed,,
U04947,142152,142182,not_processed,,
U04948,142182,142212,not_processed,,
U04949,142212,142241,not_processed,,
U04950,142241,142273,not_processed,,
U04951,142273,142297,not_processed,,
U04952,142297,142326,not_processed,,
U04953,142326,142356,not_processed,,
U04954,142356,142386,not_processed,,
U04955,142386,142410,not_processed,,
U04956,142410,142435,not_processed,,
U04957,142435,142466,not_processed,,
U04958,142466,142495,not_processed,,
U04959,142495,142518,not_processed,,
U04960,142518,142544,not_processed,,
U04961,142544,142572,not_processed,,
U04962,142572,142597,not_processed,,
U04963,142597,142628,not_processed,,
U04964,142628,142655,not_processed,,
U04965,142655,142681,not_processed,,
U04966,142681,142715,not_processed,,
U04967,142715,142744,not_processed,,
U04968,142744,142770,not_processed,,
U04969,142770,142802,not_processed,,
U04970,142802,142838,not_processed,,
U04971,142838,142885,not_processed,,
U04972,142885,142920,not_processed,,
U04973,142920,142958,not_processed,,
U04974,142958,142984,not_processed,,
U04975,142984,143014,not_processed,,
U04976,143014,143051,not_processed,,
U04977,143051,143086,not_processed,,
U04978,143086,143124,not_processed,,
U04979,143124,143166,not_processed,,
U04980,143166,143201,not_processed,,
U04981,143201,143240,not_processed,,
U04982,143240,143276,not_processed,,
U04983,143276,143308,not_processed,,
U04984,143308,143334,not_processed,,
U04985,143334,143361,not_processed,,
U04986,143361,143395,not_processed,,
U04987,143395,143428,not_processed,,
U04988,143428,143457,not_processed,,
U04989,143457,143485,not_processed,,
U04990,143485,143510,not_processed,,
U04991,143510,143541,not_processed,,
U04992,143541,143564,not_processed,,
U04993,143564,143591,not_processed,,
U04994,143591,143620,not_processed,,
U04995,143620,143652,not_processed,,
U04996,143652,143680,not_processed,,
U04997,143680,143709,not_processed,,
U04998,143709,143735,not_processed,,
U04999,143735,143759,not_processed,,
U05000,143759,143784,not_processed,,
U05001,143784,143817,not_processed,,
U05002,143817,143844,not_processed,,
U05003,143844,143875,not_processed,,
U05004,143875,143904,not_processed,,
U05005,143904,143932,not_processed,,
U05006,143932,143967,not_processed,,
U05007,143967,143997,not_processed,,
U05008,143997,144028,not_processed,,
U05009,144028,144059,not_processed,,
U05010,144059,144091,not_processed,,
U05011,144091,144118,not_processed,,
U05012,144118,144147,not_processed,,
U05013,144147,144175,not_processed,,
U05014,144175,144201,not_processed,,
U05015,144201,144231,not_processed,,
U05016,144231,144262,not_processed,,
U05017,144262,144286,not_processed,,
U05018,144286,144312,not_processed,,
U05019,144312,144342,not_processed,,
U05020,144342,144364,not_processed,,
U05021,144364,144392,not_processed,,
U05022,144392,144425,not_processed,,
U05023,144425,144451,not_processed,,
U05024,144451,144479,not_processed,,
U05025,144479,144513,not_processed,,
U05026,144513,144543,not_processed,,
U05027,144543,144576,not_processed,,
U05028,144576,144605,not_processed,,
U05029,144605,144637,not_processed,,
U05030,144637,144667,not_processed,,
U05031,144667,144694,not_processed,,
U05032,144694,144723,not_processed,,
U05033,144723,144753,not_processed,,
U05034,144753,144783,not_processed,,
U05035,144783,144814,not_processed,,
U05036,144814,144842,not_processed,,
U05037,144842,144868,not_processed,,
U05038,144868,144897,not_processed,,
U05039,144897,144928,not_processed,,
U05040,144928,144955,not_processed,,
U05041,144955,144983,not_processed,,
U05042,144983,145012,not_processed,,
U05043,145012,145042,not_processed,,
U05044,145042,145070,not_processed,,
U05045,145070,145098,not_processed,,
U05046,145098,145129,not_processed,,
U05047,145129,145159,not_processed,,
U05048,145159,145186,not_processed,,
U05049,145186,145213,not_processed,,
U05050,145213,145243,not_processed,,
U05051,145243,145270,not_processed,,
U05052,145270,145298,not_processed,,
U05053,145298,145328,not_processed,,
U05054,145328,145354,not_processed,,
U05055,145354,145386,not_processed,,
U05056,145386,145413,not_processed,,
U05057,145413,145441,not_processed,,
U05058,145441,145471,not_processed,,
U05059,145471,145499,not_processed,,
U05060,145499,145525,not_processed,,
U05061,145525,145556,not_processed,,
U05062,145556,145586,not_processed,,
U05063,145586,145614,not_processed,,
U05064,145614,145645,not_processed,,
U05065,145645,145671,not_processed,,
U05066,145671,145703,not_processed,,
U05067,145703,145731,not_processed,,
U05068,145731,145759,not_processed,,
U05069,145759,145788,not_processed,,
U05070,145788,145817,not_processed,,
U05071,145817,145843,not_processed,,
U05072,145843,145874,not_processed,,
U05073,145874,145901,not_processed,,
U05074,145901,145933,not_processed,,
U05075,145933,145966,not_processed,,
U05076,145966,145996,not_processed,,
U05077,145996,146028,not_processed,,
U05078,146028,146061,not_processed,,
U05079,146061,146098,not_processed,,
U05080,146098,146133,not_processed,,
U05081,146133,146161,not_processed,,
U05082,146161,146187,not_processed,,
U05083,146187,146216,not_processed,,
U05084,146216,146243,not_processed,,
U05085,146243,146272,not_processed,,
U05086,146272,146302,not_processed,,
U05087,146302,146331,not_processed,,
U05088,146331,146357,not_processed,,
U05089,146357,146389,not_processed,,
U05090,146389,146422,not_processed,,
U05091,146422,146455,not_processed,,
U05092,146455,146486,not_processed,,
U05093,146486,146518,not_processed,,
U05094,146518,146568,not_processed,,
U05095,146568,146599,not_processed,,
U05096,146599,146631,not_processed,,
U05097,146631,146664,not_processed,,
U05098,146664,146697,not_processed,,
U05099,146697,146725,not_processed,,
U05100,146725,146753,not_processed,,
U05101,146753,146783,not_processed,,
U05102,146783,146810,not_processed,,
U05103,146810,146841,not_processed,,
U05104,146841,146867,not_processed,,
U05105,146867,146899,not_processed,,
U05106,146899,146940,not_processed,,
U05107,146940,146968,not_processed,,
U05108,146968,146999,not_processed,,
U05109,146999,147035,not_processed,,
U05110,147035,147068,not_processed,,
U05111,147068,147099,not_processed,,
U05112,147099,147129,not_processed,,
U05113,147129,147159,not_processed,,
U05114,147159,147198,not_processed,,
U05115,147198,147235,not_processed,,
U05116,147235,147265,not_processed,,
U05117,147265,147291,not_processed,,
U05118,147291,147320,not_processed,,
U05119,147320,147348,not_processed,,
U05120,147348,147379,not_processed,,
U05121,147379,147405,not_processed,,
U05122,147405,147429,not_processed,,
U05123,147429,147456,not_processed,,
U05124,147456,147480,not_processed,,
U05125,147480,147505,not_processed,,
U05126,147505,147534,not_processed,,
U05127,147534,147563,not_processed,,
U05128,147563,147588,not_processed,,
U05129,147588,147615,not_processed,,
U05130,147615,147645,not_processed,,
U05131,147645,147668,not_processed,,
U05132,147668,147723,not_processed,,
U05133,147723,147751,not_processed,,
U05134,147751,147776,not_processed,,
U05135,147776,147805,not_processed,,
U05136,147805,147832,not_processed,,
U05137,147832,147860,not_processed,,
U05138,147860,147891,not_processed,,
U05139,147891,147923,not_processed,,
U05140,147923,147951,not_processed,,
U05141,147951,147980,not_processed,,
U05142,147980,148007,not_processed,,
U05143,148007,148034,not_processed,,
U05144,148034,148060,not_processed,,
U05145,148060,148088,not_processed,,
U05146,148088,148117,not_processed,,
U05147,148117,148144,not_processed,,
U05148,148144,148172,not_processed,,
U05149,148172,148200,not_processed,,
U05150,148200,148231,not_processed,,
U05151,148231,148259,not_processed,,
U05152,148259,148287,not_processed,,
U05153,148287,148312,not_processed,,
U05154,148312,148343,not_processed,,
U05155,148343,148368,not_processed,,
U05156,148368,148396,not_processed,,
U05157,148396,148422,not_processed,,
U05158,148422,148450,not_processed,,
U05159,148450,148479,not_processed,,
U05160,148479,148511,not_processed,,
U05161,148511,148538,not_processed,,
U05162,148538,148570,not_processed,,
U05163,148570,148596,not_processed,,
U05164,148596,148621,not_processed,,
U05165,148621,148652,not_processed,,
U05166,148652,148680,not_processed,,
U05167,148680,148704,not_processed,,
U05168,148704,148736,not_processed,,
U05169,148736,148763,not_processed,,
U05170,148763,148787,not_processed,,
U05171,148787,148812,not_processed,,
U05172,148812,148838,not_processed,,
U05173,148838,148862,not_processed,,
U05174,148862,148888,not_processed,,
U05175,148888,148920,not_processed,,
U05176,148920,148951,not_processed,,
U05177,148951,148982,not_processed,,
U05178,148982,149011,not_processed,,
U05179,149011,149042,not_processed,,
U05180,149042,149071,not_processed,,
U05181,149071,149098,not_processed,,
U05182,149098,149123,not_processed,,
U05183,149123,149151,not_processed,,
U05184,149151,149178,not_processed,,
U05185,149178,149205,not_processed,,
U05186,149205,149236,not_processed,,
U05187,149236,149261,not_processed,,
U05188,149261,149292,not_processed,,
U05189,149292,149322,not_processed,,
U05190,149322,149350,not_processed,,
U05191,149350,149376,not_processed,,
U05192,149376,149403,not_processed,,
U05193,149403,149434,not_processed,,
U05194,149434,149465,not_processed,,
U05195,149465,149497,not_processed,,
U05196,149497,149546,not_processed,,
U05197,149546,149604,not_processed,,
U05198,149604,149635,not_processed,,
U05199,149635,149664,not_processed,,
U05200,149664,149691,not_processed,,
U05201,149691,149718,not_processed,,
U05202,149718,149752,not_processed,,
U05203,149752,149777,not_processed,,
U05204,149777,149809,not_processed,,
U05205,149809,149844,not_processed,,
U05206,149844,149875,not_processed,,
U05207,149875,149904,not_processed,,
U05208,149904,149931,not_processed,,
U05209,149931,149960,not_processed,,
U05210,149960,149986,not_processed,,
U05211,149986,150013,not_processed,,
U05212,150013,150041,not_processed,,
U05213,150041,150067,not_processed,,
U05214,150067,150097,not_processed,,
U05215,150097,150127,not_processed,,
U05216,150127,150159,not_processed,,
U05217,150159,150189,not_processed,,
U05218,150189,150217,not_processed,,
U05219,150217,150246,not_processed,,
U05220,150246,150272,not_processed,,
U05221,150272,150299,not_processed,,
U05222,150299,150329,not_processed,,
U05223,150329,150359,not_processed,,
U05224,150359,150388,not_processed,,
U05225,150388,150401,not_processed,,
U05226,150401,150430,not_processed,,
U05227,150430,150460,not_processed,,
U05228,150460,150484,not_processed,,
U05229,150484,150512,not_processed,,
U05230,150512,150542,not_processed,,
U05231,150542,150575,not_processed,,
U05232,150575,150597,not_processed,,
U05233,150597,150626,not_processed,,
U05234,150626,150652,not_processed,,
U05235,150652,150680,not_processed,,
U05236,150680,150710,not_processed,,
U05237,150710,150742,not_processed,,
U05238,150742,150772,not_processed,,
U05239,150772,150801,not_processed,,
U05240,150801,150832,not_processed,,
U05241,150832,150863,not_processed,,
U05242,150863,150893,not_processed,,
U05243,150893,150925,not_processed,,
U05244,150925,150955,not_processed,,
U05245,150955,150969,not_processed,,
U05246,150969,150999,not_processed,,
U05247,150999,151024,not_processed,,
U05248,151024,151056,not_processed,,
U05249,151056,151085,not_processed,,
U05250,151085,151113,not_processed,,
U05251,151113,151143,not_processed,,
U05252,151143,151173,not_processed,,
U05253,151173,151204,not_processed,,
U05254,151204,151234,not_processed,,
U05255,151234,151263,not_processed,,
U05256,151263,151293,not_processed,,
U05257,151293,151324,not_processed,,
U05258,151324,151353,not_processed,,
U05259,151353,151382,not_processed,,
U05260,151382,151416,not_processed,,
U05261,151416,151446,not_processed,,
U05262,151446,151472,not_processed,,
U05263,151472,151499,not_processed,,
U05264,151499,151526,not_processed,,
U05265,151526,151555,not_processed,,
U05266,151555,151585,not_processed,,
U05267,151585,151614,not_processed,,
U05268,151614,151645,not_processed,,
U05269,151645,151680,not_processed,,
U05270,151680,151709,not_processed,,
U05271,151709,151734,not_processed,,
U05272,151734,151769,not_processed,,
U05273,151769,151797,not_processed,,
U05274,151797,151819,not_processed,,
U05275,151819,151832,not_processed,,
U05276,151832,151866,not_processed,,
U05277,151866,151893,not_processed,,
U05278,151893,151920,not_processed,,
U05279,151920,151949,not_processed,,
U05280,151949,151981,not_processed,,
U05281,151981,152012,not_processed,,
U05282,152012,152044,not_processed,,
U05283,152044,152073,not_processed,,
U05284,152073,152101,not_processed,,
U05285,152101,152132,not_processed,,
U05286,152132,152161,not_processed,,
U05287,152161,152190,not_processed,,
U05288,152190,152222,not_processed,,
U05289,152222,152252,not_processed,,
U05290,152252,152283,not_processed,,
U05291,152283,152310,not_processed,,
U05292,152310,152322,not_processed,,
U05293,152322,152355,not_processed,,
U05294,152355,152380,not_processed,,
U05295,152380,152406,not_processed,,
U05296,152406,152436,not_processed,,
U05297,152436,152465,not_processed,,
U05298,152465,152494,not_processed,,
U05299,152494,152525,not_processed,,
U05300,152525,152556,not_processed,,
U05301,152556,152585,not_processed,,
U05302,152585,152611,not_processed,,
U05303,152611,152637,not_processed,,
U05304,152637,152666,not_processed,,
U05305,152666,152681,not_processed,,
U05306,152681,152708,not_processed,,
U05307,152708,152736,not_processed,,
U05308,152736,152766,not_processed,,
U05309,152766,152793,not_processed,,
U05310,152793,152824,not_processed,,
U05311,152824,152852,not_processed,,
U05312,152852,152882,not_processed,,
U05313,152882,152908,not_processed,,
U05314,152908,152932,not_processed,,
U05315,152932,152961,not_processed,,
U05316,152961,152990,not_processed,,
U05317,152990,153005,not_processed,,
U05318,153005,153035,not_processed,,
U05319,153035,153066,not_processed,,
U05320,153066,153094,not_processed,,
U05321,153094,153127,not_processed,,
U05322,153127,153153,not_processed,,
U05323,153153,153190,not_processed,,
U05324,153190,153221,not_processed,,
U05325,153221,153245,not_processed,,
U05326,153245,153276,not_processed,,
U05327,153276,153308,not_processed,,
U05328,153308,153324,not_processed,,
U05329,153324,153352,not_processed,,
U05330,153352,153380,not_processed,,
U05331,153380,153412,not_processed,,
U05332,153412,153441,not_processed,,
U05333,153441,153472,not_processed,,
U05334,153472,153498,not_processed,,
U05335,153498,153528,not_processed,,
U05336,153528,153556,not_processed,,
U05337,153556,153584,not_processed,,
U05338,153584,153612,not_processed,,
U05339,153612,153638,not_processed,,
U05340,153638,153666,not_processed,,
U05341,153666,153696,not_processed,,
U05342,153696,153725,not_processed,,
U05343,153725,153761,not_processed,,
U05344,153761,153794,not_processed,,
U05345,153794,153823,not_processed,,
U05346,153823,153854,not_processed,,
U05347,153854,153880,not_processed,,
U05348,153880,153905,not_processed,,
U05349,153905,153932,not_processed,,
U05350,153932,153960,not_processed,,
U05351,153960,153988,not_processed,,
U05352,153988,154019,not_processed,,
U05353,154019,154046,not_processed,,
U05354,154046,154077,not_processed,,
U05355,154077,154105,not_processed,,
U05356,154105,154133,not_processed,,
U05357,154133,154159,not_processed,,
U05358,154159,154185,not_processed,,
U05359,154185,154210,not_processed,,
U05360,154210,154242,not_processed,,
U05361,154242,154267,not_processed,,
U05362,154267,154294,not_processed,,
U05363,154294,154323,not_processed,,
U05364,154323,154355,not_processed,,
U05365,154355,154381,not_processed,,
U05366,154381,154409,not_processed,,
U05367,154409,154435,not_processed,,
U05368,154435,154462,not_processed,,
U05369,154462,154489,not_processed,,
U05370,154489,154520,not_processed,,
U05371,154520,154548,not_processed,,
U05372,154548,154580,not_processed,,
U05373,154580,154607,not_processed,,
U05374,154607,154633,not_processed,,
U05375,154633,154662,not_processed,,
U05376,154662,154688,not_processed,,
U05377,154688,154719,not_processed,,
U05378,154719,154744,not_processed,,
U05379,154744,154772,not_processed,,
U05380,154772,154802,not_processed,,
U05381,154802,154835,not_processed,,
U05382,154835,154861,not_processed,,
U05383,154861,154889,not_processed,,
U05384,154889,154917,not_processed,,
U05385,154917,154948,not_processed,,
U05386,154948,154979,not_processed,,
U05387,154979,155008,not_processed,,
U05388,155008,155038,not_processed,,
U05389,155038,155067,not_processed,,
U05390,155067,155096,not_processed,,
U05391,155096,155123,not_processed,,
U05392,155123,155154,not_processed,,
U05393,155154,155182,not_processed,,
U05394,155182,155213,not_processed,,
U05395,155213,155242,not_processed,,
U05396,155242,155270,not_processed,,
U05397,155270,155301,not_processed,,
U05398,155301,155330,not_processed,,
U05399,155330,155361,not_processed,,
U05400,155361,155385,not_processed,,
U05401,155385,155411,not_processed,,
U05402,155411,155438,not_processed,,
U05403,155438,155466,not_processed,,
U05404,155466,155495,not_processed,,
U05405,155495,155519,not_processed,,
U05406,155519,155546,not_processed,,
U05407,155546,155577,not_processed,,
U05408,155577,155606,not_processed,,
U05409,155606,155636,not_processed,,
U05410,155636,155661,not_processed,,
U05411,155661,155689,not_processed,,
U05412,155689,155715,not_processed,,
U05413,155715,155745,not_processed,,
U05414,155745,155774,not_processed,,
U05415,155774,155799,not_processed,,
U05416,155799,155827,not_processed,,
U05417,155827,155852,not_processed,,
U05418,155852,155878,not_processed,,
U05419,155878,155904,not_processed,,
U05420,155904,155932,not_processed,,
U05421,155932,155961,not_processed,,
U05422,155961,155994,not_processed,,
U05423,155994,156021,not_processed,,
U05424,156021,156049,not_processed,,
U05425,156049,156081,not_processed,,
U05426,156081,156112,not_processed,,
U05427,156112,156142,not_processed,,
U05428,156142,156170,not_processed,,
U05429,156170,156202,not_processed,,
U05430,156202,156233,not_processed,,
U05431,156233,156260,not_processed,,
U05432,156260,156291,not_processed,,
U05433,156291,156322,not_processed,,
U05434,156322,156348,not_processed,,
U05435,156348,156379,not_processed,,
U05436,156379,156404,not_processed,,
U05437,156404,156433,not_processed,,
U05438,156433,156461,not_processed,,
U05439,156461,156489,not_processed,,
U05440,156489,156518,not_processed,,
U05441,156518,156547,not_processed,,
U05442,156547,156574,not_processed,,
U05443,156574,156602,not_processed,,
U05444,156602,156634,not_processed,,
U05445,156634,156663,not_processed,,
U05446,156663,156694,not_processed,,
U05447,156694,156723,not_processed,,
U05448,156723,156742,not_processed,,
U05449,156742,156768,not_processed,,
U05450,156768,156836,not_processed,,
U05451,156836,156925,not_processed,,
U05452,156925,156937,not_processed,,
U05453,156937,156950,not_processed,,
U05454,156950,156963,not_processed,,
U05455,156963,156989,not_processed,,
U05456,156989,157049,not_processed,,
U05457,157049,157121,not_processed,,
U05458,157121,157127,not_processed,,
U05459,157127,157135,not_processed,,
U05460,157135,157141,not_processed,,
U05461,157141,157175,not_processed,,
U05462,157175,157220,not_processed,,
U05463,157220,157226,not_processed,,
U05464,157226,157239,not_processed,,
U05465,157239,157268,not_processed,,
U05466,157268,157288,not_processed,,
