Tibetan,English,Meaning and scope,Allowed grammatical forms,Contextual exceptions,Related entries,Rationale and sources,Status and open questions
ཀུན་གྱི་གཞི་,basis of all,"Two ways of knowing, the explicitly named vase embodiment, and the component explanation of all-basis; split into distinct rows.","Unapproved grammatical proposals, where applicable; see usage records.","Do not add youthful to vase embodiment. The basis rendering is restricted to the all-basis word explanation, not a global change to the Ground. Supplied things are bracketed in the running text.",Related active glossary entries must be checked in review.,"N-143, N-144 and N-147; the active glossary has all-basis and the Kati channel but not these full expressions. Source-locator IDs: N-T81. Headword rendered from saved EWTS; verify against exact source quotes.",Proposed only; not activated. Blank English means no single settled candidate. N-T81; Proposed; requires review Working renderings: knowing how things are; knowing the multiplicity; vase embodiment; basis of all
ཀུན་བརྟགས་,[imputing ignorance],The shortened categories immediately following the explicit three-ignorance introduction; use the established co-emergent ignorance and imputing ignorance entries.,"Unapproved grammatical proposals, where applicable; see usage records.",Brackets show the supplied ignorance noun. Do not automatically read every co-emergent or imputed expression elsewhere as an ignorance category; preserve the source's brtags spelling.,Related active glossary entries must be checked in review.,U02696–U02710 and the active whole-expression entries; N-118. Source-locator IDs: N-T58. Headword rendered from saved EWTS; verify against exact source quotes.,Proposed only; not activated. Blank English means no single settled candidate. N-T58; Proposed local short-form treatment; requires review Working renderings: co-emergent [ignorance]; [imputing ignorance]
ཀུན་འདར་མ་,Kundarma,The named bodily channels and the separately expressed central support in the second-chapter path account; split into four rows.,"Unapproved grammatical proposals, where applicable; see usage records.","Preserve the source's syllabic explanations separately. Do not substitute external Sanskrit channel names, identify Kundarma with the central channel by assumption, or use central channel for the philosophical Middle Way.",Related active glossary entries must be checked in review.,U02895–U02942 and N-127; the active glossary lacks these channel entries. Source-locator IDs: N-T63. Headword rendered from saved EWTS; verify against exact source quotes.,Proposed only; not activated. Blank English means no single settled candidate. N-T63; Proposed source-based name treatment; requires review Working renderings: Roma; Kyangma; Kundarma; central [channel]
ཁོ་ན་ཉིད་,suchness,The fourth class of times in the sleep-yoga sequence.,"Unapproved grammatical proposals, where applicable; see usage records.","Do not conflate it with chos nyid, nature of phenomena, or sems nyid, nature of ordinary mind. Suchness remains provisional in this construction.",Related active glossary entries must be checked in review.,Selected source and absence from the full active glossary; N-071. Source-locator IDs: N-T29. Headword rendered from saved EWTS; verify against exact source quotes.,Proposed only; not activated. Blank English means no single settled candidate. N-T29; Proposed; requires review Working renderings: suchness
ཁྲིད་,guiding,The named teaching actions and the guiding operation in the lamp practice; split expressions into separate rows.,"Unapproved grammatical proposals, where applicable; see usage records.","Do not conflate pointing out, decisive resolution and guiding. The visual-practice sense of guiding remains provisional and does not supply an omitted procedure.",Related active glossary entries must be checked in review.,The explicit action lists and guiding account; N-131 and N-134; active glossary checked. Source-locator IDs: N-T71. Headword rendered from saved EWTS; verify against exact source quotes.,Proposed only; not activated. Blank English means no single settled candidate. N-T71; Proposed; requires contextual review Working renderings: decisive resolution; distinguishing; guiding; guiding
གཏན་ཚིགས་,logical reason,Reasons in argumentation and the wheel of reasons.,"Unapproved grammatical proposals, where applicable; see usage records.",Keep distinct from rigs pa reasoning and rgyu cause; preserve unspecified counts without inventing their members.,Related active glossary entries must be checked in review.,The source's proof sequence; no established entry in the complete active glossary. Source-locator IDs: N-T20. Headword rendered from saved EWTS; verify against exact source quotes.,Proposed only; not activated. Blank English means no single settled candidate. N-T20; Proposed; requires review Working renderings: logical reason
གཏམ་ཟུངས་,store of words,"The elemental mental-state effect, the speech-capacity expression and the vessel-color simile; split into three rows.","Unapproved grammatical proposals, where applicable; see usage records.","Keep stupefaction distinct from dull confusion and dullness. Store of words and glass remain provisional, with the man-shel source form retained in the translation. No modern material or clinical identity is established.",Related active glossary entries must be checked in review.,"The complete local clauses; N-136, N-137 and N-139; active glossary lacks these expressions. Source-locator IDs: N-T74. Headword rendered from saved EWTS; verify against exact source quotes.",Proposed only; not activated. Blank English means no single settled candidate. N-T74; Proposed; requires review Working renderings: stupefaction; store of words; glass
གཏི་མུག་,dull confusion,The affliction transformed into the path through sleep yoga.,"Unapproved grammatical proposals, where applicable; see usage records.","Keep distinct from bying ba, dullness; ma rig pa, ignorance; and 'khrul pa, delusion. Do not silently collapse these under one English term.",Related active glossary entries must be checked in review.,Selected sleep-yoga passage; complete glossary lacks gti mug. Source-locator IDs: N-T26. Headword rendered from saved EWTS; verify against exact source quotes.,Proposed only; not activated. Blank English means no single settled candidate. N-T26; Proposed; requires review Working renderings: dull confusion
གདངས་ཀྱི་སྐུ་,embodiments of radiance,The explicitly numbered classes in the bodily account; split into six rows.,"Unapproved grammatical proposals, where applicable; see usage records.","Preserve canonical embodiment, radiance, aspect and sphere components; no unprinted members of these classes are supplied.",Related active glossary entries must be checked in review.,U04415–U04432; N-190; related glossary families inspected. Source-locator IDs: N-T98. Headword rendered from saved EWTS; verify against exact source quotes.,Proposed only; not activated. Blank English means no single settled candidate. N-T98; Proposed class labels; requires review Working renderings: embodiments of radiance; embodiments of rays; aspect-embodiments; entering spheres; arising spheres; arraying spheres
གདར་ཤ་ཆོད་པ་,decisively resolved,"The concluding liberation account; split into three rows. The last is a recognizable inflection of the established nyams myong expression, not a new synonym for experience.","Unapproved grammatical proposals, where applicable; see usage records.","Do not collapse gdar sha chod with the differently worded la bzla, or silently amend cer to gcer. Keep experiential acquaintance distinct from nyams, experience.",Related active glossary entries must be checked in review.,N-157 and N-158; active nyams myong entry checked. Source-locator IDs: N-T85. Headword rendered from saved EWTS; verify against exact source quotes.,Proposed only; not activated. Blank English means no single settled candidate. N-T85; Proposed expression/grammatical treatment; requires review Working renderings: decisively resolved; naked seeing; experiential acquaintance
གཞི་མ་,foundation,"Earth as bodily foundation, and the support of the teaching. The local physical/support sense is proposed separately from the technical Ground. | The support of a calculation and the support of upper/lower bodily abodes, separately recorded from the earlier body/teaching foundation proposal. | The support held or gathered in the non-conceptual primordial-knowing and discerning-knowing lamp descriptions.","Unapproved grammatical proposals, where applicable; see usage records.","The canonical The Ground remains unchanged. Do not globally lowercase or replace gzhi, including the unresolved Ground-of-words and outer-times passages. | The technical Ground at U02841 and elsewhere remains unchanged. This is not a global replacement of gzhi or gzhi ma. | Not a global replacement for the Ground. Whether these clauses instead require the technical Ground sense remains an open review question.",Related active glossary entries must be checked in review.,"Explicit body and teaching support constructions; N-055 and N-065. | The local support constructions in N-124 and N-127; active Ground entry checked. | U03025–U03034 and N-132; recorded separately from physical and calculation-support uses. Source-locator IDs: N-T30, N-T69, N-T77. Headword rendered from saved EWTS; verify against exact source quotes.","Proposed only; not activated. Blank English means no single settled candidate. N-T30, N-T69, N-T77; Proposed contextual use; requires review Working renderings: foundation"
གཟི་མདངས་,splendor,"Refined/turbid portions in elemental and bodily contexts, and the splendor terms in the body-to-vision description; split into distinct source-expression rows.","Unapproved grammatical proposals, where applicable; see usage records.","Preserve gdangs as radiance and ngo bo as essence; do not silently turn every refined part into essence or identify it with a modern substance. Standalone mdangs at U02865 is a local shortened repetition, not a global synonym rule.",Related active glossary entries must be checked in review.,"The earlier refined-part rendering and explicit contrasts in the current source; N-125, N-127 and N-129. Source-locator IDs: N-T65. Headword rendered from saved EWTS; verify against exact source quotes.",Proposed only; not activated. Blank English means no single settled candidate. N-T65; Proposed; requires review Working renderings: refined part; turbid part; splendor; splendor
གཟེར་,fixing,The cultivation metaphor and the threefold stabilization expression in the activity passage.,"Unapproved grammatical proposals, where applicable; see usage records.","These are distinct proposed terms, not synonyms. Do not infer a literal tree, ritual construction, number of nails or contents of the unenumerated three fixings.",Related active glossary entries must be checked in review.,U02464 and U02482–U02484; N-107 and N-108; active glossary lacks these expressions. Source-locator IDs: N-T55. Headword rendered from saved EWTS; verify against exact source quotes.,Proposed only; not activated. Blank English means no single settled candidate. N-T55; Proposed; requires review; split into separate rows in the proposed glossary Working renderings: life-tree; fixing
གཟེར་བུ་,fixing,Only the quantitative textual-architecture account; split into three individual candidate rows.,"Unapproved grammatical proposals, where applicable; see usage records.","Do not assume these units are modern chapters, physical volumes or measured structures in the supplied file; other gzer and 'gag uses remain context-specific.",Related active glossary entries must be checked in review.,U05231–U05244; N-226; related earlier fixing usage checked. Source-locator IDs: N-T108. Headword rendered from saved EWTS; verify against exact source quotes.,Proposed only; not activated. Blank English means no single settled candidate. N-T108; Proposed; technical referents require review Working renderings: textual section; fixing; crucial juncture
གོང་དུ་འཕེལ་བའི་ཉམས་སྣང་,vision of increasing experience,"The explicitly introduced set of four visions; local particle omissions, reordered increasing-experience wording and pheb spelling are treated through the corresponding established full expressions.","Unapproved grammatical proposals, where applicable; see usage records.","Not a new universal rendering of snang ba as vision, and not permission to amend the Tibetan. The fourth vision at U02348 directly matches its established whole expression.",Related active glossary entries must be checked in review.,The explicit four-vision sequence U02341–U02349 and all four active whole-expression entries. Source-locator IDs: N-T54. Headword rendered from saved EWTS; verify against exact source quotes.,Proposed only; not activated. Blank English means no single settled candidate. N-T54; Proposed local variant/short-form treatment; requires review Working renderings: vision of the direct perception of the nature of phenomena; vision of increasing experience; vision of awareness reaching its limit
གྱི་ནར་,,The abiding expression in the sentient-being account.,"Unapproved grammatical proposals, where applicable; see usage records.",No relaxation or ease equivalent is approved. Retain the source form rather than repair its spelling by analogy.,Related active glossary entries must be checked in review.,U04393–U04395; N-189; no applicable entry in the complete active glossary. Source-locator IDs: N-T95. Headword rendered from saved EWTS; verify against exact source quotes.,Proposed only; not activated. Blank English means no single settled candidate. N-T95; Unresolved; retained for review Working renderings: gyi nar [unresolved]
གྲགས་པ་,what is acknowledged,Acknowledged claims or common acceptance in the logical-consequence passage; the bare grags in the earlier list is interpreted through its explanation here.,"Unapproved grammatical proposals, where applicable; see usage records.","Acoustic uses of grags are not automatically this logical category. The earlier reading resounding is revised in the translation-decision log, not silently in the source.",Related active glossary entries must be checked in review.,The explicit thal 'gyur clause and the proof context of the seventh reply. Source-locator IDs: N-T21. Headword rendered from saved EWTS; verify against exact source quotes.,Proposed only; not activated. Blank English means no single settled candidate. N-T21; Proposed; requires review Working renderings: what is acknowledged
གྲུབ་མཐའ་,tenet system,The account beginning with two aspects of the enlightened intent of tenet systems.,"Unapproved grammatical proposals, where applicable; see usage records.","Do not replace the established enlightened intent mapping for dgongs pa, and do not identify specific schools until the continuation names them.",Related active glossary entries must be checked in review.,U02000 and N-089; full active glossary checked. Source-locator IDs: N-T38. Headword rendered from saved EWTS; verify against exact source quotes.,Proposed only; not activated. Blank English means no single settled candidate. N-T38; Proposed; requires review Working renderings: tenet system
གླང་རྡུལ་,ox particles,"Particle names, an inferred size measure, a size comparison and paired embodiment designations; split into six rows with scope retained.","Unapproved grammatical proposals, where applicable; see usage records.","Do not add hair-tip ratios, modern particle dimensions, exact finger measurements, blanket material or sexual activity. The mdzub measure is inferred from the surrounding size progression and remains provisional.",Related active glossary entries must be checked in review.,N-149 and N-151; active glossary checked before proposing the expressions. Source-locator IDs: N-T84. Headword rendered from saved EWTS; verify against exact source quotes.,Proposed only; not activated. Blank English means no single settled candidate. N-T84; Proposed; requires review Working renderings: sheep particles; ox particles; sun particles; fingerbreadth; blanket; father and mother
ངོ་བོ་ཉིད་ཀྱི་སྐུ་,embodiment of essence itself,The embodiment named in the earth-smell practice.,"Unapproved grammatical proposals, where applicable; see usage records.",Preserve ngo bo as essence and sku as embodiment. Do not substitute intrinsic-nature embodiment or identify it with another embodiment without explicit evidence.,Related active glossary entries must be checked in review.,Complete active glossary provides the components but not this whole expression; N-070. Source-locator IDs: N-T28. Headword rendered from saved EWTS; verify against exact source quotes.,Proposed only; not activated. Blank English means no single settled candidate. N-T28; Proposed; requires review Working renderings: embodiment of essence itself
ཅིར་མི་དགོངས་,directs enlightened intent toward nothing,Negative honorific verbal construction in the intrinsic-nature/spontaneous-presence account.,"Unapproved grammatical proposals, where applicable; see usage records.",Keep the canonical enlightened intent recognizable; do not replace it globally with thinking or generic mind. Subject and scope remain provisional.,Related active glossary entries must be checked in review.,U04015–U04017; N-175; active dgongs pa row consulted. Source-locator IDs: N-T93. Headword rendered from saved EWTS; verify against exact source quotes.,Proposed only; not activated. Blank English means no single settled candidate. N-T93; Proposed grammatical realization; requires review Working renderings: directs enlightened intent toward nothing
ཅེར་གྱིས་གྲོལ་,liberated nakedly,Complete constructions in the liberation/compassionate-responsiveness account; split into separate rows and retain the source's negations outside the lexical phrases.,"Unapproved grammatical proposals, where applicable; see usage records.","Not a change to the technical Ground elsewhere. The cer spelling and nakedly interpretation remain provisional, not a silent emendation to gcer.",Related active glossary entries must be checked in review.,U03251–U03263; N-142 and N-143; full active glossary checked. Source-locator IDs: N-T79. Headword rendered from saved EWTS; verify against exact source quotes.,Proposed only; not activated. Blank English means no single settled candidate. N-T79; Proposed; requires review Working renderings: basis of dependence; something to repeat; support for holding; liberated nakedly
ཅོག་གེ་བཞག་,leaving as they are,"The gates-of-faculties instruction, with the object supplied in brackets in the draft.","Unapproved grammatical proposals, where applicable; see usage records.",The established cog bzhag equivalent leaving as it is governs the lexical family. The extra source ge and plural/object application are recorded locally; this is not approval of the earlier unsupported just-as-it-is proposal.,Related active glossary entries must be checked in review.,U04689–U04692; N-200; active whole expression and the earlier correction of N-T42 consulted. Source-locator IDs: N-T101. Headword rendered from saved EWTS; verify against exact source quotes.,Proposed only; not activated. Blank English means no single settled candidate. N-T101; Proposed local form/grammar recognition; canonical term unchanged Working renderings: leaving as they are
ཅོག་བཞག་,leaving just as it is,The culmination phrase involving primordial liberation.,"Unapproved grammatical proposals, where applicable; see usage records.",Preserve ye grol as primordial liberation. Do not identify this automatically with a named set of four ways of leaving or with every bzhag instruction.,Related active glossary entries must be checked in review.,U02040; N-091; no whole-expression entry in active glossary. Source-locator IDs: N-T42. Headword rendered from saved EWTS; verify against exact source quotes.,Proposed only; not activated. Blank English means no single settled candidate. Earlier just-as-it-is/new-entry rationale must be checked against the existing leaving-as-it-is whole expression and later corrections. N-T42; Proposed; requires review Working renderings: leaving just as it is
ཆུ་ཡི་མེ་,water's fire,Provisional paired-element labels despite the source's alternation of instrumental-looking and genitive particles; additional pairs follow the same explicitly grouped passage.,"Unapproved grammatical proposals, where applicable; see usage records.","Not a global conversion of instrumental particles to possessives, and not a validated causal matrix. Preserve the duplicated water/wind entry and source query.",Related active glossary entries must be checked in review.,The grouped elemental sequence U03135–U03167; N-136. Source-locator IDs: N-T73. Headword rendered from saved EWTS; verify against exact source quotes.,Proposed only; not activated. Blank English means no single settled candidate. N-T73; Proposed construction-level reading; requires review Working renderings: water's earth; water's fire; earth's water; fire's earth; wind's earth
ཆུ་ཡིས་ས་,water's earth,Provisional paired-element labels despite the source's alternation of instrumental-looking and genitive particles; additional pairs follow the same explicitly grouped passage.,"Unapproved grammatical proposals, where applicable; see usage records.","Not a global conversion of instrumental particles to possessives, and not a validated causal matrix. Preserve the duplicated water/wind entry and source query.",Related active glossary entries must be checked in review.,The grouped elemental sequence U03135–U03167; N-136. Source-locator IDs: N-T73. Headword rendered from saved EWTS; verify against exact source quotes.,Proposed only; not activated. Blank English means no single settled candidate. N-T73; Proposed construction-level reading; requires review Working renderings: water's earth; water's fire; earth's water; fire's earth; wind's earth
ཆོས་ཅན་,,"The inferential or argumentative subject in the passage with assertions, reasons, and examples. | Outer-view objects contrasted with the nature of phenomena, not the earlier formal argumentation passage.","Unapproved grammatical proposals, where applicable; see usage records.",Not a blanket replacement for a phenomenon or a bearer of properties in every later context; preserve subject/object distinctions explicitly. | Do not inherit the earlier proposed logical subject mapping as a universal default. This does not change chos nyid or an established primary glossary row.,Related active glossary entries must be checked in review.,"The immediately surrounding proof vocabulary and paired chos can/chos nyid construction. | U04874–U04884; N-209; full glossary and N-T20 consulted. Source-locator IDs: N-T103, N-T20. Headword rendered from saved EWTS; verify against exact source quotes.","Proposed only; not activated. Blank English means no single settled candidate. N-T103, N-T20; Proposed; requires review | Proposed contextual use; requires review Working renderings: subject | bearers of properties"
ཆོས་ཉིད་མངོན་སུམ་སྣང་བ་,vision of the direct perception of the nature of phenomena,"The explicitly introduced set of four visions; local particle omissions, reordered increasing-experience wording and pheb spelling are treated through the corresponding established full expressions.","Unapproved grammatical proposals, where applicable; see usage records.","Not a new universal rendering of snang ba as vision, and not permission to amend the Tibetan. The fourth vision at U02348 directly matches its established whole expression.",Related active glossary entries must be checked in review.,The explicit four-vision sequence U02341–U02349 and all four active whole-expression entries. Source-locator IDs: N-T54. Headword rendered from saved EWTS; verify against exact source quotes.,Proposed only; not activated. Blank English means no single settled candidate. N-T54; Proposed local variant/short-form treatment; requires review Working renderings: vision of the direct perception of the nature of phenomena; vision of increasing experience; vision of awareness reaching its limit
ཇི་ལྟ་མཁྱེན་,knowing how things are,The third-chapter questions referring back to the named primordial knowings and their two knowing modes; split into separate rows.,"Unapproved grammatical proposals, where applicable; see usage records.","Retain the mirror simile as a simile rather than universally substitute a name. The supplied primordial-knowing noun is bracketed, and the established discriminating whole expression is used only through this documented local short form.",Related active glossary entries must be checked in review.,The complete question list and the previous explicit fivefold account; N-159. Source-locator IDs: N-T87. Headword rendered from saved EWTS; verify against exact source quotes.,Proposed only; not activated. Blank English means no single settled candidate. N-T87; Proposed local usage; requires review Working renderings: like a mirror; discriminating [primordial knowing]; the multiplicity; knowing how things are
ཇི་ལྟར་མཁྱེན་,knowing how things are,"Two ways of knowing, the explicitly named vase embodiment, and the component explanation of all-basis; split into distinct rows.","Unapproved grammatical proposals, where applicable; see usage records.","Do not add youthful to vase embodiment. The basis rendering is restricted to the all-basis word explanation, not a global change to the Ground. Supplied things are bracketed in the running text.",Related active glossary entries must be checked in review.,"N-143, N-144 and N-147; the active glossary has all-basis and the Kati channel but not these full expressions. Source-locator IDs: N-T81. Headword rendered from saved EWTS; verify against exact source quotes.",Proposed only; not activated. Blank English means no single settled candidate. N-T81; Proposed; requires review Working renderings: knowing how things are; knowing the multiplicity; vase embodiment; basis of all
ཇི་སྙེད་,knowing the multiplicity,"Two ways of knowing, the explicitly named vase embodiment, and the component explanation of all-basis; split into distinct rows.","Unapproved grammatical proposals, where applicable; see usage records.","Do not add youthful to vase embodiment. The basis rendering is restricted to the all-basis word explanation, not a global change to the Ground. Supplied things are bracketed in the running text.",Related active glossary entries must be checked in review.,"N-143, N-144 and N-147; the active glossary has all-basis and the Kati channel but not these full expressions. Source-locator IDs: N-T81. Headword rendered from saved EWTS; verify against exact source quotes.",Proposed only; not activated. Blank English means no single settled candidate. N-T81; Proposed; requires review Working renderings: knowing how things are; knowing the multiplicity; vase embodiment; basis of all
ཇི་སྙེད་པ་,the multiplicity,The third-chapter questions referring back to the named primordial knowings and their two knowing modes; split into separate rows.,"Unapproved grammatical proposals, where applicable; see usage records.","Retain the mirror simile as a simile rather than universally substitute a name. The supplied primordial-knowing noun is bracketed, and the established discriminating whole expression is used only through this documented local short form.",Related active glossary entries must be checked in review.,The complete question list and the previous explicit fivefold account; N-159. Source-locator IDs: N-T87. Headword rendered from saved EWTS; verify against exact source quotes.,Proposed only; not activated. Blank English means no single settled candidate. N-T87; Proposed local usage; requires review Working renderings: like a mirror; discriminating [primordial knowing]; the multiplicity; knowing how things are
ཉམས་སུ་མྱོང་,experiential acquaintance,"The concluding liberation account; split into three rows. The last is a recognizable inflection of the established nyams myong expression, not a new synonym for experience.","Unapproved grammatical proposals, where applicable; see usage records.","Do not collapse gdar sha chod with the differently worded la bzla, or silently amend cer to gcer. Keep experiential acquaintance distinct from nyams, experience.",Related active glossary entries must be checked in review.,N-157 and N-158; active nyams myong entry checked. Source-locator IDs: N-T85. Headword rendered from saved EWTS; verify against exact source quotes.,Proposed only; not activated. Blank English means no single settled candidate. N-T85; Proposed expression/grammatical treatment; requires review Working renderings: decisively resolved; naked seeing; experiential acquaintance
ཉམས་སུ་ལེན་པ་,taking up in experience,The abbreviated introductory intention and the question about practice in chapter two; split into distinct rows.,"Unapproved grammatical proposals, where applicable; see usage records.","Keep the established ordinary-mind and experience components visible. Do not identify every sems bskyed with the unresolved physiological byang chub sems expression, or treat every len pa as the grasping link.",Related active glossary entries must be checked in review.,U02636–U02642 and U02659; N-117; active glossary lacks these whole expressions. Source-locator IDs: N-T57. Headword rendered from saved EWTS; verify against exact source quotes.,Proposed only; not activated. Blank English means no single settled candidate. N-T57; Proposed; scope requires review Working renderings: arousing ordinary mind; taking up in experience
ཉི་རྡུལ་,sun particles,"Particle names, an inferred size measure, a size comparison and paired embodiment designations; split into six rows with scope retained.","Unapproved grammatical proposals, where applicable; see usage records.","Do not add hair-tip ratios, modern particle dimensions, exact finger measurements, blanket material or sexual activity. The mdzub measure is inferred from the surrounding size progression and remains provisional.",Related active glossary entries must be checked in review.,N-149 and N-151; active glossary checked before proposing the expressions. Source-locator IDs: N-T84. Headword rendered from saved EWTS; verify against exact source quotes.,Proposed only; not activated. Blank English means no single settled candidate. N-T84; Proposed; requires review Working renderings: sheep particles; ox particles; sun particles; fingerbreadth; blanket; father and mother
ཉེར་ལེན་,appropriation,"A causal appropriation term, the form-possessing classification and a negative conceptual-thought construction; split into three rows.","Unapproved grammatical proposals, where applicable; see usage records.","Keep appropriation separate from the dependent-arising len pa proposal, preserve the bracketed coordination in the second expression, and do not silently equate rtog bral with a different established whole expression. Ordinary awareness and conceptual-thought entries remain unchanged.",Related active glossary entries must be checked in review.,"N-095, N-164, N-165 and N-168; complete active glossary consulted. Source-locator IDs: N-T90. Headword rendered from saved EWTS; verify against exact source quotes.",Proposed only; not activated. Blank English means no single settled candidate. N-T90; Proposed; requires review Working renderings: appropriation; aware [or] insentient; free from conceptual thought
ཏིང་འཛིན་,deep absorption,The shortened form of ting nge 'dzin in the nondelusion account.,"Unapproved grammatical proposals, where applicable; see usage records.","Keep distinct from bsam gtan, meditative stabilization, and from cultivation or equipoise. This does not permit arbitrary expansion of every 'dzin word.",Related active glossary entries must be checked in review.,U02810 and the active ting nge 'dzin entry; N-123. Source-locator IDs: N-T67. Headword rendered from saved EWTS; verify against exact source quotes.,Proposed only; not activated. Blank English means no single settled candidate. N-T67; Proposed local short-form usage; requires review Working renderings: deep absorption
ཐ་སྙད་གཞི་,basis of convention,The complete convention-support expression and a provisional support construction in the calculation of words; split into separate rows.,"Unapproved grammatical proposals, where applicable; see usage records.","Not a global replacement of the Ground. U03893 retains the Ground, and the variant at U03952 remains separately unresolved.",Related active glossary entries must be checked in review.,N-168 and N-170; active Ground and all-basis entries checked. Source-locator IDs: N-T88. Headword rendered from saved EWTS; verify against exact source quotes.,Proposed only; not activated. Blank English means no single settled candidate. N-T88; Proposed contextual uses; requires review Working renderings: basis of convention; root foundation
ཐབས་,methods,The paired classification of accomplishment practices into methods and discerning knowing.,"Unapproved grammatical proposals, where applicable; see usage records.",Do not collapse methods and discerning knowing into wisdom or silently read the queried thab at U02246 as thabs. Ordinary grammatical method/methods remains context-dependent.,Related active glossary entries must be checked in review.,The explicit pairing in the selected source; N-092 and N-093; active glossary lacks standalone thabs. Source-locator IDs: N-T39. Headword rendered from saved EWTS; verify against exact source quotes.,Proposed only; not activated. Blank English means no single settled candidate. N-T39; Proposed; requires review Working renderings: methods
ཐལ་བ་,consequence,Definitive application of a consequence in debate.,"Unapproved grammatical proposals, where applicable; see usage records.",The same form in the thirteen field names is provisionally penetration; log each actual use and do not conflate the two contexts.,Related active glossary entries must be checked in review.,Debate against another position in the immediately surrounding verses. Source-locator IDs: N-T21. Headword rendered from saved EWTS; verify against exact source quotes.,Proposed only; not activated. Blank English means no single settled candidate. N-T21; Proposed contextual use; requires review Working renderings: consequence
ཐལ་འགྱུར་,consequence,Logical consequences in the assertion/reason/proof sequence.,"Unapproved grammatical proposals, where applicable; see usage records.",The title and field names retain their explicitly provisional penetration rendering. This contextual logical sense must not be globally substituted into every thal expression.,Related active glossary entries must be checked in review.,"The surrounding assertions, reasons, pervasion, and acknowledged claims support a logical sense. Source-locator IDs: N-T21. Headword rendered from saved EWTS; verify against exact source quotes.",Proposed only; not activated. Blank English means no single settled candidate. N-T21; Proposed contextual use; requires review Working renderings: consequence
ཐིག་ལེ་སྟོང་པ་,lamp of the empty sphere,"The explicitly introduced four-lamp account; the first two short forms are rendered through established whole entries, while the latter two retain their recognizable shortened wording.","Unapproved grammatical proposals, where applicable; see usage records.",Do not name an unexpressed fourth lamp or translate every sphere or lasso as a lamp. Keep discerning knowing visible and record the near-full naturally arising lamp form separately as a recognizable whole-expression variant.,Related active glossary entries must be checked in review.,U02964–U03000 and the four active lamp entries; N-129 and N-130. Source-locator IDs: N-T64. Headword rendered from saved EWTS; verify against exact source quotes.,Proposed only; not activated. Blank English means no single settled candidate. N-T64; Proposed local short-form usage; requires review Working renderings: water lamp of the far-reaching lasso; lamp of the empty sphere; discerning-knowing lamp; sphere lamp
ཐིག་ལེའི་སྒྲོན་མ་,sphere lamp,"The explicitly introduced four-lamp account; the first two short forms are rendered through established whole entries, while the latter two retain their recognizable shortened wording.","Unapproved grammatical proposals, where applicable; see usage records.",Do not name an unexpressed fourth lamp or translate every sphere or lasso as a lamp. Keep discerning knowing visible and record the near-full naturally arising lamp form separately as a recognizable whole-expression variant.,Related active glossary entries must be checked in review.,U02964–U03000 and the four active lamp entries; N-129 and N-130. Source-locator IDs: N-T64. Headword rendered from saved EWTS; verify against exact source quotes.,Proposed only; not activated. Blank English means no single settled candidate. N-T64; Proposed local short-form usage; requires review Working renderings: water lamp of the far-reaching lasso; lamp of the empty sphere; discerning-knowing lamp; sphere lamp
ཐུགས་,awakened mind,Honorific member of the embodiment–speech–mind triad in the opening.,"Unapproved grammatical proposals, where applicable; see usage records.","Do not infer this mapping from thugs rje or equate it silently with dgongs pa. sems remains ordinary mind, dgongs pa enlightened intent, and thugs rje compassionate responsiveness.",Related active glossary entries must be checked in review.,Standalone thugs is absent from the supplied glossary; the glossary explicitly identifies this gap. Source-locator IDs: N-T04. Headword rendered from saved EWTS; verify against exact source quotes.,Proposed only; not activated. Blank English means no single settled candidate. N-T04; Proposed; requires review Working renderings: awakened mind
དང་,,Only the word before shes pas in the final knowing sequence.,"Unapproved grammatical proposals, where applicable; see usage records.",Not a general headword proposal for the conjunction dang; do not infer clarity or radiance without confirming the source.,Related active glossary entries must be checked in review.,U05410–U05412; N-234. Source-locator IDs: N-T110. Headword rendered from saved EWTS; verify against exact source quotes.,Proposed only; not activated. Blank English means no single settled candidate. N-T110; Unresolved source reading; not a proposed canonical mapping Working renderings: dang [reading unresolved]
དབུ་མ་,central [channel],The named bodily channels and the separately expressed central support in the second-chapter path account; split into four rows.,"Unapproved grammatical proposals, where applicable; see usage records.","Preserve the source's syllabic explanations separately. Do not substitute external Sanskrit channel names, identify Kundarma with the central channel by assumption, or use central channel for the philosophical Middle Way.",Related active glossary entries must be checked in review.,U02895–U02942 and N-127; the active glossary lacks these channel entries. Source-locator IDs: N-T63. Headword rendered from saved EWTS; verify against exact source quotes.,Proposed only; not activated. Blank English means no single settled candidate. N-T63; Proposed source-based name treatment; requires review Working renderings: Roma; Kyangma; Kundarma; central [channel]
དབྱིངས་ཉིད་དག་པ་,pure basic space itself,Shortened naming within the explicit four-lamp characteristic/support sequence.,"Unapproved grammatical proposals, where applicable; see usage records.",Recognize the relationship to the established lamp of perfectly pure basic space without inserting a lamp label into every basic-space expression. Keep the source's different word orders visible in the concordance.,Related active glossary entries must be checked in review.,U03019–U03112 and the active full lamp entry; N-132 and N-135. Source-locator IDs: N-T70. Headword rendered from saved EWTS; verify against exact source quotes.,Proposed only; not activated. Blank English means no single settled candidate. N-T70; Proposed local short-form treatment; requires review Working renderings: pure basic space itself; perfectly pure basic space
དབྱེ་,,The practice designation together with an explicit distinguishing verb and the samsara/nirvana objects.,"Unapproved grammatical proposals, where applicable; see usage records.","Retain the canonical secret preliminary mapping for ru shan; this does not silently extend the earlier question-only literal-rendering exception. The expanded English expresses the source construction, not an added practice step.",Related active glossary entries must be checked in review.,The explicit verbs and objects in the selected passages; N-100 and N-104. Source-locator IDs: N-T47. Headword rendered from saved EWTS; verify against exact source quotes.,Proposed only; not activated. Blank English means no single settled candidate. N-T47; Proposed construction treatment; requires review Working renderings: distinguish samsara and nirvana through the secret preliminary
དམ་བཅའ་,assertion,Statements maintained or challenged in the proof passage and the source note quoting that passage.,"Unapproved grammatical proposals, where applicable; see usage records.",Distinguish dam tshig pledges and sdom pa vows; do not carry the logical sense into unrelated devotional or ethical contexts automatically.,Related active glossary entries must be checked in review.,"Explicit first- and other-person positions, contradictions, reasons, and examples in the sixth and seventh replies. Source-locator IDs: N-T20. Headword rendered from saved EWTS; verify against exact source quotes.",Proposed only; not activated. Blank English means no single settled candidate. N-T20; Proposed; requires review Working renderings: assertion
དམ་ཚིག་,pledge,Commitments linked to empowerment and the five guarded commitments in the ritual passage.,"Unapproved grammatical proposals, where applicable; see usage records.","Keep distinct from sdom pa, vow, and from bka', command. Do not invent the contents of unenumerated pledges or modern duties not stated in the source.",Related active glossary entries must be checked in review.,The explicit pledge/vow contrast in the question and U02302–U02308; active glossary checked. Source-locator IDs: N-T50. Headword rendered from saved EWTS; verify against exact source quotes.,Proposed only; not activated. Blank English means no single settled candidate. N-T50; Proposed; requires review Working renderings: pledge
དོན་དམ་བྱང་སེམས་,ultimate awakening ordinary mind,"The refined-earth effect in the bodily-element/lamp account, extending the earlier unresolved byang sems proposal to this expressly ultimate construction.","Unapproved grammatical proposals, where applicable; see usage records.","Does not settle whether the expression is bodily, aspirational or another technical use. Preserve the ordinary-mind component provisionally and do not equate it with primordial knowing without evidence.",Related active glossary entries must be checked in review.,U03403–U03406 and N-149; compared with the earlier full/short repetition at U01150/U01164. Source-locator IDs: N-T82. Headword rendered from saved EWTS; verify against exact source quotes.,Proposed only; not activated. Blank English means no single settled candidate. N-T82; Proposed; semantic scope unresolved Working renderings: ultimate awakening ordinary mind
དྭངས་མ་,refined part,"Refined/turbid portions in elemental and bodily contexts, and the splendor terms in the body-to-vision description; split into distinct source-expression rows.","Unapproved grammatical proposals, where applicable; see usage records.","Preserve gdangs as radiance and ngo bo as essence; do not silently turn every refined part into essence or identify it with a modern substance. Standalone mdangs at U02865 is a local shortened repetition, not a global synonym rule.",Related active glossary entries must be checked in review.,"The earlier refined-part rendering and explicit contrasts in the current source; N-125, N-127 and N-129. Source-locator IDs: N-T65. Headword rendered from saved EWTS; verify against exact source quotes.",Proposed only; not activated. Blank English means no single settled candidate. N-T65; Proposed; requires review Working renderings: refined part; turbid part; splendor; splendor
དྲ་བ་,draba,The sound-training list only; split into five candidate rows with the original source forms.,"Unapproved grammatical proposals, where applicable; see usage records.",Retained names do not establish instrument identities. Three-junctioned instrument is a literal working description and may require replacement after organological and source review.,Related active glossary entries must be checked in review.,U04268–U04272; N-184; no corresponding whole expressions in the glossary. Source-locator IDs: N-T97. Headword rendered from saved EWTS; verify against exact source quotes.,Proposed only; not activated. Blank English means no single settled candidate. N-T97; Proposed or unresolved as individually noted; no approved additions Working renderings: draba; har; pheg; rdob; three-junctioned instrument
དྲན་པའི་སེམས་,mindful ordinary mind,The mental recollection/reflection sequence of the secret preliminary; mindful is the adjective derived from the established mindfulness entry.,"Unapproved grammatical proposals, where applicable; see usage records.",Preserve the canonical mindfulness component. Do not silently replace it with recollection or memory; the earlier U01720 recollections wording is corrected separately. Whether the local psychological sense warrants a contextual exception remains open.,Related active glossary entries must be checked in review.,Active dran pa entry and the full body/speech/ordinary-mind sequence; N-104. Source-locator IDs: N-T48. Headword rendered from saved EWTS; verify against exact source quotes.,Proposed only; not activated. Blank English means no single settled candidate. N-T48; Provisional grammatical use; semantic scope requires review Working renderings: mindful ordinary mind; mindfulness and reflection
དྲན་བསམ་,mindfulness and reflection,The mental recollection/reflection sequence of the secret preliminary; mindful is the adjective derived from the established mindfulness entry.,"Unapproved grammatical proposals, where applicable; see usage records.",Preserve the canonical mindfulness component. Do not silently replace it with recollection or memory; the earlier U01720 recollections wording is corrected separately. Whether the local psychological sense warrants a contextual exception remains open.,Related active glossary entries must be checked in review.,Active dran pa entry and the full body/speech/ordinary-mind sequence; N-104. Source-locator IDs: N-T48. Headword rendered from saved EWTS; verify against exact source quotes.,Proposed only; not activated. Blank English means no single settled candidate. N-T48; Provisional grammatical use; semantic scope requires review Working renderings: mindful ordinary mind; mindfulness and reflection
དྲན་ཡུལ་,what is recalled,The explicitly verbal and word-explanatory constructions defining ordinary mind.,"Unapproved grammatical proposals, where applicable; see usage records.",The canonical noun sems remains ordinary mind; dran pa remains mindfulness. This is not a global replacement of either term or an approved psychological definition.,Related active glossary entries must be checked in review.,The four verbal sems constructions and preceding etymological clause; N-148; active noun entries checked. Source-locator IDs: N-T83. Headword rendered from saved EWTS; verify against exact source quotes.,Proposed only; not activated. Blank English means no single settled candidate. N-T83; Proposed grammatical use; requires review Working renderings: think; what is recalled
ཕེག་,pheg,The sound-training list only; split into five candidate rows with the original source forms.,"Unapproved grammatical proposals, where applicable; see usage records.",Retained names do not establish instrument identities. Three-junctioned instrument is a literal working description and may require replacement after organological and source review.,Related active glossary entries must be checked in review.,U04268–U04272; N-184; no corresponding whole expressions in the glossary. Source-locator IDs: N-T97. Headword rendered from saved EWTS; verify against exact source quotes.,Proposed only; not activated. Blank English means no single settled candidate. N-T97; Proposed or unresolved as individually noted; no approved additions Working renderings: draba; har; pheg; rdob; three-junctioned instrument
བ་མིན་,buffalo,"The bodily channel/eye-door account; split into three proposed rows. Heart is a contextual proposal for citta, while the source designations remain visible.","Unapproved grammatical proposals, where applicable; see usage records.","Do not globally translate Sanskrit citta as anatomical heart or alter ordinary mind as the sems mapping. Do not identify the named coil, a-bras or channel system with modern structures. The buffalo identification remains provisional.",Related active glossary entries must be checked in review.,"The body/citta/eye path and horn simile in the selected source; N-125, N-126 and N-128. Source-locator IDs: N-T62. Headword rendered from saved EWTS; verify against exact source quotes.",Proposed only; not activated. Blank English means no single settled candidate. N-T62; Proposed; requires review Working renderings: heart (citta); eye (cakṣu); buffalo
བཀོད་པའི་ཐིག་ལེ་,arraying spheres,The explicitly numbered classes in the bodily account; split into six rows.,"Unapproved grammatical proposals, where applicable; see usage records.","Preserve canonical embodiment, radiance, aspect and sphere components; no unprinted members of these classes are supplied.",Related active glossary entries must be checked in review.,U04415–U04432; N-190; related glossary families inspected. Source-locator IDs: N-T98. Headword rendered from saved EWTS; verify against exact source quotes.,Proposed only; not activated. Blank English means no single settled candidate. N-T98; Proposed class labels; requires review Working renderings: embodiments of radiance; embodiments of rays; aspect-embodiments; entering spheres; arising spheres; arraying spheres
བག་ལ་ཉལ་,,The latent factor named in the arising-of-beings and delusion accounts; validate exact occurrences before generating the final concordance.,"Unapproved grammatical proposals, where applicable; see usage records.","Keep distinct from bag chags, habitual tendencies. Do not infer a modern unconscious mechanism or silently supply a list of dormant tendencies.",Related active glossary entries must be checked in review.,"The explicit latent/arising sequences; N-052, N-121 and N-124; active glossary lacks this whole expression. Source-locator IDs: N-T68. Headword rendered from saved EWTS; verify against exact source quotes.",Proposed only; not activated. Blank English means no single settled candidate. N-T68; Proposed; requires review and occurrence validation Working renderings: dormant tendencies
བག་ལ་ཉལ་བ་,,The latent factor named in the arising-of-beings and delusion accounts; validate exact occurrences before generating the final concordance.,"Unapproved grammatical proposals, where applicable; see usage records.","Keep distinct from bag chags, habitual tendencies. Do not infer a modern unconscious mechanism or silently supply a list of dormant tendencies.",Related active glossary entries must be checked in review.,"The explicit latent/arising sequences; N-052, N-121 and N-124; active glossary lacks this whole expression. Source-locator IDs: N-T68. Headword rendered from saved EWTS; verify against exact source quotes.",Proposed only; not activated. Blank English means no single settled candidate. N-T68; Proposed; requires review and occurrence validation Working renderings: dormant tendencies
བཅུ་བཞི་ལྔ་,fourteenth and [fifteenth],"The waxing-moon dates, provisionally carrying the tens from the first number into the second.","Unapproved grammatical proposals, where applicable; see usage records.",The supplied tens are bracketed. Do not apply this as a universal rule to unrelated compressed number lists or calculate a modern date from the passage.,Related active glossary entries must be checked in review.,The immediately paired waning/waxing dates and the selected print; N-160. Source-locator IDs: N-T86. Headword rendered from saved EWTS; verify against exact source quotes.,Proposed only; not activated. Blank English means no single settled candidate. N-T86; Proposed; numerical scope requires review Working renderings: fourteenth and [fifteenth]
བཅུད་ཀྱིས་ལེན་པ་,taking nourishment from vital essences,The question about the nourishment-taking practice; retain bcud's nutritive sense rather than replacing it with the essence term ngo bo.,"Unapproved grammatical proposals, where applicable; see usage records.",Whole-expression proposal only. 'Vital essences' is explicitly distinguished from the canonical technical Essence; later bcud compounds must be checked by context.,Related active glossary entries must be checked in review.,Question's wording and subsequent nourishment-related questions; complete glossary contains no whole-expression entry. Source-locator IDs: N-T16. Headword rendered from saved EWTS; verify against exact source quotes.,Proposed only; not activated. Blank English means no single settled candidate. N-T16; Proposed; requires review Working renderings: taking nourishment from vital essences
བམ་པོ་,textual section,Only the quantitative textual-architecture account; split into three individual candidate rows.,"Unapproved grammatical proposals, where applicable; see usage records.","Do not assume these units are modern chapters, physical volumes or measured structures in the supplied file; other gzer and 'gag uses remain context-specific.",Related active glossary entries must be checked in review.,U05231–U05244; N-226; related earlier fixing usage checked. Source-locator IDs: N-T108. Headword rendered from saved EWTS; verify against exact source quotes.,Proposed only; not activated. Blank English means no single settled candidate. N-T108; Proposed; technical referents require review Working renderings: textual section; fixing; crucial juncture
བཟོ་,craft,The craft and illusion-related activities in practice lists; validate the full compound and nearby form at each occurrence.,"Unapproved grammatical proposals, where applicable; see usage records.",Do not extend contriver or contrivance from their established longer expressions to every bzo occurrence. Preserve rtsal as expressiveness and do not equate all illusion vocabulary with a single technical category.,Related active glossary entries must be checked in review.,"The explicit word/craft and visual-practice lists; N-077, N-114 and N-138. Source-locator IDs: N-T78. Headword rendered from saved EWTS; verify against exact source quotes.",Proposed only; not activated. Blank English means no single settled candidate. N-T78; Proposed; requires review and occurrence validation Working renderings: craft; illusory expressiveness
བསམ་གཏན་,meditative stabilization,The sleep and non-conceptual meditative practices named in these passages.,"Unapproved grammatical proposals, where applicable; see usage records.","Keep distinct from ting nge 'dzin, deep absorption; mnyam bzhag, equipoise; and sgom pa, cultivation. No identity of these practice categories is asserted.",Related active glossary entries must be checked in review.,Complete active glossary checked; the source distinguishes the expressions by wording. Source-locator IDs: N-T33. Headword rendered from saved EWTS; verify against exact source quotes.,Proposed only; not activated. Blank English means no single settled candidate. N-T33; Proposed; requires review Working renderings: meditative stabilization
བསྐྱར་གཞི་,something to repeat,Complete constructions in the liberation/compassionate-responsiveness account; split into separate rows and retain the source's negations outside the lexical phrases.,"Unapproved grammatical proposals, where applicable; see usage records.","Not a change to the technical Ground elsewhere. The cer spelling and nakedly interpretation remain provisional, not a silent emendation to gcer.",Related active glossary entries must be checked in review.,U03251–U03263; N-142 and N-143; full active glossary checked. Source-locator IDs: N-T79. Headword rendered from saved EWTS; verify against exact source quotes.,Proposed only; not activated. Blank English means no single settled candidate. N-T79; Proposed; requires review Working renderings: basis of dependence; something to repeat; support for holding; liberated nakedly
བསྐྱེད་པ་,generation,The two stage-designating expressions in the five-culmination account; generation is the locally shortened stage designation.,"Unapproved grammatical proposals, where applicable; see usage records.","Not every bskyed or rdzogs verb denotes a stage. Do not automatically extend this mapping to generation of elements, completion of lists or Great Perfection.",Related active glossary entries must be checked in review.,The parallel stage and culmination context; N-091; no whole-expression entries in the active glossary. Source-locator IDs: N-T40. Headword rendered from saved EWTS; verify against exact source quotes.,Proposed only; not activated. Blank English means no single settled candidate. N-T40; Proposed; requires review Working renderings: generation; completion stage
བུམ་སྐུ་,vase embodiment,"Two ways of knowing, the explicitly named vase embodiment, and the component explanation of all-basis; split into distinct rows.","Unapproved grammatical proposals, where applicable; see usage records.","Do not add youthful to vase embodiment. The basis rendering is restricted to the all-basis word explanation, not a global change to the Ground. Supplied things are bracketed in the running text.",Related active glossary entries must be checked in review.,"N-143, N-144 and N-147; the active glossary has all-basis and the Kati channel but not these full expressions. Source-locator IDs: N-T81. Headword rendered from saved EWTS; verify against exact source quotes.",Proposed only; not activated. Blank English means no single settled candidate. N-T81; Proposed; requires review Working renderings: knowing how things are; knowing the multiplicity; vase embodiment; basis of all
བྱ་གྲུབ་,activity-accomplishing primordial knowing,The explicitly coordinated fivefold primordial-knowing list; split into five rows. Discriminating primordial knowing uses the established full expression through a local spelling/short-form proposal; the other full names remain proposals.,"Unapproved grammatical proposals, where applicable; see usage records.","Do not globally expand mirror, evenness or basic space into primordial-knowing names. Retain the source's rtogs spelling and the two listed sequences without altering Tibetan.",Related active glossary entries must be checked in review.,The abbreviated predicates at U03277–U03282 and explicit ye shes list at U03306–U03307; active discriminating-primordial-knowing entry consulted. Source-locator IDs: N-T80. Headword rendered from saved EWTS; verify against exact source quotes.,Proposed only; not activated. Blank English means no single settled candidate. N-T80; Proposed; requires review Working renderings: mirror-like primordial knowing; primordial knowing of evenness; discriminating primordial knowing; activity-accomplishing primordial knowing; primordial knowing of the basic space of phenomena
བྱ་བ་གྲུབ་པ་,doing accomplished,Named series and its syllabic explanations; each expression remains separately recoverable.,"Unapproved grammatical proposals, where applicable; see usage records.",The name-level discriminating proposal does not authorize replacing explanatory rtogs with conceptualizing; U04080 retains realization. Doing is retained in the explicit explanation rather than silently collapsed into activity.,Related active glossary entries must be checked in review.,U04047–U04111; N-177; previous N-T80 and active complete expression consulted. Source-locator IDs: N-T80. Headword rendered from saved EWTS; verify against exact source quotes.,Proposed only; not activated. Blank English means no single settled candidate. N-T80; Proposed local usage; not an approved glossary change Working renderings: mirror-like primordial knowing; discriminating [primordial knowing]; doing accomplished
བྱང་ཆུབ་,awakening,The result designated in dedication and in the Ground upheld by the guru.,"Unapproved grammatical proposals, where applicable; see usage records.","Do not collapse byang chub sems into awakening alone or omit sems from that separate expression; its physiological use has a separate unresolved proposal. This is not a new mapping for sangs rgyas, buddha/buddhahood.",Related active glossary entries must be checked in review.,The two explicit result contexts and the absence of standalone byang chub from the active glossary. Source-locator IDs: N-T45. Headword rendered from saved EWTS; verify against exact source quotes.,Proposed only; not activated. Blank English means no single settled candidate. N-T45; Proposed; requires review Working renderings: awakening; complete awakening
བྱང་ཆུབ་སེམས་,,Provisional component-preserving rendering in the eight-times physiological passage; the short form maps locally to the repeated full expression.,"Unapproved grammatical proposals, where applicable; see usage records.","Does not establish whether the passage refers to an aspiration, a bodily substance, or another technical use. Not a universal substitute for bodhisattva, which contains sems dpa'.",Related active glossary entries must be checked in review.,The local full/short repetition and absence of a whole-expression entry; see N-057. Source-locator IDs: N-T25. Headword rendered from saved EWTS; verify against exact source quotes.,Proposed only; not activated. Blank English means no single settled candidate. N-T25; Proposed; semantic scope unresolved Working renderings: awakening ordinary mind
བྱང་སེམས་,,Provisional component-preserving rendering in the eight-times physiological passage; the short form maps locally to the repeated full expression.,"Unapproved grammatical proposals, where applicable; see usage records.","Does not establish whether the passage refers to an aspiration, a bodily substance, or another technical use. Not a universal substitute for bodhisattva, which contains sems dpa'.",Related active glossary entries must be checked in review.,The local full/short repetition and absence of a whole-expression entry; see N-057. Source-locator IDs: N-T25. Headword rendered from saved EWTS; verify against exact source quotes.,Proposed only; not activated. Blank English means no single settled candidate. N-T25; Proposed; semantic scope unresolved Working renderings: awakening ordinary mind
བྱེར་ཟུག་སྙོམས་,"dispersal, penetration, and equalizing",The threefold elemental functions and their explicit repetitions; preserve the written order at each occurrence.,"Unapproved grammatical proposals, where applicable; see usage records.","Not a new mapping for unimpeded penetration, evenness, or equipoise. Equalizing here is a provisional elemental operation, not an established general synonym for those glossary entries.",Related active glossary entries must be checked in review.,The announced twelve functions and repeated threefold structures in the selected source; N-063. Source-locator IDs: N-T27. Headword rendered from saved EWTS; verify against exact source quotes.,"Proposed only; not activated. Blank English means no single settled candidate. N-T27; Proposed; requires review Working renderings: dispersal, penetration, and equalizing"
བླ་མ་,guru,The spiritual-teacher designation; earlier lama renderings require a recorded consistency review rather than silent replacement.,"Unapproved grammatical proposals, where applicable; see usage records.","Do not infer a named human teacher, biological status or authority beyond the source. The established Guru Yoga whole expression remains unchanged. U01390 is not an occurrence and must not be treated as lexical evidence; it is excluded from the final occurrence concordance.",Related active glossary entries must be checked in review.,"Explicit bla ma occurrences, particularly the root/branch account; N-097. Active glossary has Guru Yoga but no standalone bla ma entry. Source-locator IDs: N-T43. Headword rendered from saved EWTS; verify against exact source quotes.",Proposed only; not activated. Blank English means no single settled candidate. N-T43; Proposed; requires review and occurrence validation Working renderings: guru
མངལ་གྱི་རྒྱུན་གཅོད་,cutter of the succession of wombs,"One epithet in the continuum's praise, preserving the interruption of repeated womb-birth.","Unapproved grammatical proposals, where applicable; see usage records.",The local succession wording does not replace the proposed flow default for rgyun or the established continuum for rgyud.,Related active glossary entries must be checked in review.,Complete epithet and neighboring lower-destiny epithet in the selected source. Source-locator IDs: N-T17. Headword rendered from saved EWTS; verify against exact source quotes.,Proposed only; not activated. Blank English means no single settled candidate. N-T17; Proposed local compound; requires review Working renderings: cutter of the succession of wombs
མངོན་ཤེས་,higher knowing,The attainment and sixfold category explicitly named here.,"Unapproved grammatical proposals, where applicable; see usage records.","Keep distinct from shes pa knowing, rig pa awareness, ye shes primordial knowing, and shes rab discerning knowing; do not invent the six members where the source does not enumerate them.",Related active glossary entries must be checked in review.,Repeated higher-knowing expression and the sixfold count in the source; absent from the active glossary. Source-locator IDs: N-T19. Headword rendered from saved EWTS; verify against exact source quotes.,Proposed only; not activated. Blank English means no single settled candidate. N-T19; Proposed; requires review Working renderings: higher knowing
མངོན་སྤྱོད་,aggressive ritual activity,Ritual activities in the elemental pairing sequence.,"Unapproved grammatical proposals, where applicable; see usage records.","Not a synonym for ordinary spyod pa, activity, or a practical instruction to harm anyone; retain the compound's marked ritual sense.",Related active glossary entries must be checked in review.,Selected source's destructive ritual context; absent from the active glossary. Source-locator IDs: N-T31. Headword rendered from saved EWTS; verify against exact source quotes.,Proposed only; not activated. Blank English means no single settled candidate. N-T31; Proposed; requires review Working renderings: aggressive ritual activity
མདངས་,splendor,"Refined/turbid portions in elemental and bodily contexts, and the splendor terms in the body-to-vision description; split into distinct source-expression rows.","Unapproved grammatical proposals, where applicable; see usage records.","Preserve gdangs as radiance and ngo bo as essence; do not silently turn every refined part into essence or identify it with a modern substance. Standalone mdangs at U02865 is a local shortened repetition, not a global synonym rule.",Related active glossary entries must be checked in review.,"The earlier refined-part rendering and explicit contrasts in the current source; N-125, N-127 and N-129. Source-locator IDs: N-T65. Headword rendered from saved EWTS; verify against exact source quotes.",Proposed only; not activated. Blank English means no single settled candidate. N-T65; Proposed; requires review Working renderings: refined part; turbid part; splendor; splendor
མདོ་གསུམ་པ་,three-junctioned instrument,The sound-training list only; split into five candidate rows with the original source forms.,"Unapproved grammatical proposals, where applicable; see usage records.",Retained names do not establish instrument identities. Three-junctioned instrument is a literal working description and may require replacement after organological and source review.,Related active glossary entries must be checked in review.,U04268–U04272; N-184; no corresponding whole expressions in the glossary. Source-locator IDs: N-T97. Headword rendered from saved EWTS; verify against exact source quotes.,Proposed only; not activated. Blank English means no single settled candidate. N-T97; Proposed or unresolved as individually noted; no approved additions Working renderings: draba; har; pheg; rdob; three-junctioned instrument
མན་ངག་,pith instructions,The orally/directly instructive teaching category repeatedly contrasted or coordinated with authoritative transmission and reasoning.,"Unapproved grammatical proposals, where applicable; see usage records.","Do not substitute it automatically for all gdams ngag, teaching, advice or instructions. Preserve the source's statement that these instructions subside at the final stage.",Related active glossary entries must be checked in review.,Repeated explicit man ngag occurrences; active glossary lacks the standalone expression. Source-locator IDs: N-T49. Headword rendered from saved EWTS; verify against exact source quotes.,Proposed only; not activated. Blank English means no single settled candidate. N-T49; Proposed; requires review Working renderings: pith instructions
མན་ཤེལ་,glass,"The elemental mental-state effect, the speech-capacity expression and the vessel-color simile; split into three rows.","Unapproved grammatical proposals, where applicable; see usage records.","Keep stupefaction distinct from dull confusion and dullness. Store of words and glass remain provisional, with the man-shel source form retained in the translation. No modern material or clinical identity is established.",Related active glossary entries must be checked in review.,"The complete local clauses; N-136, N-137 and N-139; active glossary lacks these expressions. Source-locator IDs: N-T74. Headword rendered from saved EWTS; verify against exact source quotes.",Proposed only; not activated. Blank English means no single settled candidate. N-T74; Proposed; requires review Working renderings: stupefaction; store of words; glass
མཛུབ་,fingerbreadth,"Particle names, an inferred size measure, a size comparison and paired embodiment designations; split into six rows with scope retained.","Unapproved grammatical proposals, where applicable; see usage records.","Do not add hair-tip ratios, modern particle dimensions, exact finger measurements, blanket material or sexual activity. The mdzub measure is inferred from the surrounding size progression and remains provisional.",Related active glossary entries must be checked in review.,N-149 and N-151; active glossary checked before proposing the expressions. Source-locator IDs: N-T84. Headword rendered from saved EWTS; verify against exact source quotes.,Proposed only; not activated. Blank English means no single settled candidate. N-T84; Proposed; requires review Working renderings: sheep particles; ox particles; sun particles; fingerbreadth; blanket; father and mother
མར་གར་,,Only the item between jewel and light in this visual list.,"Unapproved grammatical proposals, where applicable; see usage records.","No identification as butter, pearl, lamp or a Sanskrit name is approved; the exact source remains in the alignment.",Related active glossary entries must be checked in review.,U04224; N-181; full glossary checked and no applicable whole expression found. Source-locator IDs: N-T92. Headword rendered from saved EWTS; verify against exact source quotes.,Proposed only; not activated. Blank English means no single settled candidate. N-T92; Unresolved; retained rather than silently translated Working renderings: mar gar [unresolved]
མིང་གཟུགས་,name-and-form,The successive named categories in the source's calculation of delusion; split into separate proposed-glossary rows.,"Unapproved grammatical proposals, where applicable; see usage records.","These are context-specific whole-expression/category proposals, not changes to established consciousness, ordinary mind, mental faculty or apprehending-subject entries. The source's numerical subdivisions are not equated with a familiar external list.",Related active glossary entries must be checked in review.,The explicit twelve-connection introduction and the successive source labels; complete active glossary checked; N-118–N-120. Source-locator IDs: N-T56. Headword rendered from saved EWTS; verify against exact source quotes.,Proposed only; not activated. Blank English means no single settled candidate. N-T56; Proposed; requires review and separate rows Working renderings: formations; name-and-form; sense bases; contact; feeling; craving; grasping; becoming
མེ་ཡིས་ས་,fire's earth,Provisional paired-element labels despite the source's alternation of instrumental-looking and genitive particles; additional pairs follow the same explicitly grouped passage.,"Unapproved grammatical proposals, where applicable; see usage records.","Not a global conversion of instrumental particles to possessives, and not a validated causal matrix. Preserve the duplicated water/wind entry and source query.",Related active glossary entries must be checked in review.,The grouped elemental sequence U03135–U03167; N-136. Source-locator IDs: N-T73. Headword rendered from saved EWTS; verify against exact source quotes.,Proposed only; not activated. Blank English means no single settled candidate. N-T73; Proposed construction-level reading; requires review Working renderings: water's earth; water's fire; earth's water; fire's earth; wind's earth
མེ་ལོང་,mirror-like primordial knowing,The explicitly coordinated fivefold primordial-knowing list; split into five rows. Discriminating primordial knowing uses the established full expression through a local spelling/short-form proposal; the other full names remain proposals.,"Unapproved grammatical proposals, where applicable; see usage records.","Do not globally expand mirror, evenness or basic space into primordial-knowing names. Retain the source's rtogs spelling and the two listed sequences without altering Tibetan.",Related active glossary entries must be checked in review.,The abbreviated predicates at U03277–U03282 and explicit ye shes list at U03306–U03307; active discriminating-primordial-knowing entry consulted. Source-locator IDs: N-T80. Headword rendered from saved EWTS; verify against exact source quotes.,Proposed only; not activated. Blank English means no single settled candidate. N-T80; Proposed; requires review Working renderings: mirror-like primordial knowing; primordial knowing of evenness; discriminating primordial knowing; activity-accomplishing primordial knowing; primordial knowing of the basic space of phenomena
མེ་ལོང་ཡེ་ཤེས་,mirror-like primordial knowing,Named series and its syllabic explanations; each expression remains separately recoverable.,"Unapproved grammatical proposals, where applicable; see usage records.",The name-level discriminating proposal does not authorize replacing explanatory rtogs with conceptualizing; U04080 retains realization. Doing is retained in the explicit explanation rather than silently collapsed into activity.,Related active glossary entries must be checked in review.,U04047–U04111; N-177; previous N-T80 and active complete expression consulted. Source-locator IDs: N-T80. Headword rendered from saved EWTS; verify against exact source quotes.,Proposed only; not activated. Blank English means no single settled candidate. N-T80; Proposed local usage; not an approved glossary change Working renderings: mirror-like primordial knowing; discriminating [primordial knowing]; doing accomplished
མེ་ལོང་ལྟ་བུ་,like a mirror,The third-chapter questions referring back to the named primordial knowings and their two knowing modes; split into separate rows.,"Unapproved grammatical proposals, where applicable; see usage records.","Retain the mirror simile as a simile rather than universally substitute a name. The supplied primordial-knowing noun is bracketed, and the established discriminating whole expression is used only through this documented local short form.",Related active glossary entries must be checked in review.,The complete question list and the previous explicit fivefold account; N-159. Source-locator IDs: N-T87. Headword rendered from saved EWTS; verify against exact source quotes.,Proposed only; not activated. Blank English means no single settled candidate. N-T87; Proposed local usage; requires review Working renderings: like a mirror; discriminating [primordial knowing]; the multiplicity; knowing how things are
མོས་པ་སྤྱོད་པའི་ས་,ground of aspirational activity,The stage designation applied to word-oriented beings at the final time of the teaching.,"Unapproved grammatical proposals, where applicable; see usage records.","Lower-case ground represents sa here, not gzhi, the Ground. Keep the activity component visible, and do not infer an external path-stage definition not supplied by the passage.",Related active glossary entries must be checked in review.,U02309–U02317; N-101; absence of a whole-expression entry in the active glossary. Source-locator IDs: N-T52. Headword rendered from saved EWTS; verify against exact source quotes.,Proposed only; not activated. Blank English means no single settled candidate. N-T52; Proposed; requires review Working renderings: ground of aspirational activity
ཙཀྵུ་,eye (cakṣu),"The bodily channel/eye-door account; split into three proposed rows. Heart is a contextual proposal for citta, while the source designations remain visible.","Unapproved grammatical proposals, where applicable; see usage records.","Do not globally translate Sanskrit citta as anatomical heart or alter ordinary mind as the sems mapping. Do not identify the named coil, a-bras or channel system with modern structures. The buffalo identification remains provisional.",Related active glossary entries must be checked in review.,"The body/citta/eye path and horn simile in the selected source; N-125, N-126 and N-128. Source-locator IDs: N-T62. Headword rendered from saved EWTS; verify against exact source quotes.",Proposed only; not activated. Blank English means no single settled candidate. N-T62; Proposed; requires review Working renderings: heart (citta); eye (cakṣu); buffalo
ཙིཏྟ་,heart (citta),"The bodily channel/eye-door account; split into three proposed rows. Heart is a contextual proposal for citta, while the source designations remain visible.","Unapproved grammatical proposals, where applicable; see usage records.","Do not globally translate Sanskrit citta as anatomical heart or alter ordinary mind as the sems mapping. Do not identify the named coil, a-bras or channel system with modern structures. The buffalo identification remains provisional.",Related active glossary entries must be checked in review.,"The body/citta/eye path and horn simile in the selected source; N-125, N-126 and N-128. Source-locator IDs: N-T62. Headword rendered from saved EWTS; verify against exact source quotes.",Proposed only; not activated. Blank English means no single settled candidate. N-T62; Proposed; requires review Working renderings: heart (citta); eye (cakṣu); buffalo
ཚོར་བ་,feeling,The successive named categories in the source's calculation of delusion; split into separate proposed-glossary rows.,"Unapproved grammatical proposals, where applicable; see usage records.","These are context-specific whole-expression/category proposals, not changes to established consciousness, ordinary mind, mental faculty or apprehending-subject entries. The source's numerical subdivisions are not equated with a familiar external list.",Related active glossary entries must be checked in review.,The explicit twelve-connection introduction and the successive source labels; complete active glossary checked; N-118–N-120. Source-locator IDs: N-T56. Headword rendered from saved EWTS; verify against exact source quotes.,Proposed only; not activated. Blank English means no single settled candidate. N-T56; Proposed; requires review and separate rows Working renderings: formations; name-and-form; sense bases; contact; feeling; craving; grasping; becoming
ཟེར་གྱི་སྐུ་,embodiments of rays,The explicitly numbered classes in the bodily account; split into six rows.,"Unapproved grammatical proposals, where applicable; see usage records.","Preserve canonical embodiment, radiance, aspect and sphere components; no unprinted members of these classes are supplied.",Related active glossary entries must be checked in review.,U04415–U04432; N-190; related glossary families inspected. Source-locator IDs: N-T98. Headword rendered from saved EWTS; verify against exact source quotes.,Proposed only; not activated. Blank English means no single settled candidate. N-T98; Proposed class labels; requires review Working renderings: embodiments of radiance; embodiments of rays; aspect-embodiments; entering spheres; arising spheres; arraying spheres
འཁོར་འདས་རུ་ཤན་,separating samsara and nirvana,Predicate in the question about distinguishing samsara from nirvana.,"Unapproved grammatical proposals, where applicable; see usage records.",The supplied ru shan entry remains Secret preliminary. The question's literal separating sense is recorded locally and does not authorize replacing the practice name everywhere.,Related active glossary entries must be checked in review.,"The source adds gang gis phyed, explicitly asking what distinguishes them. Source-locator IDs: N-T11. Headword rendered from saved EWTS; verify against exact source quotes.",Proposed only; not activated. Blank English means no single settled candidate. N-T11; Proposed contextual use; requires review Working renderings: separating samsara and nirvana
འཁོར་འདས་རུ་ཤན་་་་་ཕྱེ་,,The practice designation together with an explicit distinguishing verb and the samsara/nirvana objects.,"Unapproved grammatical proposals, where applicable; see usage records.","Retain the canonical secret preliminary mapping for ru shan; this does not silently extend the earlier question-only literal-rendering exception. The expanded English expresses the source construction, not an added practice step.",Related active glossary entries must be checked in review.,The explicit verbs and objects in the selected passages; N-100 and N-104. Source-locator IDs: N-T47. Headword rendered from saved EWTS; verify against exact source quotes.,Proposed only; not activated. Blank English means no single settled candidate. N-T47; Proposed construction treatment; requires review Working renderings: distinguish samsara and nirvana through the secret preliminary
འཁྲིད་,guiding,The named teaching actions and the guiding operation in the lamp practice; split expressions into separate rows.,"Unapproved grammatical proposals, where applicable; see usage records.","Do not conflate pointing out, decisive resolution and guiding. The visual-practice sense of guiding remains provisional and does not supply an omitted procedure.",Related active glossary entries must be checked in review.,The explicit action lists and guiding account; N-131 and N-134; active glossary checked. Source-locator IDs: N-T71. Headword rendered from saved EWTS; verify against exact source quotes.,Proposed only; not activated. Blank English means no single settled candidate. N-T71; Proposed; requires contextual review Working renderings: decisive resolution; distinguishing; guiding; guiding
འཁྲུལ་འཁོར་,bodily exercises,The physical-practice expression coordinated with channels in the posture account.,"Unapproved grammatical proposals, where applicable; see usage records.",Not a global replacement for machinery or apparatus in cosmological passages; do not reassign the canonical movement family to this different expression or identify a modern exercise system.,Related active glossary entries must be checked in review.,U04469–U04493; N-192; entire glossary consulted. Source-locator IDs: N-T96. Headword rendered from saved EWTS; verify against exact source quotes.,Proposed only; not activated. Blank English means no single settled candidate. N-T96; Proposed contextual use; requires review Working renderings: bodily exercises
འགག་,crucial juncture,Only the quantitative textual-architecture account; split into three individual candidate rows.,"Unapproved grammatical proposals, where applicable; see usage records.","Do not assume these units are modern chapters, physical volumes or measured structures in the supplied file; other gzer and 'gag uses remain context-specific.",Related active glossary entries must be checked in review.,U05231–U05244; N-226; related earlier fixing usage checked. Source-locator IDs: N-T108. Headword rendered from saved EWTS; verify against exact source quotes.,Proposed only; not activated. Blank English means no single settled candidate. N-T108; Proposed; technical referents require review Working renderings: textual section; fixing; crucial juncture
འཆང་གཞི་,support for holding,Complete constructions in the liberation/compassionate-responsiveness account; split into separate rows and retain the source's negations outside the lexical phrases.,"Unapproved grammatical proposals, where applicable; see usage records.","Not a change to the technical Ground elsewhere. The cer spelling and nakedly interpretation remain provisional, not a silent emendation to gcer.",Related active glossary entries must be checked in review.,U03251–U03263; N-142 and N-143; full active glossary checked. Source-locator IDs: N-T79. Headword rendered from saved EWTS; verify against exact source quotes.,Proposed only; not activated. Blank English means no single settled candidate. N-T79; Proposed; requires review Working renderings: basis of dependence; something to repeat; support for holding; liberated nakedly
འཇུག་པའི་ཐིག་ལེ་,entering spheres,The explicitly numbered classes in the bodily account; split into six rows.,"Unapproved grammatical proposals, where applicable; see usage records.","Preserve canonical embodiment, radiance, aspect and sphere components; no unprinted members of these classes are supplied.",Related active glossary entries must be checked in review.,U04415–U04432; N-190; related glossary families inspected. Source-locator IDs: N-T98. Headword rendered from saved EWTS; verify against exact source quotes.,Proposed only; not activated. Blank English means no single settled candidate. N-T98; Proposed class labels; requires review Working renderings: embodiments of radiance; embodiments of rays; aspect-embodiments; entering spheres; arising spheres; arraying spheres
འདས་པ་,passing beyond [sorrow]; transcendence,The question's final extent is clarified by the corresponding reply's full mya ngan 'das pa; the associated liberation-path contexts permit the shorter transcendence wording provisionally.,"Unapproved grammatical proposals, where applicable; see usage records.","Do not apply this to every temporal past expression. U02769 is full-form evidence, not itself an abbreviation. Preserve the supplied sorrow in brackets where it is absent.",Related active glossary entries must be checked in review.,Exact question/answer repetition at U02648 and U02769; N-122 and the translation-decision log. Source-locator IDs: N-T61. Headword rendered from saved EWTS; verify against exact source quotes.,Proposed only; not activated. Blank English means no single settled candidate. N-T61; Proposed local clarification; requires review Working renderings: passing beyond [sorrow]; transcendence
འདུ་བྱེད་,formations,The successive named categories in the source's calculation of delusion; split into separate proposed-glossary rows.,"Unapproved grammatical proposals, where applicable; see usage records.","These are context-specific whole-expression/category proposals, not changes to established consciousness, ordinary mind, mental faculty or apprehending-subject entries. The source's numerical subdivisions are not equated with a familiar external list.",Related active glossary entries must be checked in review.,The explicit twelve-connection introduction and the successive source labels; complete active glossary checked; N-118–N-120. Source-locator IDs: N-T56. Headword rendered from saved EWTS; verify against exact source quotes.,Proposed only; not activated. Blank English means no single settled candidate. N-T56; Proposed; requires review and separate rows Working renderings: formations; name-and-form; sense bases; contact; feeling; craving; grasping; becoming
འདུན་པ་,aspiration,"Difficult expressions in the lamp/vision account, retained with source-form queries; split into separate rows.","Unapproved grammatical proposals, where applicable; see usage records.","These are not approved identifications. Do not infer a literal weighing instrument, substitute a channel interpretation, or claim the aspiration/convergence issue has been resolved.",Related active glossary entries must be checked in review.,The two srang occurrences and the two related 'dun constructions; N-133 and N-135. Source-locator IDs: N-T72. Headword rendered from saved EWTS; verify against exact source quotes.,Proposed only; not activated. Blank English means no single settled candidate. N-T72; Provisional renderings; lexical/contextual resolution outstanding Working renderings: balance; aspiration; point of aim
འདུན་ས་,point of aim,"Difficult expressions in the lamp/vision account, retained with source-form queries; split into separate rows.","Unapproved grammatical proposals, where applicable; see usage records.","These are not approved identifications. Do not infer a literal weighing instrument, substitute a channel interpretation, or claim the aspiration/convergence issue has been resolved.",Related active glossary entries must be checked in review.,The two srang occurrences and the two related 'dun constructions; N-133 and N-135. Source-locator IDs: N-T72. Headword rendered from saved EWTS; verify against exact source quotes.,Proposed only; not activated. Blank English means no single settled candidate. N-T72; Provisional renderings; lexical/contextual resolution outstanding Working renderings: balance; aspiration; point of aim
འདུས་མ་བྱས་,unconditioned,The explicit description of vajra chains as not made by anyone in the three times.,"Unapproved grammatical proposals, where applicable; see usage records.","Keep distinct from ma bcos, uncontrived, and byas med, not done. The related 'dus byas conditioned family requires its own attested usage review, not a guessed universal equation.",Related active glossary entries must be checked in review.,U04709–U04713; N-200; full active glossary checked for compounds and English collisions. Source-locator IDs: N-T100. Headword rendered from saved EWTS; verify against exact source quotes.,Proposed only; not activated. Blank English means no single settled candidate. N-T100; Proposed; requires approval Working renderings: unconditioned
འཕོ་བ་,transference,"The spiritual practice classified by faculties into clear light, illusory body and body/speech/mental faculty.","Unapproved grammatical proposals, where applicable; see usage records.","Elemental or temporal 'pho ba remains shifting in its own context. spo ba, transferring, is separately preserved where the source uses it; this proposal does not collapse all relocation vocabulary.",Related active glossary entries must be checked in review.,The explicit classification in U01635–U01660 and absence of a whole-expression entry in the active glossary; N-077. Source-locator IDs: N-T32. Headword rendered from saved EWTS; verify against exact source quotes.,Proposed only; not activated. Blank English means no single settled candidate. N-T32; Proposed; requires review Working renderings: transference
འབྱུང་བའི་རིགས་པ་,order of the elements,Only the purification clause in cultivation's appearance characteristics.,"Unapproved grammatical proposals, where applicable; see usage records.","Rigs pa has final s and must not become rig pa awareness by fuzzy matching. Reasoning is the earlier logical-context proposal, not a confirmed equivalent here.",Related active glossary entries must be checked in review.,U04935–U04937; N-212; exact source form retained in alignment. Source-locator IDs: N-T104. Headword rendered from saved EWTS; verify against exact source quotes.,Proposed only; not activated. Blank English means no single settled candidate. N-T104; Proposed; exact lexical sense unresolved Working renderings: order of the elements
འཛིན་,,"Explicit transitive verbs with seeds, wind, ordinary mind, body, or maintenance as their object; log the actual English form and object at each occurrence.","Unapproved grammatical proposals, where applicable; see usage records.",The canonical nominal 'dzin pa entry is Apprehending subject. These verbal/object-specific uses are not approved semantic changes disguised as inflection.,Related active glossary entries must be checked in review.,Source grammatical objects and the glossary's noun mapping; no automatic component override. Source-locator IDs: N-T15. Headword rendered from saved EWTS; verify against exact source quotes.,Proposed only; not activated. Blank English means no single settled candidate. N-T15; Proposed contextual uses; requires review Working renderings: hold / retain / sustain
ཡ་མ་རླ་,,Only the idiom following hollow and without a core.,"Unapproved grammatical proposals, where applicable; see usage records.",No alternate spelling or familiar philosophical label is silently substituted.,Related active glossary entries must be checked in review.,U05131–U05134; N-222; full glossary checked. Source-locator IDs: N-T107. Headword rendered from saved EWTS; verify against exact source quotes.,Proposed only; not activated. Blank English means no single settled candidate. N-T107; Unresolved; retained for review Working renderings: ya ma rla [unresolved]
ཡབ་ཡུམ་,father and mother,"Particle names, an inferred size measure, a size comparison and paired embodiment designations; split into six rows with scope retained.","Unapproved grammatical proposals, where applicable; see usage records.","Do not add hair-tip ratios, modern particle dimensions, exact finger measurements, blanket material or sexual activity. The mdzub measure is inferred from the surrounding size progression and remains provisional.",Related active glossary entries must be checked in review.,N-149 and N-151; active glossary checked before proposing the expressions. Source-locator IDs: N-T84. Headword rendered from saved EWTS; verify against exact source quotes.,Proposed only; not activated. Blank English means no single settled candidate. N-T84; Proposed; requires review Working renderings: sheep particles; ox particles; sun particles; fingerbreadth; blanket; father and mother
ཡིད་ཀྱི་ལུས་,body of mental faculty,The body described in the appearances-of-becoming passage.,"Unapproved grammatical proposals, where applicable; see usage records.","Retain yid as mental faculty and lus as body, not embodiment or ordinary mind. Do not assume this expression identifies a modern psychological or physical entity.",Related active glossary entries must be checked in review.,U03237–U03241 and the active component entries; N-140. Source-locator IDs: N-T75. Headword rendered from saved EWTS; verify against exact source quotes.,Proposed only; not activated. Blank English means no single settled candidate. N-T75; Proposed; requires review Working renderings: body of mental faculty
ཡིད་དཔྱོད་,mental examination,The word-bound mental operation contrasted with direct perception.,"Unapproved grammatical proposals, where applicable; see usage records.","Do not silently substitute conceptual mind for yid, mental faculty, or identify this with a particular formal category of inference without evidence. This is a whole-expression proposal, not a change to the component entries.",Related active glossary entries must be checked in review.,Two local contrasts with direct perception; N-103 and N-106. Source-locator IDs: N-T53. Headword rendered from saved EWTS; verify against exact source quotes.,Proposed only; not activated. Blank English means no single settled candidate. N-T53; Proposed; requires review Working renderings: mental examination
ཡིད་འབྱུང་ཤེས་རབ་,discerning knowing arising from the mental faculty,Only this compressed clause in the third appearance account.,"Unapproved grammatical proposals, where applicable; see usage records.",The possibility of a contextual disenchantment construction remains open. The mental-faculty parse must not become a general definition of yid 'byung.,Related active glossary entries must be checked in review.,U04238–U04240; N-181; the canonical yid and shes rab terms are retained in the provisional construction. Source-locator IDs: N-T94. Headword rendered from saved EWTS; verify against exact source quotes.,Proposed only; not activated. Blank English means no single settled candidate. N-T94; Proposed; syntax and sense unresolved Working renderings: discerning knowing arising from the mental faculty
ཡིད་ལ་བྱེད་པ་,mental engagement,The activity negated at the culmination of the Mahamudra passage.,"Unapproved grammatical proposals, where applicable; see usage records.","A whole-expression proposal, not a change to yid, mental faculty, or byed, doing. The negative med remains explicit.",Related active glossary entries must be checked in review.,U02033–U02036; N-091; active glossary checked. Source-locator IDs: N-T41. Headword rendered from saved EWTS; verify against exact source quotes.,Proposed only; not activated. Blank English means no single settled candidate. N-T41; Proposed; requires review Working renderings: mental engagement
རང་གསལ་གནས་པ་,abiding in its own clarity,The description of ordinary mind in the liberation account.,"Unapproved grammatical proposals, where applicable; see usage records.","A local grammatical rendering, not a replacement for the established whole expression self-clear mindfulness. Do not change ordinary mind to awareness or introduce intrinsic nature where absent.",Related active glossary entries must be checked in review.,U03243–U03250 and N-141; related active self-clear-mindfulness entry checked. Source-locator IDs: N-T76. Headword rendered from saved EWTS; verify against exact source quotes.,Proposed only; not activated. Blank English means no single settled candidate. N-T76; Proposed grammatical use; requires review Working renderings: abiding in its own clarity
རང་བཞིན་གྱིས་,through intrinsic nature,Adverbial/instrumental construction in this verse; retain the full intrinsic-nature wording.,"Unapproved grammatical proposals, where applicable; see usage records.","Not an automatic license for naturally, spontaneously, or an unreviewed by-its-intrinsic-nature default. Possession is not inserted without grammatical support.",Related active glossary entries must be checked in review.,The active row requires intrinsic nature to remain recognizable and flags unresolved contextual grammar. Source-locator IDs: N-T05. Headword rendered from saved EWTS; verify against exact source quotes.,Proposed only; not activated. Blank English means no single settled candidate. N-T05; Provisional grammar choice; requires review Working renderings: through intrinsic nature
རང་རིག་,self-awareness,"The reflexive awareness expression in empowerment, direct perception and liberation passages.","Unapproved grammatical proposals, where applicable; see usage records.","Keep distinct from rang shes, one's own knowing, and from sems nyid, nature of ordinary mind. This proposal does not posit an independent self or identify the expression with a modern psychological construct.",Related active glossary entries must be checked in review.,Local contrast between rang shes and rang rig in U02322–U02324; active glossary provides rig pa but no rang rig whole entry. Source-locator IDs: N-T46. Headword rendered from saved EWTS; verify against exact source quotes.,Proposed only; not activated. Blank English means no single settled candidate. N-T46; Proposed; requires review Working renderings: self-awareness
རིག་ཅིང་བེམ་པར་བཅས་,aware [or] insentient,"A causal appropriation term, the form-possessing classification and a negative conceptual-thought construction; split into three rows.","Unapproved grammatical proposals, where applicable; see usage records.","Keep appropriation separate from the dependent-arising len pa proposal, preserve the bracketed coordination in the second expression, and do not silently equate rtog bral with a different established whole expression. Ordinary awareness and conceptual-thought entries remain unchanged.",Related active glossary entries must be checked in review.,"N-095, N-164, N-165 and N-168; complete active glossary consulted. Source-locator IDs: N-T90. Headword rendered from saved EWTS; verify against exact source quotes.",Proposed only; not activated. Blank English means no single settled candidate. N-T90; Proposed; requires review Working renderings: appropriation; aware [or] insentient; free from conceptual thought
རིག་པ་ཚད་ཕེབ་སྣང་བ་,vision of awareness reaching its limit,"The explicitly introduced set of four visions; local particle omissions, reordered increasing-experience wording and pheb spelling are treated through the corresponding established full expressions.","Unapproved grammatical proposals, where applicable; see usage records.","Not a new universal rendering of snang ba as vision, and not permission to amend the Tibetan. The fourth vision at U02348 directly matches its established whole expression.",Related active glossary entries must be checked in review.,The explicit four-vision sequence U02341–U02349 and all four active whole-expression entries. Source-locator IDs: N-T54. Headword rendered from saved EWTS; verify against exact source quotes.,Proposed only; not activated. Blank English means no single settled candidate. N-T54; Proposed local variant/short-form treatment; requires review Working renderings: vision of the direct perception of the nature of phenomena; vision of increasing experience; vision of awareness reaching its limit
རིགས་པ་,reasoning,Reasoning paired with authoritative transmission and pith instructions.,"Unapproved grammatical proposals, where applicable; see usage records.",Do not confuse rigs pa with rig pa Awareness; the final s is meaningful and source-linked matching must preserve it.,Related active glossary entries must be checked in review.,Explicit three-member evidentiary list and distinct Tibetan spelling. Source-locator IDs: N-T20. Headword rendered from saved EWTS; verify against exact source quotes.,Proposed only; not activated. Blank English means no single settled candidate. N-T20; Proposed; requires review Working renderings: reasoning
རིགས་མ་,woman of the family,"The person described in the relative-sphere practice, whose characteristics are said to be complete.","Unapproved grammatical proposals, where applicable; see usage records.","Family does not identify a biological lineage or a particular doctrinal family here. Do not add unlisted characteristics, sexual anatomy or a complete practice role from external knowledge.",Related active glossary entries must be checked in review.,U01601–U01607 and N-076; no whole-expression entry in the active glossary. Source-locator IDs: N-T36. Headword rendered from saved EWTS; verify against exact source quotes.,Proposed only; not activated. Blank English means no single settled candidate. N-T36; Proposed; scope unresolved Working renderings: woman of the family
རིམ་དང་ཅིག་ཆར་,gradual and simultaneous types,"The contrast between recipients in the two types; type is supplied for grammatical clarity, not as an additional source member.","Unapproved grammatical proposals, where applicable; see usage records.",The active entries are rim skyes pa and gcig car ba. This local compressed wording is not an automatic expansion rule for all occurrences of rim or cig char.,Related active glossary entries must be checked in review.,Immediate two-audience construction and established related type entries. Source-locator IDs: N-T18. Headword rendered from saved EWTS; verify against exact source quotes.,Proposed only; not activated. Blank English means no single settled candidate. N-T18; Proposed local treatment; requires review Working renderings: gradual and simultaneous types
རེ་ལྡེ་,blanket,"Particle names, an inferred size measure, a size comparison and paired embodiment designations; split into six rows with scope retained.","Unapproved grammatical proposals, where applicable; see usage records.","Do not add hair-tip ratios, modern particle dimensions, exact finger measurements, blanket material or sexual activity. The mdzub measure is inferred from the surrounding size progression and remains provisional.",Related active glossary entries must be checked in review.,N-149 and N-151; active glossary checked before proposing the expressions. Source-locator IDs: N-T84. Headword rendered from saved EWTS; verify against exact source quotes.,Proposed only; not activated. Blank English means no single settled candidate. N-T84; Proposed; requires review Working renderings: sheep particles; ox particles; sun particles; fingerbreadth; blanket; father and mother
རེག་པ་,contact,The successive named categories in the source's calculation of delusion; split into separate proposed-glossary rows.,"Unapproved grammatical proposals, where applicable; see usage records.","These are context-specific whole-expression/category proposals, not changes to established consciousness, ordinary mind, mental faculty or apprehending-subject entries. The source's numerical subdivisions are not equated with a familiar external list.",Related active glossary entries must be checked in review.,The explicit twelve-connection introduction and the successive source labels; complete active glossary checked; N-118–N-120. Source-locator IDs: N-T56. Headword rendered from saved EWTS; verify against exact source quotes.,Proposed only; not activated. Blank English means no single settled candidate. N-T56; Proposed; requires review and separate rows Working renderings: formations; name-and-form; sense bases; contact; feeling; craving; grasping; becoming
རེངས་པ་,rigidity,"One of the nine categories in the definition of conceptual mind and knowing, described through three afflictions.","Unapproved grammatical proposals, where applicable; see usage records.","Keep distinct from abiding, stability, agitation and dullness. No clinical or psychological diagnosis is implied.",Related active glossary entries must be checked in review.,The explicit list and subsequent explanation; N-171; active glossary lacks the expression. Source-locator IDs: N-T89. Headword rendered from saved EWTS; verify against exact source quotes.,Proposed only; not activated. Blank English means no single settled candidate. N-T89; Proposed; requires review Working renderings: rigidity
རོ་མ་,Roma,The named bodily channels and the separately expressed central support in the second-chapter path account; split into four rows.,"Unapproved grammatical proposals, where applicable; see usage records.","Preserve the source's syllabic explanations separately. Do not substitute external Sanskrit channel names, identify Kundarma with the central channel by assumption, or use central channel for the philosophical Middle Way.",Related active glossary entries must be checked in review.,U02895–U02942 and N-127; the active glossary lacks these channel entries. Source-locator IDs: N-T63. Headword rendered from saved EWTS; verify against exact source quotes.,Proposed only; not activated. Blank English means no single settled candidate. N-T63; Proposed source-based name treatment; requires review Working renderings: Roma; Kyangma; Kundarma; central [channel]
རྐྱང་མ་,Kyangma,The named bodily channels and the separately expressed central support in the second-chapter path account; split into four rows.,"Unapproved grammatical proposals, where applicable; see usage records.","Preserve the source's syllabic explanations separately. Do not substitute external Sanskrit channel names, identify Kundarma with the central channel by assumption, or use central channel for the philosophical Middle Way.",Related active glossary entries must be checked in review.,U02895–U02942 and N-127; the active glossary lacks these channel entries. Source-locator IDs: N-T63. Headword rendered from saved EWTS; verify against exact source quotes.,Proposed only; not activated. Blank English means no single settled candidate. N-T63; Proposed source-based name treatment; requires review Working renderings: Roma; Kyangma; Kundarma; central [channel]
རྒྱ་,seal,Closing seals and invocation only; split into four candidate records.,"Unapproved grammatical proposals, where applicable; see usage records.","Seal is a scoped ritual rendering, not every lexical sense of rgya. The remaining forms are preserved ritual syllables; no unsupported Sanskrit reconstruction or literal brick interpretation is asserted.",Related active glossary entries must be checked in review.,U05452–U05464; N-237; selected closing scan consulted. Source-locator IDs: N-T111. Headword rendered from saved EWTS; verify against exact source quotes.,Proposed only; not activated. Blank English means no single settled candidate. N-T111; Proposed ritual treatment; syllable interpretation remains open Working renderings: seal; samaya; so phag; ag tham
རྒྱང་ཞགས་,water lamp of the far-reaching lasso,"The explicitly introduced four-lamp account; the first two short forms are rendered through established whole entries, while the latter two retain their recognizable shortened wording.","Unapproved grammatical proposals, where applicable; see usage records.",Do not name an unexpressed fourth lamp or translate every sphere or lasso as a lamp. Keep discerning knowing visible and record the near-full naturally arising lamp form separately as a recognizable whole-expression variant.,Related active glossary entries must be checked in review.,U02964–U03000 and the four active lamp entries; N-129 and N-130. Source-locator IDs: N-T64. Headword rendered from saved EWTS; verify against exact source quotes.,Proposed only; not activated. Blank English means no single settled candidate. N-T64; Proposed local short-form usage; requires review Working renderings: water lamp of the far-reaching lasso; lamp of the empty sphere; discerning-knowing lamp; sphere lamp
རྒྱུན་,flow,"Continuing flow, including streams and the flow of samsara; keep distinct from rgyud, continuum.","Unapproved grammatical proposals, where applicable; see usage records.",rgyun is absent from the supplied glossary. Lexicalized compounds such as mngal gyi rgyun gcod have separately logged provisional wording.,Related active glossary entries must be checked in review.,The glossary explicitly warns that rgyun is not already mapped by rgyud. Source-locator IDs: N-T17. Headword rendered from saved EWTS; verify against exact source quotes.,Proposed only; not activated. Blank English means no single settled candidate. N-T17; Proposed; requires review Working renderings: flow
རྟེན་ཅིང་འབྲེལ་,,"The recurring relational/ritual applications involving elements, times, bodies and activities.","Unapproved grammatical proposals, where applicable; see usage records.","Not a claim that every occurrence refers to the same formal dependent-arising doctrine, a fixed number of links or a causal mechanism validated by modern science. Preserve explicitly stated numbers and contexts.",Related active glossary entries must be checked in review.,Repeated constructions in the selected source; the complete active glossary lacks these expressions. Source-locator IDs: N-T37. Headword rendered from saved EWTS; verify against exact source quotes.,Proposed only; not activated. Blank English means no single settled candidate. N-T37; Proposed; requires review and occurrence concordance Working renderings: dependent connections
རྟེན་འབྲེལ་,,"The recurring relational/ritual applications involving elements, times, bodies and activities.","Unapproved grammatical proposals, where applicable; see usage records.","Not a claim that every occurrence refers to the same formal dependent-arising doctrine, a fixed number of links or a causal mechanism validated by modern science. Preserve explicitly stated numbers and contexts.",Related active glossary entries must be checked in review.,Repeated constructions in the selected source; the complete active glossary lacks these expressions. Source-locator IDs: N-T37. Headword rendered from saved EWTS; verify against exact source quotes.,Proposed only; not activated. Blank English means no single settled candidate. N-T37; Proposed; requires review and occurrence concordance Working renderings: dependent connections
རྟོག་བྲལ་,free from conceptual thought,"A causal appropriation term, the form-possessing classification and a negative conceptual-thought construction; split into three rows.","Unapproved grammatical proposals, where applicable; see usage records.","Keep appropriation separate from the dependent-arising len pa proposal, preserve the bracketed coordination in the second expression, and do not silently equate rtog bral with a different established whole expression. Ordinary awareness and conceptual-thought entries remain unchanged.",Related active glossary entries must be checked in review.,"N-095, N-164, N-165 and N-168; complete active glossary consulted. Source-locator IDs: N-T90. Headword rendered from saved EWTS; verify against exact source quotes.",Proposed only; not activated. Blank English means no single settled candidate. N-T90; Proposed; requires review Working renderings: appropriation; aware [or] insentient; free from conceptual thought
རྡོབ་,rdob,The sound-training list only; split into five candidate rows with the original source forms.,"Unapproved grammatical proposals, where applicable; see usage records.",Retained names do not establish instrument identities. Three-junctioned instrument is a literal working description and may require replacement after organological and source review.,Related active glossary entries must be checked in review.,U04268–U04272; N-184; no corresponding whole expressions in the glossary. Source-locator IDs: N-T97. Headword rendered from saved EWTS; verify against exact source quotes.,Proposed only; not activated. Blank English means no single settled candidate. N-T97; Proposed or unresolved as individually noted; no approved additions Working renderings: draba; har; pheg; rdob; three-junctioned instrument
རྣམ་དག་དབྱིངས་,perfectly pure basic space,Shortened naming within the explicit four-lamp characteristic/support sequence.,"Unapproved grammatical proposals, where applicable; see usage records.",Recognize the relationship to the established lamp of perfectly pure basic space without inserting a lamp label into every basic-space expression. Keep the source's different word orders visible in the concordance.,Related active glossary entries must be checked in review.,U03019–U03112 and the active full lamp entry; N-132 and N-135. Source-locator IDs: N-T70. Headword rendered from saved EWTS; verify against exact source quotes.,Proposed only; not activated. Blank English means no single settled candidate. N-T70; Proposed local short-form treatment; requires review Working renderings: pure basic space itself; perfectly pure basic space
རྣམ་པའི་སྐུ་,aspect-embodiments,The explicitly numbered classes in the bodily account; split into six rows.,"Unapproved grammatical proposals, where applicable; see usage records.","Preserve canonical embodiment, radiance, aspect and sphere components; no unprinted members of these classes are supplied.",Related active glossary entries must be checked in review.,U04415–U04432; N-190; related glossary families inspected. Source-locator IDs: N-T98. Headword rendered from saved EWTS; verify against exact source quotes.,Proposed only; not activated. Blank English means no single settled candidate. N-T98; Proposed class labels; requires review Working renderings: embodiments of radiance; embodiments of rays; aspect-embodiments; entering spheres; arising spheres; arraying spheres
རྨུགས་པ་,stupefaction,"The elemental mental-state effect, the speech-capacity expression and the vessel-color simile; split into three rows.","Unapproved grammatical proposals, where applicable; see usage records.","Keep stupefaction distinct from dull confusion and dullness. Store of words and glass remain provisional, with the man-shel source form retained in the translation. No modern material or clinical identity is established.",Related active glossary entries must be checked in review.,"The complete local clauses; N-136, N-137 and N-139; active glossary lacks these expressions. Source-locator IDs: N-T74. Headword rendered from saved EWTS; verify against exact source quotes.",Proposed only; not activated. Blank English means no single settled candidate. N-T74; Proposed; requires review Working renderings: stupefaction; store of words; glass
རྩ་བ་་་་་གཞི་,root foundation,The complete convention-support expression and a provisional support construction in the calculation of words; split into separate rows.,"Unapproved grammatical proposals, where applicable; see usage records.","Not a global replacement of the Ground. U03893 retains the Ground, and the variant at U03952 remains separately unresolved.",Related active glossary entries must be checked in review.,N-168 and N-170; active Ground and all-basis entries checked. Source-locator IDs: N-T88. Headword rendered from saved EWTS; verify against exact source quotes.,Proposed only; not activated. Blank English means no single settled candidate. N-T88; Proposed contextual uses; requires review Working renderings: basis of convention; root foundation
རྫོགས་པ་ཆེན་པོ་,Great Perfection,Named teaching and its recognizable rdzogs chen short form; ordinary grammatical uses of rdzogs are not automatically the teaching name.,"Unapproved grammatical proposals, where applicable; see usage records.","Absent from the supplied glossary; internal capitalization is a provisional name treatment, not new source emphasis.",Related active glossary entries must be checked in review.,Repeated designation in the source and repository title/context; no outside translation imported. Source-locator IDs: N-T08. Headword rendered from saved EWTS; verify against exact source quotes.,Proposed only; not activated. Blank English means no single settled candidate. N-T08; Proposed; requires review Working renderings: Great Perfection
རྫོགས་པའི་བྱང་ཆུབ་,complete awakening,The result designated in dedication and in the Ground upheld by the guru.,"Unapproved grammatical proposals, where applicable; see usage records.","Do not collapse byang chub sems into awakening alone or omit sems from that separate expression; its physiological use has a separate unresolved proposal. This is not a new mapping for sangs rgyas, buddha/buddhahood.",Related active glossary entries must be checked in review.,The two explicit result contexts and the absence of standalone byang chub from the active glossary. Source-locator IDs: N-T45. Headword rendered from saved EWTS; verify against exact source quotes.,Proposed only; not activated. Blank English means no single settled candidate. N-T45; Proposed; requires review Working renderings: awakening; complete awakening
རྫོགས་པའི་རིམ་པ་,completion stage,The two stage-designating expressions in the five-culmination account; generation is the locally shortened stage designation.,"Unapproved grammatical proposals, where applicable; see usage records.","Not every bskyed or rdzogs verb denotes a stage. Do not automatically extend this mapping to generation of elements, completion of lists or Great Perfection.",Related active glossary entries must be checked in review.,The parallel stage and culmination context; N-091; no whole-expression entries in the active glossary. Source-locator IDs: N-T40. Headword rendered from saved EWTS; verify against exact source quotes.,Proposed only; not activated. Blank English means no single settled candidate. N-T40; Proposed; requires review Working renderings: generation; completion stage
རླུ་,wind,Only the incomplete-looking supplied form in the cause/result passage.,"Unapproved grammatical proposals, where applicable; see usage records.","This does not authorize fuzzy matching rlu, lung and rlung throughout the text. The source remains unchanged, and wind is a provisional interpretation pending close reading.",Related active glossary entries must be checked in review.,U04561 explicitly names rlung; U04562 has rlu; N-196. Source-locator IDs: N-T99. Headword rendered from saved EWTS; verify against exact source quotes.,Proposed only; not activated. Blank English means no single settled candidate. N-T99; Provisional source interpretation; not a canonical glossary addition Working renderings: wind
རླུང་གིས་ས་,wind's earth,Provisional paired-element labels despite the source's alternation of instrumental-looking and genitive particles; additional pairs follow the same explicitly grouped passage.,"Unapproved grammatical proposals, where applicable; see usage records.","Not a global conversion of instrumental particles to possessives, and not a validated causal matrix. Preserve the duplicated water/wind entry and source query.",Related active glossary entries must be checked in review.,The grouped elemental sequence U03135–U03167; N-136. Source-locator IDs: N-T73. Headword rendered from saved EWTS; verify against exact source quotes.,Proposed only; not activated. Blank English means no single settled candidate. N-T73; Proposed construction-level reading; requires review Working renderings: water's earth; water's fire; earth's water; fire's earth; wind's earth
རླུང་སེམས་གཉིས་,"wind and ordinary mind, the two",The explicit two-member mixing construction.,"Unapproved grammatical proposals, where applicable; see usage records.",Retain canonical wind-mind for rlung sems elsewhere. Do not add merging into one or replace gnyis su with a nondual claim.,Related active glossary entries must be checked in review.,The local two-member construction and N-074. Source-locator IDs: N-T34. Headword rendered from saved EWTS; verify against exact source quotes.,"Proposed only; not activated. Blank English means no single settled candidate. N-T34; Proposed contextual use; requires review Working renderings: wind and ordinary mind, the two"
ལ་བཟླ་,decisive resolution,The named teaching actions and the guiding operation in the lamp practice; split expressions into separate rows.,"Unapproved grammatical proposals, where applicable; see usage records.","Do not conflate pointing out, decisive resolution and guiding. The visual-practice sense of guiding remains provisional and does not supply an omitted procedure.",Related active glossary entries must be checked in review.,The explicit action lists and guiding account; N-131 and N-134; active glossary checked. Source-locator IDs: N-T71. Headword rendered from saved EWTS; verify against exact source quotes.,Proposed only; not activated. Blank English means no single settled candidate. N-T71; Proposed; requires contextual review Working renderings: decisive resolution; distinguishing; guiding; guiding
ལག་བཅངས་,,The final predicate concerning the three embodiments in the contrived-view account.,"Unapproved grammatical proposals, where applicable; see usage records.","No confident laying-aside, abandonment or preservation equivalent is approved; retain the exact source form.",Related active glossary entries must be checked in review.,U04984–U04996; N-215; full glossary contains no applicable whole expression. Source-locator IDs: N-T105. Headword rendered from saved EWTS; verify against exact source quotes.,Proposed only; not activated. Blank English means no single settled candidate. N-T105; Unresolved; retained for source review Working renderings: lag bcangs [unresolved]
ལས་འཕྲོ་,continuation of karma,The karmic factor said to awaken at the relevant time.,"Unapproved grammatical proposals, where applicable; see usage records.","Not a change to 'phro, proliferation, elsewhere. The compound's relationship to karmic connection, residue or continuity remains a review question.",Related active glossary entries must be checked in review.,U02242 and the corresponding time/juncture question; N-099. Source-locator IDs: N-T44. Headword rendered from saved EWTS; verify against exact source quotes.,Proposed only; not activated. Blank English means no single settled candidate. N-T44; Proposed; requires review Working renderings: continuation of karma
ལས་རླུང་,karmic wind,The wind engaged in the miracle-training sequence.,"Unapproved grammatical proposals, where applicable; see usage records.",Do not change the established wind-mind compound or collapse karma and wind elsewhere. Karmic is an adjectival rendering of the explicit las component.,Related active glossary entries must be checked in review.,U02591 and N-114; active glossary has rlung but no las rlung whole entry. Source-locator IDs: N-T59. Headword rendered from saved EWTS; verify against exact source quotes.,Proposed only; not activated. Blank English means no single settled candidate. N-T59; Proposed; requires review Working renderings: karmic wind
ལུག་རྡུལ་,sheep particles,"Particle names, an inferred size measure, a size comparison and paired embodiment designations; split into six rows with scope retained.","Unapproved grammatical proposals, where applicable; see usage records.","Do not add hair-tip ratios, modern particle dimensions, exact finger measurements, blanket material or sexual activity. The mdzub measure is inferred from the surrounding size progression and remains provisional.",Related active glossary entries must be checked in review.,N-149 and N-151; active glossary checked before proposing the expressions. Source-locator IDs: N-T84. Headword rendered from saved EWTS; verify against exact source quotes.,Proposed only; not activated. Blank English means no single settled candidate. N-T84; Proposed; requires review Working renderings: sheep particles; ox particles; sun particles; fingerbreadth; blanket; father and mother
ལུང་,authoritative transmission,Scriptural or authoritative transmission in explicit teaching/evidence contexts.,"Unapproved grammatical proposals, where applicable; see usage records.","Do not normalize lung to rlung Wind, and do not apply this proposal mechanically to opaque compounds such as lung sdeb. Recognizable abbreviated English transmission is logged where the adjective is contextually recoverable.",Related active glossary entries must be checked in review.,"The source's teaching and reasoning contexts, contrasted with explicit rlung elsewhere. Source-locator IDs: N-T23. Headword rendered from saved EWTS; verify against exact source quotes.",Proposed only; not activated. Blank English means no single settled candidate. N-T23; Proposed; requires review Working renderings: authoritative transmission
ལུས་ཟུངས་,bodily constituents,What is said to be sustained through the meat-based preparation.,"Unapproved grammatical proposals, where applicable; see usage records.",Do not supply a conventional number or identify the constituents with modern tissues without evidence. The source claim does not establish nutritional efficacy.,Related active glossary entries must be checked in review.,U02523–U02524 and N-110; no whole-expression entry in the active glossary. Source-locator IDs: N-T60. Headword rendered from saved EWTS; verify against exact source quotes.,Proposed only; not activated. Blank English means no single settled candidate. N-T60; Proposed; requires review Working renderings: bodily constituents
ལེན་པ་,grasping,The successive named categories in the source's calculation of delusion; split into separate proposed-glossary rows.,"Unapproved grammatical proposals, where applicable; see usage records.","These are context-specific whole-expression/category proposals, not changes to established consciousness, ordinary mind, mental faculty or apprehending-subject entries. The source's numerical subdivisions are not equated with a familiar external list.",Related active glossary entries must be checked in review.,The explicit twelve-connection introduction and the successive source labels; complete active glossary checked; N-118–N-120. Source-locator IDs: N-T56. Headword rendered from saved EWTS; verify against exact source quotes.,Proposed only; not activated. Blank English means no single settled candidate. N-T56; Proposed; requires review and separate rows Working renderings: formations; name-and-form; sense bases; contact; feeling; craving; grasping; becoming
ལོངས་སྐུ་,complete enjoyment embodiment,Recognizable shortened embodiment name; map through the established full expression longs spyod rdzogs sku.,"Unapproved grammatical proposals, where applicable; see usage records.","This is a documented short-form proposal, not permission to infer every partial glossary match.",Related active glossary entries must be checked in review.,Existing whole-expression entry and the three-embodiment context. Source-locator IDs: N-T07. Headword rendered from saved EWTS; verify against exact source quotes.,Proposed only; not activated. Blank English means no single settled candidate. N-T07; Proposed short-form treatment; requires review Working renderings: complete enjoyment embodiment
ལྟོས་གཞི་,basis of dependence,Complete constructions in the liberation/compassionate-responsiveness account; split into separate rows and retain the source's negations outside the lexical phrases.,"Unapproved grammatical proposals, where applicable; see usage records.","Not a change to the technical Ground elsewhere. The cer spelling and nakedly interpretation remain provisional, not a silent emendation to gcer.",Related active glossary entries must be checked in review.,U03251–U03263; N-142 and N-143; full active glossary checked. Source-locator IDs: N-T79. Headword rendered from saved EWTS; verify against exact source quotes.,Proposed only; not activated. Blank English means no single settled candidate. N-T79; Proposed; requires review Working renderings: basis of dependence; something to repeat; support for holding; liberated nakedly
ལྷན་ཅིག་སྐྱེས་པ་,co-emergent [ignorance],The shortened categories immediately following the explicit three-ignorance introduction; use the established co-emergent ignorance and imputing ignorance entries.,"Unapproved grammatical proposals, where applicable; see usage records.",Brackets show the supplied ignorance noun. Do not automatically read every co-emergent or imputed expression elsewhere as an ignorance category; preserve the source's brtags spelling.,Related active glossary entries must be checked in review.,U02696–U02710 and the active whole-expression entries; N-118. Source-locator IDs: N-T58. Headword rendered from saved EWTS; verify against exact source quotes.,Proposed only; not activated. Blank English means no single settled candidate. N-T58; Proposed local short-form treatment; requires review Working renderings: co-emergent [ignorance]; [imputing ignorance]
ལྷབ་ལྷབ་,lhab lhab,The final elemental sound lists; split into individual source-form records.,"Unapproved grammatical proposals, where applicable; see usage records.",Transliteration is not semantic resolution. Ordinary lexical meanings elsewhere must not be imported automatically into onomatopoeic descriptions.,Related active glossary entries must be checked in review.,N-232 and exact source lists; full glossary checked for applicable expressions. Source-locator IDs: N-T109. Headword rendered from saved EWTS; verify against exact source quotes.,Proposed only; not activated. Blank English means no single settled candidate. N-T109; Unresolved acoustic values; retained for review Working renderings: lhab lhab; spar spar; sir; sil; shag; sdig
ཤག་,shag,The final elemental sound lists; split into individual source-form records.,"Unapproved grammatical proposals, where applicable; see usage records.",Transliteration is not semantic resolution. Ordinary lexical meanings elsewhere must not be imported automatically into onomatopoeic descriptions.,Related active glossary entries must be checked in review.,N-232 and exact source lists; full glossary checked for applicable expressions. Source-locator IDs: N-T109. Headword rendered from saved EWTS; verify against exact source quotes.,Proposed only; not activated. Blank English means no single settled candidate. N-T109; Unresolved acoustic values; retained for review Working renderings: lhab lhab; spar spar; sir; sil; shag; sdig
ཤན་དབྱེ་,distinguishing,The named teaching actions and the guiding operation in the lamp practice; split expressions into separate rows.,"Unapproved grammatical proposals, where applicable; see usage records.","Do not conflate pointing out, decisive resolution and guiding. The visual-practice sense of guiding remains provisional and does not supply an omitted procedure.",Related active glossary entries must be checked in review.,The explicit action lists and guiding account; N-131 and N-134; active glossary checked. Source-locator IDs: N-T71. Headword rendered from saved EWTS; verify against exact source quotes.,Proposed only; not activated. Blank English means no single settled candidate. N-T71; Proposed; requires contextual review Working renderings: decisive resolution; distinguishing; guiding; guiding
ཤེས་རབ་སྒྲོན་མ་,discerning-knowing lamp,"The explicitly introduced four-lamp account; the first two short forms are rendered through established whole entries, while the latter two retain their recognizable shortened wording.","Unapproved grammatical proposals, where applicable; see usage records.",Do not name an unexpressed fourth lamp or translate every sphere or lasso as a lamp. Keep discerning knowing visible and record the near-full naturally arising lamp form separately as a recognizable whole-expression variant.,Related active glossary entries must be checked in review.,U02964–U03000 and the four active lamp entries; N-129 and N-130. Source-locator IDs: N-T64. Headword rendered from saved EWTS; verify against exact source quotes.,Proposed only; not activated. Blank English means no single settled candidate. N-T64; Proposed local short-form usage; requires review Working renderings: water lamp of the far-reaching lasso; lamp of the empty sphere; discerning-knowing lamp; sphere lamp
ས་མ་ཡ་,samaya,Closing seals and invocation only; split into four candidate records.,"Unapproved grammatical proposals, where applicable; see usage records.","Seal is a scoped ritual rendering, not every lexical sense of rgya. The remaining forms are preserved ritual syllables; no unsupported Sanskrit reconstruction or literal brick interpretation is asserted.",Related active glossary entries must be checked in review.,U05452–U05464; N-237; selected closing scan consulted. Source-locator IDs: N-T111. Headword rendered from saved EWTS; verify against exact source quotes.,Proposed only; not activated. Blank English means no single settled candidate. N-T111; Proposed ritual treatment; syllable interpretation remains open Working renderings: seal; samaya; so phag; ag tham
ས་ཡི་ཆུ་,earth's water,Provisional paired-element labels despite the source's alternation of instrumental-looking and genitive particles; additional pairs follow the same explicitly grouped passage.,"Unapproved grammatical proposals, where applicable; see usage records.","Not a global conversion of instrumental particles to possessives, and not a validated causal matrix. Preserve the duplicated water/wind entry and source query.",Related active glossary entries must be checked in review.,The grouped elemental sequence U03135–U03167; N-136. Source-locator IDs: N-T73. Headword rendered from saved EWTS; verify against exact source quotes.,Proposed only; not activated. Blank English means no single settled candidate. N-T73; Proposed construction-level reading; requires review Working renderings: water's earth; water's fire; earth's water; fire's earth; wind's earth
སིར་,sir,The final elemental sound lists; split into individual source-form records.,"Unapproved grammatical proposals, where applicable; see usage records.",Transliteration is not semantic resolution. Ordinary lexical meanings elsewhere must not be imported automatically into onomatopoeic descriptions.,Related active glossary entries must be checked in review.,N-232 and exact source lists; full glossary checked for applicable expressions. Source-locator IDs: N-T109. Headword rendered from saved EWTS; verify against exact source quotes.,Proposed only; not activated. Blank English means no single settled candidate. N-T109; Unresolved acoustic values; retained for review Working renderings: lhab lhab; spar spar; sir; sil; shag; sdig
སིལ་,sil,The final elemental sound lists; split into individual source-form records.,"Unapproved grammatical proposals, where applicable; see usage records.",Transliteration is not semantic resolution. Ordinary lexical meanings elsewhere must not be imported automatically into onomatopoeic descriptions.,Related active glossary entries must be checked in review.,N-232 and exact source lists; full glossary checked for applicable expressions. Source-locator IDs: N-T109. Headword rendered from saved EWTS; verify against exact source quotes.,Proposed only; not activated. Blank English means no single settled candidate. N-T109; Unresolved acoustic values; retained for review Working renderings: lhab lhab; spar spar; sir; sil; shag; sdig
སེང་,,The acoustic list between subtle and pointed.,"Unapproved grammatical proposals, where applicable; see usage records.","No pitch, register, vocal mechanism or instrument is inferred. The source syllable remains visible in the translation.",Related active glossary entries must be checked in review.,U03815–U03817 and N-166; no applicable active entry. Source-locator IDs: N-T91. Headword rendered from saved EWTS; verify against exact source quotes.,Proposed only; not activated. Blank English means no single settled candidate. N-T91; Unresolved; no English equivalent approved or asserted Working renderings: [unresolved sound descriptor]
སེམས་ཉིད་,the nature of ordinary mind,The whole expression sems nyid in the fourth chapter's description and later occurrences when the same sense is supported.,"Unapproved grammatical proposals, where applicable; see usage records.","Not an established whole-expression entry in the active glossary. Retain sems as ordinary mind and keep this distinct from chos nyid Nature of phenomena; mind-itself remains an alternative for review, not a silently alternating synonym.",Related active glossary entries must be checked in review.,The source's separate descriptions of the nature of phenomena and sems nyid; complete glossary checked for the whole expression and its components. Source-locator IDs: N-T22. Headword rendered from saved EWTS; verify against exact source quotes.,Proposed only; not activated. Blank English means no single settled candidate. N-T22; Proposed; requires review Working renderings: the nature of ordinary mind
སེམས་བསྐྱེད་,arousing ordinary mind,The abbreviated introductory intention and the question about practice in chapter two; split into distinct rows.,"Unapproved grammatical proposals, where applicable; see usage records.","Keep the established ordinary-mind and experience components visible. Do not identify every sems bskyed with the unresolved physiological byang chub sems expression, or treat every len pa as the grasping link.",Related active glossary entries must be checked in review.,U02636–U02642 and U02659; N-117; active glossary lacks these whole expressions. Source-locator IDs: N-T57. Headword rendered from saved EWTS; verify against exact source quotes.,Proposed only; not activated. Blank English means no single settled candidate. N-T57; Proposed; scope requires review Working renderings: arousing ordinary mind; taking up in experience
སོ་ཕག་,so phag,Closing seals and invocation only; split into four candidate records.,"Unapproved grammatical proposals, where applicable; see usage records.","Seal is a scoped ritual rendering, not every lexical sense of rgya. The remaining forms are preserved ritual syllables; no unsupported Sanskrit reconstruction or literal brick interpretation is asserted.",Related active glossary entries must be checked in review.,U05452–U05464; N-237; selected closing scan consulted. Source-locator IDs: N-T111. Headword rendered from saved EWTS; verify against exact source quotes.,Proposed only; not activated. Blank English means no single settled candidate. N-T111; Proposed ritual treatment; syllable interpretation remains open Working renderings: seal; samaya; so phag; ag tham
སོ་སོར་རྟོགས་,discriminating primordial knowing,The explicitly coordinated fivefold primordial-knowing list; split into five rows. Discriminating primordial knowing uses the established full expression through a local spelling/short-form proposal; the other full names remain proposals.,"Unapproved grammatical proposals, where applicable; see usage records.","Do not globally expand mirror, evenness or basic space into primordial-knowing names. Retain the source's rtogs spelling and the two listed sequences without altering Tibetan.",Related active glossary entries must be checked in review.,The abbreviated predicates at U03277–U03282 and explicit ye shes list at U03306–U03307; active discriminating-primordial-knowing entry consulted. Source-locator IDs: N-T80. Headword rendered from saved EWTS; verify against exact source quotes.,Proposed only; not activated. Blank English means no single settled candidate. N-T80; Proposed; requires review Working renderings: mirror-like primordial knowing; primordial knowing of evenness; discriminating primordial knowing; activity-accomplishing primordial knowing; primordial knowing of the basic space of phenomena
སོ་སོར་རྟོགས་པ་,discriminating [primordial knowing],The third-chapter questions referring back to the named primordial knowings and their two knowing modes; split into separate rows. | Named series and its syllabic explanations; each expression remains separately recoverable.,"Unapproved grammatical proposals, where applicable; see usage records.","Retain the mirror simile as a simile rather than universally substitute a name. The supplied primordial-knowing noun is bracketed, and the established discriminating whole expression is used only through this documented local short form. | The name-level discriminating proposal does not authorize replacing explanatory rtogs with conceptualizing; U04080 retains realization. Doing is retained in the explicit explanation rather than silently collapsed into activity.",Related active glossary entries must be checked in review.,"The complete question list and the previous explicit fivefold account; N-159. | U04047–U04111; N-177; previous N-T80 and active complete expression consulted. Source-locator IDs: N-T80, N-T87. Headword rendered from saved EWTS; verify against exact source quotes.","Proposed only; not activated. Blank English means no single settled candidate. N-T80, N-T87; Proposed local usage; requires review | Proposed local usage; not an approved glossary change Working renderings: like a mirror; discriminating [primordial knowing]; the multiplicity; knowing how things are | mirror-like primordial knowing; discriminating [primordial knowing]; doing accomplished"
སྐུ་གདུང་,embodiment-relics,The blazing image in the continuum/title-allusion sequence.,"Unapproved grammatical proposals, where applicable; see usage records.","Retain sku as embodiment. Do not infer a physical relic type, funeral context or identify a specific scripture without evidence.",Related active glossary entries must be checked in review.,U04731–U04734; N-201; active sku compounds checked. Source-locator IDs: N-T102. Headword rendered from saved EWTS; verify against exact source quotes.,Proposed only; not activated. Blank English means no single settled candidate. N-T102; Proposed; exact contextual sense requires review Working renderings: embodiment-relics
སྐྱེ་བའི་ཐིག་ལེ་,arising spheres,The explicitly numbered classes in the bodily account; split into six rows.,"Unapproved grammatical proposals, where applicable; see usage records.","Preserve canonical embodiment, radiance, aspect and sphere components; no unprinted members of these classes are supplied.",Related active glossary entries must be checked in review.,U04415–U04432; N-190; related glossary families inspected. Source-locator IDs: N-T98. Headword rendered from saved EWTS; verify against exact source quotes.,Proposed only; not activated. Blank English means no single settled candidate. N-T98; Proposed class labels; requires review Working renderings: embodiments of radiance; embodiments of rays; aspect-embodiments; entering spheres; arising spheres; arraying spheres
སྐྱེ་མཆེད་,sense bases,The successive named categories in the source's calculation of delusion; split into separate proposed-glossary rows.,"Unapproved grammatical proposals, where applicable; see usage records.","These are context-specific whole-expression/category proposals, not changes to established consciousness, ordinary mind, mental faculty or apprehending-subject entries. The source's numerical subdivisions are not equated with a familiar external list.",Related active glossary entries must be checked in review.,The explicit twelve-connection introduction and the successive source labels; complete active glossary checked; N-118–N-120. Source-locator IDs: N-T56. Headword rendered from saved EWTS; verify against exact source quotes.,Proposed only; not activated. Blank English means no single settled candidate. N-T56; Proposed; requires review and separate rows Working renderings: formations; name-and-form; sense bases; contact; feeling; craving; grasping; becoming
སྒྱུ་རྩལ་,illusory expressiveness,The craft and illusion-related activities in practice lists; validate the full compound and nearby form at each occurrence.,"Unapproved grammatical proposals, where applicable; see usage records.",Do not extend contriver or contrivance from their established longer expressions to every bzo occurrence. Preserve rtsal as expressiveness and do not equate all illusion vocabulary with a single technical category.,Related active glossary entries must be checked in review.,"The explicit word/craft and visual-practice lists; N-077, N-114 and N-138. Source-locator IDs: N-T78. Headword rendered from saved EWTS; verify against exact source quotes.",Proposed only; not activated. Blank English means no single settled candidate. N-T78; Proposed; requires review and occurrence validation Working renderings: craft; illusory expressiveness
སྒྲ་ཐལ་འགྱུར་ཆེན་པོ་,Great All-Penetrating Word,Title and repeated title formula only. Keep sgra as word and rgyud as continuum in the title.,"Unapproved grammatical proposals, where applicable; see usage records.",thal 'gyur is not an established entry; this proposed title is not an approved replacement for the canonical components or a claim about a received English title.,Related active glossary entries must be checked in review.,Explicit Tibetan title in the selected source; complete active glossary consulted. Source-locator IDs: N-T01. Headword rendered from saved EWTS; verify against exact source quotes.,Proposed only; not activated. Blank English means no single settled candidate. N-T01; Proposed; requires review Working renderings: Great All-Penetrating Word
སྙིགས་མ་,turbid part,"Refined/turbid portions in elemental and bodily contexts, and the splendor terms in the body-to-vision description; split into distinct source-expression rows.","Unapproved grammatical proposals, where applicable; see usage records.","Preserve gdangs as radiance and ngo bo as essence; do not silently turn every refined part into essence or identify it with a modern substance. Standalone mdangs at U02865 is a local shortened repetition, not a global synonym rule.",Related active glossary entries must be checked in review.,"The earlier refined-part rendering and explicit contrasts in the current source; N-125, N-127 and N-129. Source-locator IDs: N-T65. Headword rendered from saved EWTS; verify against exact source quotes.",Proposed only; not activated. Blank English means no single settled candidate. N-T65; Proposed; requires review Working renderings: refined part; turbid part; splendor; splendor
སྙིང་ཐིག་,heart-sphere,"This secret-teaching designation; preserve its relationship to thig le, sphere, without applying heart to ngo bo, essence.","Unapproved grammatical proposals, where applicable; see usage records.",Not an established entry or an approved received English title. The lexicalization and intended designation require review.,Related active glossary entries must be checked in review.,Complete active glossary checked; selected source at U01024. Source-locator IDs: N-T24. Headword rendered from saved EWTS; verify against exact source quotes.,Proposed only; not activated. Blank English means no single settled candidate. N-T24; Proposed; requires review Working renderings: heart-sphere
སྡིག་,sdig,The final elemental sound lists; split into individual source-form records.,"Unapproved grammatical proposals, where applicable; see usage records.",Transliteration is not semantic resolution. Ordinary lexical meanings elsewhere must not be imported automatically into onomatopoeic descriptions.,Related active glossary entries must be checked in review.,N-232 and exact source lists; full glossary checked for applicable expressions. Source-locator IDs: N-T109. Headword rendered from saved EWTS; verify against exact source quotes.,Proposed only; not activated. Blank English means no single settled candidate. N-T109; Unresolved acoustic values; retained for review Working renderings: lhab lhab; spar spar; sir; sil; shag; sdig
སྡོམ་པ་,vow,The commitments distinguished from pledges and included in body and speech.,"Unapproved grammatical proposals, where applicable; see usage records.",Do not collapse vows and dam tshig pledges into one category; ordinary restraint constructions require their own grammar.,Related active glossary entries must be checked in review.,The source's two distinct terms and local scope statement; N-101. Source-locator IDs: N-T51. Headword rendered from saved EWTS; verify against exact source quotes.,Proposed only; not activated. Blank English means no single settled candidate. N-T51; Proposed; requires review Working renderings: vow
སྣོད་དང་བཅུད་,environment and its inhabitants,The paired external world and beings in the elemental-activity account.,"Unapproved grammatical proposals, where applicable; see usage records.","Not a new standalone mapping of bcud, vital essence; preserve taking nourishment from vital essences in its distinct compound and context.",Related active glossary entries must be checked in review.,U02850–U02856 and N-124; no whole-expression entry in the active glossary. Source-locator IDs: N-T66. Headword rendered from saved EWTS; verify against exact source quotes.,Proposed only; not activated. Blank English means no single settled candidate. N-T66; Proposed; requires review Working renderings: environment and its inhabitants
སྤར་སྤར་,spar spar,The final elemental sound lists; split into individual source-form records.,"Unapproved grammatical proposals, where applicable; see usage records.",Transliteration is not semantic resolution. Ordinary lexical meanings elsewhere must not be imported automatically into onomatopoeic descriptions.,Related active glossary entries must be checked in review.,N-232 and exact source lists; full glossary checked for applicable expressions. Source-locator IDs: N-T109. Headword rendered from saved EWTS; verify against exact source quotes.,Proposed only; not activated. Blank English means no single settled candidate. N-T109; Unresolved acoustic values; retained for review Working renderings: lhab lhab; spar spar; sir; sil; shag; sdig
སྤྲུལ་སྐུ་,emanation embodiment,Recognizable shortened embodiment name; map through the established sprul pa'i sku expression.,"Unapproved grammatical proposals, where applicable; see usage records.",Do not replace generic sprul pa by embodiment when sku is absent.,Related active glossary entries must be checked in review.,Existing whole-expression entry and the three-embodiment context. Source-locator IDs: N-T07. Headword rendered from saved EWTS; verify against exact source quotes.,Proposed only; not activated. Blank English means no single settled candidate. N-T07; Proposed short-form treatment; requires review Working renderings: emanation embodiment
སྤྲོ་བསྡུ་,proliferating and gathering,Emanations of letter-light in the deep-absorption description.,"Unapproved grammatical proposals, where applicable; see usage records.","The established 'phro 'du family provides the English vocabulary, but the differently spelled source form is logged rather than automatically merged throughout the text.",Related active glossary entries must be checked in review.,U04894–U04896; N-210; active proliferation-family rows and related earlier uses checked. Source-locator IDs: N-T106. Headword rendered from saved EWTS; verify against exact source quotes.,Proposed only; not activated. Blank English means no single settled candidate. N-T106; Proposed local form relationship; requires review Working renderings: proliferating and gathering
སྲང་,balance,"Difficult expressions in the lamp/vision account, retained with source-form queries; split into separate rows.","Unapproved grammatical proposals, where applicable; see usage records.","These are not approved identifications. Do not infer a literal weighing instrument, substitute a channel interpretation, or claim the aspiration/convergence issue has been resolved.",Related active glossary entries must be checked in review.,The two srang occurrences and the two related 'dun constructions; N-133 and N-135. Source-locator IDs: N-T72. Headword rendered from saved EWTS; verify against exact source quotes.,Proposed only; not activated. Blank English means no single settled candidate. N-T72; Provisional renderings; lexical/contextual resolution outstanding Working renderings: balance; aspiration; point of aim
སྲིད་པ་,becoming,The successive named categories in the source's calculation of delusion; split into separate proposed-glossary rows.,"Unapproved grammatical proposals, where applicable; see usage records.","These are context-specific whole-expression/category proposals, not changes to established consciousness, ordinary mind, mental faculty or apprehending-subject entries. The source's numerical subdivisions are not equated with a familiar external list.",Related active glossary entries must be checked in review.,The explicit twelve-connection introduction and the successive source labels; complete active glossary checked; N-118–N-120. Source-locator IDs: N-T56. Headword rendered from saved EWTS; verify against exact source quotes.,Proposed only; not activated. Blank English means no single settled candidate. N-T56; Proposed; requires review and separate rows Working renderings: formations; name-and-form; sense bases; contact; feeling; craving; grasping; becoming
སྲེད་པ་,craving,The successive named categories in the source's calculation of delusion; split into separate proposed-glossary rows.,"Unapproved grammatical proposals, where applicable; see usage records.","These are context-specific whole-expression/category proposals, not changes to established consciousness, ordinary mind, mental faculty or apprehending-subject entries. The source's numerical subdivisions are not equated with a familiar external list.",Related active glossary entries must be checked in review.,The explicit twelve-connection introduction and the successive source labels; complete active glossary checked; N-118–N-120. Source-locator IDs: N-T56. Headword rendered from saved EWTS; verify against exact source quotes.,Proposed only; not activated. Blank English means no single settled candidate. N-T56; Proposed; requires review and separate rows Working renderings: formations; name-and-form; sense bases; contact; feeling; craving; grasping; becoming
སྲོག་ཤིང་,life-tree,The cultivation metaphor and the threefold stabilization expression in the activity passage.,"Unapproved grammatical proposals, where applicable; see usage records.","These are distinct proposed terms, not synonyms. Do not infer a literal tree, ritual construction, number of nails or contents of the unenumerated three fixings.",Related active glossary entries must be checked in review.,U02464 and U02482–U02484; N-107 and N-108; active glossary lacks these expressions. Source-locator IDs: N-T55. Headword rendered from saved EWTS; verify against exact source quotes.,Proposed only; not activated. Blank English means no single settled candidate. N-T55; Proposed; requires review; split into separate rows in the proposed glossary Working renderings: life-tree; fixing
ཧར་,har,The sound-training list only; split into five candidate rows with the original source forms.,"Unapproved grammatical proposals, where applicable; see usage records.",Retained names do not establish instrument identities. Three-junctioned instrument is a literal working description and may require replacement after organological and source review.,Related active glossary entries must be checked in review.,U04268–U04272; N-184; no corresponding whole expressions in the glossary. Source-locator IDs: N-T97. Headword rendered from saved EWTS; verify against exact source quotes.,Proposed only; not activated. Blank English means no single settled candidate. N-T97; Proposed or unresolved as individually noted; no approved additions Working renderings: draba; har; pheg; rdob; three-junctioned instrument
ཨག་ཐམ་,ag tham,Closing seals and invocation only; split into four candidate records.,"Unapproved grammatical proposals, where applicable; see usage records.","Seal is a scoped ritual rendering, not every lexical sense of rgya. The remaining forms are preserved ritual syllables; no unsupported Sanskrit reconstruction or literal brick interpretation is asserted.",Related active glossary entries must be checked in review.,U05452–U05464; N-237; selected closing scan consulted. Source-locator IDs: N-T111. Headword rendered from saved EWTS; verify against exact source quotes.,Proposed only; not activated. Blank English means no single settled candidate. N-T111; Proposed ritual treatment; syllable interpretation remains open Working renderings: seal; samaya; so phag; ag tham
