Source unit,Exact Tibetan unit,Canonical entry,English realization in draft,Category,Condition/evidence,Approval or note ID
U00004, རིན་པོ་ཆེ་འབྱུང་བར་བྱེད་པ་སྒྲ་ཐལ་འགྱུར་ཆེན་པོའི་རྒྱུད་ཅེས་བྱ་བ་བཞུགས།,,"Here is the Continuum of the Great All-Penetrating Word, Which Brings Forth Jewels. [N-T01]",whole-expression proposal,Title and repeated title formula only. Keep sgra as word and rgyud as continuum in the title. thal 'gyur is not an established entry; this proposed title is not an approved replacement for the canonical components or a claim about a received English title. Explicit Tibetan title in the selected source; complete active glossary consulted.,N-T01 | Proposed; requires review
U00008, རིན་པོ་ཆེ་འབྱུང་བར་བྱེད་པ་སྒྲ་ཐལ་འགྱུར་ཆེན་པོའི་རྒྱུད་ཅེས་བྱ་བ།,,"The Continuum of the Great All-Penetrating Word, Which Brings Forth Jewels.",whole-expression proposal,Title and repeated title formula only. Keep sgra as word and rgyud as continuum in the title. thal 'gyur is not an established entry; this proposed title is not an approved replacement for the canonical components or a claim about a received English title. Explicit Tibetan title in the selected source; complete active glossary consulted.,N-T01 | Proposed; requires review
U00116,བྱིན་གྱིས་རླབས་ཀྱིས་རང་སྒྲར་སྟོན། །,སྒྲ་ = Word,blessing displayed it as its own sound. [N-T03],contextual-use proposal,"Acoustic, elemental, animal, or phonetic manifestation, where the passage concerns hearing or sound rather than a lexical word. Preserve word in the title and linguistic word-and-meaning constructions. The canonical standalone entry remains Word. This is an explicitly provisional contextual use, not a glossary replacement; all source-linked occurrences must be logged. The text contrasts names/phrases with elemental sounds and the kalaviṅka's voice.",N-T03 | Proposed contextual use; requires review
U00118,ཀ་ལ་པིང་ཀའི་སྒྲ་དབྱངས་ལས། །,སྒྲ་ = Word,"from the melodious sound of the kalaviṅka,",contextual-use proposal,"Acoustic, elemental, animal, or phonetic manifestation, where the passage concerns hearing or sound rather than a lexical word. Preserve word in the title and linguistic word-and-meaning constructions. The canonical standalone entry remains Word. This is an explicitly provisional contextual use, not a glossary replacement; all source-linked occurrences must be logged. The text contrasts names/phrases with elemental sounds and the kalaviṅka's voice.",N-T03 | Proposed contextual use; requires review
U00123,སྒྲ་ལས་དྲངས་ཏེ་སྟོན་པས་གསུངས། །,སྒྲ་ = Word,sounds and spoken by the teacher.,contextual-use proposal,"Acoustic, elemental, animal, or phonetic manifestation, where the passage concerns hearing or sound rather than a lexical word. Preserve word in the title and linguistic word-and-meaning constructions. The canonical standalone entry remains Word. This is an explicitly provisional contextual use, not a glossary replacement; all source-linked occurrences must be logged. The text contrasts names/phrases with elemental sounds and the kalaviṅka's voice.",N-T03 | Proposed contextual use; requires review
U00124,དེ་ནས་འབྱུང་བ་སོ་སོའི་སྒྲ། །,སྒྲ་ = Word,"Then, the sounds of the individual elements,",contextual-use proposal,"Acoustic, elemental, animal, or phonetic manifestation, where the passage concerns hearing or sound rather than a lexical word. Preserve word in the title and linguistic word-and-meaning constructions. The canonical standalone entry remains Word. This is an explicitly provisional contextual use, not a glossary replacement; all source-linked occurrences must be logged. The text contrasts names/phrases with elemental sounds and the kalaviṅka's voice.",N-T03 | Proposed contextual use; requires review
U00126,སོ་སོའི་སྒྲ་དབྱངས་སྟོང་ཕྲག་བརྒྱད། །,སྒྲ་ = Word,eight thousand individual melodious sounds—,contextual-use proposal,"Acoustic, elemental, animal, or phonetic manifestation, where the passage concerns hearing or sound rather than a lexical word. Preserve word in the title and linguistic word-and-meaning constructions. The canonical standalone entry remains Word. This is an explicitly provisional contextual use, not a glossary replacement; all source-linked occurrences must be logged. The text contrasts names/phrases with elemental sounds and the kalaviṅka's voice.",N-T03 | Proposed contextual use; requires review
U00139,ཀ་ལ་པིང་ཀའི་སྒྲ་རྣམས་ཀྱང་། །,སྒྲ་ = Word,"even the kalaviṅka's sounds,",contextual-use proposal,"Acoustic, elemental, animal, or phonetic manifestation, where the passage concerns hearing or sound rather than a lexical word. Preserve word in the title and linguistic word-and-meaning constructions. The canonical standalone entry remains Word. This is an explicitly provisional contextual use, not a glossary replacement; all source-linked occurrences must be logged. The text contrasts names/phrases with elemental sounds and the kalaviṅka's voice.",N-T03 | Proposed contextual use; requires review
U00401,སྒྲ་ཡི་བརྗོད་པ་འདི་ལྟ་བུ། །,སྒྲ་ = Word,This manner of expressing sound [N-T03],contextual-use proposal,"Acoustic, elemental, animal, or phonetic manifestation, where the passage concerns hearing or sound rather than a lexical word. Preserve word in the title and linguistic word-and-meaning constructions. The canonical standalone entry remains Word. This is an explicitly provisional contextual use, not a glossary replacement; all source-linked occurrences must be logged. The text contrasts names/phrases with elemental sounds and the kalaviṅka's voice.",N-T03 | Proposed contextual use; requires review
U00405,སྒྲ་ཡི་བབ་སོ་རྣམ་པ་ལྔ། །,སྒྲ་ = Word,The occasions of sound have five aspects:,contextual-use proposal,"Acoustic, elemental, animal, or phonetic manifestation, where the passage concerns hearing or sound rather than a lexical word. Preserve word in the title and linguistic word-and-meaning constructions. The canonical standalone entry remains Word. This is an explicitly provisional contextual use, not a glossary replacement; all source-linked occurrences must be logged. The text contrasts names/phrases with elemental sounds and the kalaviṅka's voice.",N-T03 | Proposed contextual use; requires review
U00407,འབྱུང་བའི་སྒྲ་དང་སྟོན་པའི་གསུངས། །,སྒྲ་ = Word,"the sounds of the elements, and the teacher's speech.",contextual-use proposal,"Acoustic, elemental, animal, or phonetic manifestation, where the passage concerns hearing or sound rather than a lexical word. Preserve word in the title and linguistic word-and-meaning constructions. The canonical standalone entry remains Word. This is an explicitly provisional contextual use, not a glossary replacement; all source-linked occurrences must be logged. The text contrasts names/phrases with elemental sounds and the kalaviṅka's voice.",N-T03 | Proposed contextual use; requires review
U00424,པིང་ཀ་ལ་ཡི་སྒྲ་དབྱངས་ཀྱིས། །,སྒྲ་ = Word,"Through the melodious sounds of the kalaviṅka,",contextual-use proposal,"Acoustic, elemental, animal, or phonetic manifestation, where the passage concerns hearing or sound rather than a lexical word. Preserve word in the title and linguistic word-and-meaning constructions. The canonical standalone entry remains Word. This is an explicitly provisional contextual use, not a glossary replacement; all source-linked occurrences must be logged. The text contrasts names/phrases with elemental sounds and the kalaviṅka's voice.",N-T03 | Proposed contextual use; requires review
U00431,སྒྲ་ཡི་བྱེ་བྲག་རྣམ་ཤེས་ན། །,སྒྲ་ = Word,"if one knows the distinctions of their sounds,",contextual-use proposal,"Acoustic, elemental, animal, or phonetic manifestation, where the passage concerns hearing or sound rather than a lexical word. Preserve word in the title and linguistic word-and-meaning constructions. The canonical standalone entry remains Word. This is an explicitly provisional contextual use, not a glossary replacement; all source-linked occurrences must be logged. The text contrasts names/phrases with elemental sounds and the kalaviṅka's voice.",N-T03 | Proposed contextual use; requires review
U00437,དེ་ནས་ཆུ་ཡི་སྒྲ་ལ་ཡང༌། །,སྒྲ་ = Word,"Then, in the sound of water too,",contextual-use proposal,"Acoustic, elemental, animal, or phonetic manifestation, where the passage concerns hearing or sound rather than a lexical word. Preserve word in the title and linguistic word-and-meaning constructions. The canonical standalone entry remains Word. This is an explicitly provisional contextual use, not a glossary replacement; all source-linked occurrences must be logged. The text contrasts names/phrases with elemental sounds and the kalaviṅka's voice.",N-T03 | Proposed contextual use; requires review
U00448,བརྗོད་ཅིང་བརྟགས་པའི་སྒྲ་རྣམས་ནི། །,སྒྲ་ = Word,if a yogin knows how to express,contextual-use proposal,"Acoustic, elemental, animal, or phonetic manifestation, where the passage concerns hearing or sound rather than a lexical word. Preserve word in the title and linguistic word-and-meaning constructions. The canonical standalone entry remains Word. This is an explicitly provisional contextual use, not a glossary replacement; all source-linked occurrences must be logged. The text contrasts names/phrases with elemental sounds and the kalaviṅka's voice.",N-T03 | Proposed contextual use; requires review
U00466,དེ་ལྟར་སྒྲ་ཡི་དགོས་པ་ནི། །,སྒྲ་ = Word,Thus the purposes of sound,contextual-use proposal,"Acoustic, elemental, animal, or phonetic manifestation, where the passage concerns hearing or sound rather than a lexical word. Preserve word in the title and linguistic word-and-meaning constructions. The canonical standalone entry remains Word. This is an explicitly provisional contextual use, not a glossary replacement; all source-linked occurrences must be logged. The text contrasts names/phrases with elemental sounds and the kalaviṅka's voice.",N-T03 | Proposed contextual use; requires review
U00483,བེམ་དང་རིག་བཅས་སྒྲ་རྣམས་དང༌། །,སྒྲ་ = Word,"and becomes skilled in the sounds of the insentient and the aware,",contextual-use proposal,"Acoustic, elemental, animal, or phonetic manifestation, where the passage concerns hearing or sound rather than a lexical word. Preserve word in the title and linguistic word-and-meaning constructions. The canonical standalone entry remains Word. This is an explicitly provisional contextual use, not a glossary replacement; all source-linked occurrences must be logged. The text contrasts names/phrases with elemental sounds and the kalaviṅka's voice.",N-T03 | Proposed contextual use; requires review
U00089,སྐུ་གསུང་ཐུགས་ཀྱི་བསྟན་པ་དངོས། །,,"the actual teaching of embodiment, speech, and awakened mind, [N-T04]",new-entry proposal,"Honorific member of the embodiment–speech–mind triad in the opening. Do not infer this mapping from thugs rje or equate it silently with dgongs pa. sems remains ordinary mind, dgongs pa enlightened intent, and thugs rje compassionate responsiveness. Standalone thugs is absent from the supplied glossary; the glossary explicitly identifies this gap.",N-T04 | Proposed; requires review
U00082,རང་བཞིན་གྱིས་ནི་བདེ་བ་རྙེད། །,,I found bliss through intrinsic nature. [N-T05],grammar / usage decision,"Adverbial/instrumental construction in this verse; retain the full intrinsic-nature wording. Not an automatic license for naturally, spontaneously, or an unreviewed by-its-intrinsic-nature default. Possession is not inserted without grammatical support. The active row requires intrinsic nature to remain recognizable and flags unresolved contextual grammar.",N-T05 | Provisional grammar choice; requires review
U00174,ལོངས་སྐུ་བརྡལ་བ་ཀུན་ཁྱབ་པར། །,,"the complete enjoyment embodiment spread out, all-pervading; [N-T07]",short-form proposal,"Recognizable shortened embodiment name; map through the established full expression longs spyod rdzogs sku. This is a documented short-form proposal, not permission to infer every partial glossary match. Existing whole-expression entry and the three-embodiment context.",N-T07 | Proposed short-form treatment; requires review
U00175,སྤྲུལ་སྐུ་སྤྲོས་གཞི་རྫོགས་པ་ལས། །,,the Ground for the emanation embodiment's elaboration was complete.,short-form proposal,Recognizable shortened embodiment name; map through the established sprul pa'i sku expression. Do not replace generic sprul pa by embodiment when sku is absent. Existing whole-expression entry and the three-embodiment context.,N-T07 | Proposed short-form treatment; requires review
U00100,དེས་ན་རྫོགས་ཆེན་བྱ་རྩོལ་བྲལ། །,,Thus the Great Perfection is free from doing and effort. [N-T08],new-entry proposal,"Named teaching and its recognizable rdzogs chen short form; ordinary grammatical uses of rdzogs are not automatically the teaching name. Absent from the supplied glossary; internal capitalization is a provisional name treatment, not new source emphasis. Repeated designation in the source and repository title/context; no outside translation imported.",N-T08 | Proposed; requires review
U00177,རང་བཞིན་རྫོགས་པ་ཆེན་པོ་ཡི། །,,and in the Great Perfection of intrinsic nature,new-entry proposal,"Named teaching and its recognizable rdzogs chen short form; ordinary grammatical uses of rdzogs are not automatically the teaching name. Absent from the supplied glossary; internal capitalization is a provisional name treatment, not new source emphasis. Repeated designation in the source and repository title/context; no outside translation imported.",N-T08 | Proposed; requires review
U00266,རྫོགས་ཆེན་འདི་ལ་ཡིད་ཆེས་ནས། །,,will come to trust this Great Perfection.,new-entry proposal,"Named teaching and its recognizable rdzogs chen short form; ordinary grammatical uses of rdzogs are not automatically the teaching name. Absent from the supplied glossary; internal capitalization is a provisional name treatment, not new source emphasis. Repeated designation in the source and repository title/context; no outside translation imported.",N-T08 | Proposed; requires review
U00129,སྒྲ་ཚིག་རྣམས་ནི་འབྱུང་བའི་གཞི། །,གཞི་ = The Ground,the Ground from which words and phrases arise [N-T09],presentation decision,Retain the glossary's internal capital in the technical term while using normal sentence capitalization for the article. No semantic change to The Ground. Ordinary foundation constructions and longer unlisted compounds require their own contextual record rather than silent blanket replacement. Canonical entry The Ground; standard calls for a recorded internal-capitalization decision.,N-T09 | Provisional presentation decision
U00175,སྤྲུལ་སྐུ་སྤྲོས་གཞི་རྫོགས་པ་ལས། །,གཞི་ = The Ground,the Ground for the emanation embodiment's elaboration was complete.,presentation decision,Retain the glossary's internal capital in the technical term while using normal sentence capitalization for the article. No semantic change to The Ground. Ordinary foundation constructions and longer unlisted compounds require their own contextual record rather than silent blanket replacement. Canonical entry The Ground; standard calls for a recorded internal-capitalization decision.,N-T09 | Provisional presentation decision
U00260,གཞི་ལྔ་དབང་དུ་གང་གིས་འདུས། །,གཞི་ = The Ground,By what are the five Grounds brought under control?,presentation decision,Retain the glossary's internal capital in the technical term while using normal sentence capitalization for the article. No semantic change to The Ground. Ordinary foundation constructions and longer unlisted compounds require their own contextual record rather than silent blanket replacement. Canonical entry The Ground; standard calls for a recorded internal-capitalization decision.,N-T09 | Provisional presentation decision
U00316,ཚིག་བྱུང་གཞི་ལ་འདི་ལྟར་སྣང་།,གཞི་ = The Ground,they appeared thus in the Ground from which phrases arise:,presentation decision,Retain the glossary's internal capital in the technical term while using normal sentence capitalization for the article. No semantic change to The Ground. Ordinary foundation constructions and longer unlisted compounds require their own contextual record rather than silent blanket replacement. Canonical entry The Ground; standard calls for a recorded internal-capitalization decision.,N-T09 | Provisional presentation decision
U00361,འདུལ་གཞི་ལས་ནི་འདུལ་བྱེད་དུ། །,གཞི་ = The Ground,"Arising from the Ground of training as that which trains,",presentation decision,Retain the glossary's internal capital in the technical term while using normal sentence capitalization for the article. No semantic change to The Ground. Ordinary foundation constructions and longer unlisted compounds require their own contextual record rather than silent blanket replacement. Canonical entry The Ground; standard calls for a recorded internal-capitalization decision.,N-T09 | Provisional presentation decision
U00475,གཞི་དང་ལམ་དང་འབྲས་བུ་ལ། །,གཞི་ = The Ground,"in the Ground, path, and result,",presentation decision,Retain the glossary's internal capital in the technical term while using normal sentence capitalization for the article. No semantic change to The Ground. Ordinary foundation constructions and longer unlisted compounds require their own contextual record rather than silent blanket replacement. Canonical entry The Ground; standard calls for a recorded internal-capitalization decision.,N-T09 | Provisional presentation decision
U00244,འཁོར་འདས་རུ་ཤན་གང་གིས་ཕྱེད། །,,By what are samsara and nirvana separated? [N-T11],contextual-use proposal,"Predicate in the question about distinguishing samsara from nirvana. The supplied ru shan entry remains Secret preliminary. The question's literal separating sense is recorded locally and does not authorize replacing the practice name everywhere. The source adds gang gis phyed, explicitly asking what distinguishes them.",N-T11 | Proposed contextual use; requires review
U00049,ལྔ་པོ་རྣམས་ཀྱི་ས་བོན་འཛིན། །,,the seeds of the five were held. [N-005],contextual-use proposal,"Explicit transitive verbs with seeds, wind, ordinary mind, body, or maintenance as their object; log the actual English form and object at each occurrence. The canonical nominal 'dzin pa entry is Apprehending subject. These verbal/object-specific uses are not approved semantic changes disguised as inflection. Source grammatical objects and the glossary's noun mapping; no automatic component override.",N-T15 | Proposed contextual uses; requires review
U00199,བར་དུ་སུ་དང་སུ་ཡིས་འཛིན། །,,Who maintains it in the interval?,contextual-use proposal,"Explicit transitive verbs with seeds, wind, ordinary mind, body, or maintenance as their object; log the actual English form and object at each occurrence. The canonical nominal 'dzin pa entry is Apprehending subject. These verbal/object-specific uses are not approved semantic changes disguised as inflection. Source grammatical objects and the glossary's noun mapping; no automatic component override.",N-T15 | Proposed contextual uses; requires review
U00245,རླུང་འཛིན་སྤྱོད་པ་རྣམ་པ་དུ། །,,How many aspects of activity are there in retaining wind?,contextual-use proposal,"Explicit transitive verbs with seeds, wind, ordinary mind, body, or maintenance as their object; log the actual English form and object at each occurrence. The canonical nominal 'dzin pa entry is Apprehending subject. These verbal/object-specific uses are not approved semantic changes disguised as inflection. Source grammatical objects and the glossary's noun mapping; no automatic component override.",N-T15 | Proposed contextual uses; requires review
U00246,སེམས་འཛིན་བསླབ་རིམ་གང་ཙམ་ཞིག །,,How many stages are there in training to hold ordinary mind? [N-T15],contextual-use proposal,"Explicit transitive verbs with seeds, wind, ordinary mind, body, or maintenance as their object; log the actual English form and object at each occurrence. The canonical nominal 'dzin pa entry is Apprehending subject. These verbal/object-specific uses are not approved semantic changes disguised as inflection. Source grammatical objects and the glossary's noun mapping; no automatic component override.",N-T15 | Proposed contextual uses; requires review
U00324,སས་ནི་གཞི་མ་འཛིན་པ་དང༌། །,,Earth supports the foundation,contextual-use proposal,"Explicit transitive verbs with seeds, wind, ordinary mind, body, or maintenance as their object; log the actual English form and object at each occurrence. The canonical nominal 'dzin pa entry is Apprehending subject. These verbal/object-specific uses are not approved semantic changes disguised as inflection. Source grammatical objects and the glossary's noun mapping; no automatic component override.",N-T15 | Proposed contextual uses; requires review
U00334,འགུལ་ཞིང་འཕྲིག་པས་ལུས་འཛིན་ཅིང༌། །,,"By vibrating and fluttering, it sustains the body.",contextual-use proposal,"Explicit transitive verbs with seeds, wind, ordinary mind, body, or maintenance as their object; log the actual English form and object at each occurrence. The canonical nominal 'dzin pa entry is Apprehending subject. These verbal/object-specific uses are not approved semantic changes disguised as inflection. Source grammatical objects and the glossary's noun mapping; no automatic component override.",N-T15 | Proposed contextual uses; requires review
U00338,བར་དུ་གནས་ཤིང་འཛིན་པ་བྱས། །,,"In the interval, it brings about abiding and maintenance;",contextual-use proposal,"Explicit transitive verbs with seeds, wind, ordinary mind, body, or maintenance as their object; log the actual English form and object at each occurrence. The canonical nominal 'dzin pa entry is Apprehending subject. These verbal/object-specific uses are not approved semantic changes disguised as inflection. Source grammatical objects and the glossary's noun mapping; no automatic component override.",N-T15 | Proposed contextual uses; requires review
U00253,བཅུད་ཀྱིས་ལེན་པ་ཇི་ལྟ་བུ། །,,What is the taking of nourishment from vital essences? [N-T16],whole-expression proposal,The question about the nourishment-taking practice; retain bcud's nutritive sense rather than replacing it with the essence term ngo bo. Whole-expression proposal only. 'Vital essences' is explicitly distinguished from the canonical technical Essence; later bcud compounds must be checked by context. Question's wording and subsequent nourishment-related questions; complete glossary contains no whole-expression entry.,N-T16 | Proposed; requires review
U00252,འཁོར་བའི་ཆུ་རྒྱུན་ཅི་ཡིས་གཅོད།,,By what is samsara's flowing stream cut?,new-entry proposal,"Continuing flow, including streams and the flow of samsara; keep distinct from rgyud, continuum. rgyun is absent from the supplied glossary. Lexicalized compounds such as mngal gyi rgyun gcod have separately logged provisional wording. The glossary explicitly warns that rgyun is not already mapped by rgyud.",N-T17 | Proposed; requires review
U00255,འབྱུང་བའི་རྒྱུན་ནི་ཅི་ལྟར་གཅད། །,,How is the flow of the elements cut? [N-T17],new-entry proposal,"Continuing flow, including streams and the flow of samsara; keep distinct from rgyud, continuum. rgyun is absent from the supplied glossary. Lexicalized compounds such as mngal gyi rgyun gcod have separately logged provisional wording. The glossary explicitly warns that rgyun is not already mapped by rgyud.",N-T17 | Proposed; requires review
U00380,ཁམས་གསུམ་འཁོར་བའི་རྒྱུན་བཅད་ནས། །,,"Once the flow of samsara in the three realms has been cut,",new-entry proposal,"Continuing flow, including streams and the flow of samsara; keep distinct from rgyud, continuum. rgyun is absent from the supplied glossary. Lexicalized compounds such as mngal gyi rgyun gcod have separately logged provisional wording. The glossary explicitly warns that rgyun is not already mapped by rgyud.",N-T17 | Proposed; requires review
U00463,རྣལ་འབྱོར་རྟོག་པའི་ཆུ་རྒྱུན་འགགས། །,,the yogin's stream of conceptual thought ceases.,new-entry proposal,"Continuing flow, including streams and the flow of samsara; keep distinct from rgyud, continuum. rgyun is absent from the supplied glossary. Lexicalized compounds such as mngal gyi rgyun gcod have separately logged provisional wording. The glossary explicitly warns that rgyun is not already mapped by rgyud.",N-T17 | Proposed; requires review
U00299,མངལ་གྱི་རྒྱུན་གཅོད་ངན་སོང་ཕྱག །,,"the cutter of the succession of wombs, the sweeper of the lower destinies. [N-022]",whole-expression proposal,"One epithet in the continuum's praise, preserving the interruption of repeated womb-birth. The local succession wording does not replace the proposed flow default for rgyun or the established continuum for rgyud. Complete epithet and neighboring lower-destiny epithet in the selected source.",N-T17 | Proposed local compound; requires review
U00349,རིམ་དང་ཅིག་ཆར་བློ་རྣམས་ཀྱི། །,,so that conceptual minds of the gradual and simultaneous types,short-form / grammar proposal,"The contrast between recipients in the two types; type is supplied for grammatical clarity, not as an additional source member. The active entries are rim skyes pa and gcig car ba. This local compressed wording is not an automatic expansion rule for all occurrences of rim or cig char. Immediate two-audience construction and established related type entries.",N-T18 | Proposed local treatment; requires review
U00350,རྟོགས་པར་བྱ་ཕྱིར་རྣམ་བཤད་པའོ། །,,may realize it. [N-T18],short-form / grammar proposal,"The contrast between recipients in the two types; type is supplied for grammatical clarity, not as an additional source member. The active entries are rim skyes pa and gcig car ba. This local compressed wording is not an automatic expansion rule for all occurrences of rim or cig char. Immediate two-audience construction and established related type entries.",N-T18 | Proposed local treatment; requires review
U00423,རྒྱུད་དུ་མངོན་པར་ཤེས་པ་འགྲུབ། །,,higher knowing is accomplished in one's continuum.,new-entry proposal,"The attainment and sixfold category explicitly named here. Keep distinct from shes pa knowing, rig pa awareness, ye shes primordial knowing, and shes rab discerning knowing; do not invent the six members where the source does not enumerate them. Repeated higher-knowing expression and the sixfold count in the source; absent from the active glossary.",N-T19 | Proposed; requires review
U00433,མངོན་ཤེས་དྲུག་ལ་ངེས་སྤྱད་ན། །,,"When one definitely engages in the six kinds of higher knowing, [N-T19]",new-entry proposal,"The attainment and sixfold category explicitly named here. Keep distinct from shes pa knowing, rig pa awareness, ye shes primordial knowing, and shes rab discerning knowing; do not invent the six members where the source does not enumerate them. Repeated higher-knowing expression and the sixfold count in the source; absent from the active glossary.",N-T19 | Proposed; requires review
U00629,ཆོས་ཅན་ཆོས་ཉིད་ཚུལ་དག་གིས། །,,"Through the modes of subject and property, [N-T20]",new-entry proposal,"The inferential or argumentative subject in the passage with assertions, reasons, and examples. Not a blanket replacement for a phenomenon or a bearer of properties in every later context; preserve subject/object distinctions explicitly. The immediately surrounding proof vocabulary and paired chos can/chos nyid construction.",N-T20 | Proposed; requires review
U00634,ཆོས་ཅན་དམ་བཅའ་གཏན་ཚིགས་དང་། །,,"Subject, assertion, and logical reason,",new-entry proposal,"The inferential or argumentative subject in the passage with assertions, reasons, and examples. Not a blanket replacement for a phenomenon or a bearer of properties in every later context; preserve subject/object distinctions explicitly. The immediately surrounding proof vocabulary and paired chos can/chos nyid construction.",N-T20 | Proposed; requires review
U00636,ཆོས་ཅན་འབྲེལ་པ་ཡུལ་གྱིས་ཤེས། །,,Know the subject's connection through the object.,new-entry proposal,"The inferential or argumentative subject in the passage with assertions, reasons, and examples. Not a blanket replacement for a phenomenon or a bearer of properties in every later context; preserve subject/object distinctions explicitly. The immediately surrounding proof vocabulary and paired chos can/chos nyid construction.",N-T20 | Proposed; requires review
U00629,ཆོས་ཅན་ཆོས་ཉིད་ཚུལ་དག་གིས། །,ཆོས་ཉིད་ = Nature of phenomena,"Through the modes of subject and property, [N-T20]",contextual-use proposal,"Only the formal paired subject/property construction in the argumentative passage. The canonical Nature of phenomena remains the default everywhere else. This is a visible contextual proposal, not an unmarked glossary replacement or a merely grammatical inflection. chos can, assertion, logical reason, proof, and example occur in the same sequence; this supports a logical construal but does not settle it beyond review.",N-T20 | Proposed contextual use; requires review
U00192,འདི་མཚམས་འོག་གི་རང་དང་གཞན་གྱི་དམ་བཅའི་ཞེས་པ་དང་འཕེན་པ་རླུང་སྟེ་ཞེས་པ་གཉིས་ཀྱི་དྲི་བ་མ་བྱུང་འགྱུར་དང་འགྱུར་བྱེད་གང་དང་གང་། །,,"[Source insertion: At this point, the questions corresponding to the two passages below, beginning ‘one's own and others' assertions’ and ‘the projecting is wind,’ have not occurred.] What are transformation and its agents? [N-013] [N-T20]",new-entry proposal,"Statements maintained or challenged in the proof passage and the source note quoting that passage. Distinguish dam tshig pledges and sdom pa vows; do not carry the logical sense into unrelated devotional or ethical contexts automatically. Explicit first- and other-person positions, contradictions, reasons, and examples in the sixth and seventh replies.",N-T20 | Proposed; requires review
U00495,དམ་བཅའ་སྐྱོན་དང་སྐྱོན་གནས་དང་། །,,"faults in assertions and the sites of faults,",new-entry proposal,"Statements maintained or challenged in the proof passage and the source note quoting that passage. Distinguish dam tshig pledges and sdom pa vows; do not carry the logical sense into unrelated devotional or ethical contexts automatically. Explicit first- and other-person positions, contradictions, reasons, and examples in the sixth and seventh replies.",N-T20 | Proposed; requires review
U00599,རང་དང་གཞན་གྱི་དམ་བཅའི་ཚིག །,,The phrases of one's own and others' assertions,new-entry proposal,"Statements maintained or challenged in the proof passage and the source note quoting that passage. Distinguish dam tshig pledges and sdom pa vows; do not carry the logical sense into unrelated devotional or ethical contexts automatically. Explicit first- and other-person positions, contradictions, reasons, and examples in the sixth and seventh replies.",N-T20 | Proposed; requires review
U00605,གཏན་ཚིགས་བཞི་དང་དམ་བཅའ་བླངས། །,,Take up the four logical reasons and an assertion.,new-entry proposal,"Statements maintained or challenged in the proof passage and the source note quoting that passage. Distinguish dam tshig pledges and sdom pa vows; do not carry the logical sense into unrelated devotional or ethical contexts automatically. Explicit first- and other-person positions, contradictions, reasons, and examples in the sixth and seventh replies.",N-T20 | Proposed; requires review
U00610,དམ་བཅས་བསྒྲུབ་བྱ་གཏན་ཚིགས་ལ། །,,"Surround assertion, what is to be proved, and logical reason",new-entry proposal,"Statements maintained or challenged in the proof passage and the source note quoting that passage. Distinguish dam tshig pledges and sdom pa vows; do not carry the logical sense into unrelated devotional or ethical contexts automatically. Explicit first- and other-person positions, contradictions, reasons, and examples in the sixth and seventh replies.",N-T20 | Proposed; requires review
U00616,དམ་བཅས་གཏན་ཚིགས་བསྒྲུབ་བྱ་ནི། །,,"In assertion, logical reason, and what is to be proved,",new-entry proposal,"Statements maintained or challenged in the proof passage and the source note quoting that passage. Distinguish dam tshig pledges and sdom pa vows; do not carry the logical sense into unrelated devotional or ethical contexts automatically. Explicit first- and other-person positions, contradictions, reasons, and examples in the sixth and seventh replies.",N-T20 | Proposed; requires review
U00634,ཆོས་ཅན་དམ་བཅའ་གཏན་ཚིགས་དང་། །,,"Subject, assertion, and logical reason,",new-entry proposal,"Statements maintained or challenged in the proof passage and the source note quoting that passage. Distinguish dam tshig pledges and sdom pa vows; do not carry the logical sense into unrelated devotional or ethical contexts automatically. Explicit first- and other-person positions, contradictions, reasons, and examples in the sixth and seventh replies.",N-T20 | Proposed; requires review
U00637,དམ་བཅའ་སྐྱོན་ནི་བརྟགས་ཏེ་བཅའ། །,,Examine the faults of an assertion before making it.,new-entry proposal,"Statements maintained or challenged in the proof passage and the source note quoting that passage. Distinguish dam tshig pledges and sdom pa vows; do not carry the logical sense into unrelated devotional or ethical contexts automatically. Explicit first- and other-person positions, contradictions, reasons, and examples in the sixth and seventh replies.",N-T20 | Proposed; requires review
U00605,གཏན་ཚིགས་བཞི་དང་དམ་བཅའ་བླངས། །,,Take up the four logical reasons and an assertion.,new-entry proposal,Reasons in argumentation and the wheel of reasons. Keep distinct from rigs pa reasoning and rgyu cause; preserve unspecified counts without inventing their members. The source's proof sequence; no established entry in the complete active glossary.,N-T20 | Proposed; requires review
U00608,ཕྱོགས་བྲལ་གཏན་ཚིགས་བསྒྲུབ་བྱའོ། །,,Establish a logical reason free from taking sides.,new-entry proposal,Reasons in argumentation and the wheel of reasons. Keep distinct from rigs pa reasoning and rgyu cause; preserve unspecified counts without inventing their members. The source's proof sequence; no established entry in the complete active glossary.,N-T20 | Proposed; requires review
U00610,དམ་བཅས་བསྒྲུབ་བྱ་གཏན་ཚིགས་ལ། །,,"Surround assertion, what is to be proved, and logical reason",new-entry proposal,Reasons in argumentation and the wheel of reasons. Keep distinct from rigs pa reasoning and rgyu cause; preserve unspecified counts without inventing their members. The source's proof sequence; no established entry in the complete active glossary.,N-T20 | Proposed; requires review
U00616,དམ་བཅས་གཏན་ཚིགས་བསྒྲུབ་བྱ་ནི། །,,"In assertion, logical reason, and what is to be proved,",new-entry proposal,Reasons in argumentation and the wheel of reasons. Keep distinct from rigs pa reasoning and rgyu cause; preserve unspecified counts without inventing their members. The source's proof sequence; no established entry in the complete active glossary.,N-T20 | Proposed; requires review
U00627,གཏན་ཚིགས་འཁོར་ལོ་འོག་དང་སྟེང་། །,,"Above and below the wheel of logical reasons,",new-entry proposal,Reasons in argumentation and the wheel of reasons. Keep distinct from rigs pa reasoning and rgyu cause; preserve unspecified counts without inventing their members. The source's proof sequence; no established entry in the complete active glossary.,N-T20 | Proposed; requires review
U00634,ཆོས་ཅན་དམ་བཅའ་གཏན་ཚིགས་དང་། །,,"Subject, assertion, and logical reason,",new-entry proposal,Reasons in argumentation and the wheel of reasons. Keep distinct from rigs pa reasoning and rgyu cause; preserve unspecified counts without inventing their members. The source's proof sequence; no established entry in the complete active glossary.,N-T20 | Proposed; requires review
U00638,གཏན་ཚིགས་དག་གིས་འབྲེལ་དོན་བརྩིས། །,,"Through logical reasons, reckon the meaning of the connection.",new-entry proposal,Reasons in argumentation and the wheel of reasons. Keep distinct from rigs pa reasoning and rgyu cause; preserve unspecified counts without inventing their members. The source's proof sequence; no established entry in the complete active glossary.,N-T20 | Proposed; requires review
U00602,ལུང་དང་རིགས་པ་མན་ངག་གིས། །,,"through authoritative transmission, reasoning, and pith instructions,",new-entry proposal,Reasoning paired with authoritative transmission and pith instructions. Do not confuse rigs pa with rig pa Awareness; the final s is meaningful and source-linked matching must preserve it. Explicit three-member evidentiary list and distinct Tibetan spelling.,N-T20 | Proposed; requires review
U00623,ཁྱབ་བྱའི་དོན་རྣམས་ཐལ་འགྱུར་བརྩིའོ། །,,reckon the consequences for the pervaded meanings. [N-036],contextual-use proposal,"Logical consequences in the assertion/reason/proof sequence. The title and field names retain their explicitly provisional penetration rendering. This contextual logical sense must not be globally substituted into every thal expression. The surrounding assertions, reasons, pervasion, and acknowledged claims support a logical sense.",N-T21 | Proposed contextual use; requires review
U00642,གྲགས་པ་དག་གིས་ཐལ་འགྱུར་ཏེ། །,,"From what is acknowledged, consequences follow. [N-T21]",contextual-use proposal,"Logical consequences in the assertion/reason/proof sequence. The title and field names retain their explicitly provisional penetration rendering. This contextual logical sense must not be globally substituted into every thal expression. The surrounding assertions, reasons, pervasion, and acknowledged claims support a logical sense.",N-T21 | Proposed contextual use; requires review
U00609,གཞན་ལ་ཐལ་བའི་ངེས་འཇུག་རྩོད། །,,"Against others, debate the definitive application of a consequence. [N-T21]",contextual-use proposal,Definitive application of a consequence in debate. The same form in the thirteen field names is provisionally penetration; log each actual use and do not conflate the two contexts. Debate against another position in the immediately surrounding verses.,N-T21 | Proposed contextual use; requires review
U00497,གྲགས་དང་སོང་བའི་གནད་དང་བརྒྱད། །,,what is acknowledged and the crucial point of going—eight in all. [N-031] [N-T21],new-entry / contextual proposal,"Acknowledged claims or common acceptance in the logical-consequence passage; the bare grags in the earlier list is interpreted through its explanation here. Acoustic uses of grags are not automatically this logical category. The earlier reading resounding is revised in the translation-decision log, not silently in the source. The explicit thal 'gyur clause and the proof context of the seventh reply.",N-T21 | Proposed; requires review
U00642,གྲགས་པ་དག་གིས་ཐལ་འགྱུར་ཏེ། །,,"From what is acknowledged, consequences follow. [N-T21]",new-entry / contextual proposal,"Acknowledged claims or common acceptance in the logical-consequence passage; the bare grags in the earlier list is interpreted through its explanation here. Acoustic uses of grags are not automatically this logical category. The earlier reading resounding is revised in the translation-decision log, not silently in the source. The explicit thal 'gyur clause and the proof context of the seventh reply.",N-T21 | Proposed; requires review
U00688,ཡོན་ཏན་རྫོགས་པའི་སེམས་ཉིད་ལུང༌། །,,"is the transmission on the nature of ordinary mind, complete in qualities. [N-T22]",new-entry proposal,"The whole expression sems nyid in the fourth chapter's description and later occurrences when the same sense is supported. Not an established whole-expression entry in the active glossary. Retain sems as ordinary mind and keep this distinct from chos nyid Nature of phenomena; mind-itself remains an alternative for review, not a silently alternating synonym. The source's separate descriptions of the nature of phenomena and sems nyid; complete glossary checked for the whole expression and its components.",N-T22 | Proposed; requires review
U00296,སྙིང་གི་ཏི་ཀ་ལུང་གི་མིག །,,"the heart-commentary, the eye of authoritative transmission,",new-entry proposal,"Scriptural or authoritative transmission in explicit teaching/evidence contexts. Do not normalize lung to rlung Wind, and do not apply this proposal mechanically to opaque compounds such as lung sdeb. Recognizable abbreviated English transmission is logged where the adjective is contextually recoverable. The source's teaching and reasoning contexts, contrasted with explicit rlung elsewhere.",N-T23 | Proposed; requires review
U00595,སྟོན་པའི་བསྟན་པ་ལུང་གིས་བསྐོར། །,,The teacher's teaching is surrounded by authoritative transmissions.,new-entry proposal,"Scriptural or authoritative transmission in explicit teaching/evidence contexts. Do not normalize lung to rlung Wind, and do not apply this proposal mechanically to opaque compounds such as lung sdeb. Recognizable abbreviated English transmission is logged where the adjective is contextually recoverable. The source's teaching and reasoning contexts, contrasted with explicit rlung elsewhere.",N-T23 | Proposed; requires review
U00602,ལུང་དང་རིགས་པ་མན་ངག་གིས། །,,"through authoritative transmission, reasoning, and pith instructions,",new-entry proposal,"Scriptural or authoritative transmission in explicit teaching/evidence contexts. Do not normalize lung to rlung Wind, and do not apply this proposal mechanically to opaque compounds such as lung sdeb. Recognizable abbreviated English transmission is logged where the adjective is contextually recoverable. The source's teaching and reasoning contexts, contrasted with explicit rlung elsewhere.",N-T23 | Proposed; requires review
U00688,ཡོན་ཏན་རྫོགས་པའི་སེམས་ཉིད་ལུང༌། །,,"is the transmission on the nature of ordinary mind, complete in qualities. [N-T22]",new-entry proposal,"Scriptural or authoritative transmission in explicit teaching/evidence contexts. Do not normalize lung to rlung Wind, and do not apply this proposal mechanically to opaque compounds such as lung sdeb. Recognizable abbreviated English transmission is logged where the adjective is contextually recoverable. The source's teaching and reasoning contexts, contrasted with explicit rlung elsewhere.",N-T23 | Proposed; requires review
U01024,བསྟན་པའི་སྙིང་ཐིག་གསང་བ་འདི།།,,This secret heart-sphere of the teaching: [N-051] [N-T24],whole-expression proposal,"This secret-teaching designation; preserve its relationship to thig le, sphere, without applying heart to ngo bo, essence. Not an established entry or an approved received English title. The lexicalization and intended designation require review. Complete active glossary checked; selected source at U01024.",N-T24 | Proposed; requires review
U01150,ཤེས་པ་ཉོན་མོངས་བྱང་སེམས་དང་། །,,"knowing, afflictions, awakening ordinary mind, [N-T25]",whole-expression / short-form proposal,"Provisional component-preserving rendering in the eight-times physiological passage; the short form maps locally to the repeated full expression. Does not establish whether the passage refers to an aspiration, a bodily substance, or another technical use. Not a universal substitute for bodhisattva, which contains sems dpa'. The local full/short repetition and absence of a whole-expression entry; see N-057.",N-T25 | Proposed; semantic scope unresolved
U01164,བྱང་ཆུབ་སེམས་ནི་འཇིལ་བ་དང་། །,,"Awakening ordinary mind dissipates, [N-T25]",whole-expression / short-form proposal,"Provisional component-preserving rendering in the eight-times physiological passage; the short form maps locally to the repeated full expression. Does not establish whether the passage refers to an aspiration, a bodily substance, or another technical use. Not a universal substitute for bodhisattva, which contains sems dpa'. The local full/short repetition and absence of a whole-expression entry; see N-057.",N-T25 | Proposed; semantic scope unresolved
U01478,འདིས་ནི་གཏི་མུག་ལམ་དུ་བྱེད། །,,thereby makes dull confusion into the path. [N-071],new-entry proposal,"The affliction transformed into the path through sleep yoga. Keep distinct from bying ba, dullness; ma rig pa, ignorance; and 'khrul pa, delusion. Do not silently collapse these under one English term. Selected sleep-yoga passage; complete glossary lacks gti mug.",N-T26 | Proposed; requires review
U01167,འབྱུང་བ་བྱེར་ཟུག་ལས་འཕྲོས་ནས། །,,The elements proliferate from their dispersal and penetration. [N-057],construction-level proposal,"The threefold elemental functions and their explicit repetitions; preserve the written order at each occurrence. Not a new mapping for unimpeded penetration, evenness, or equipoise. Equalizing here is a provisional elemental operation, not an established general synonym for those glossary entries. The announced twelve functions and repeated threefold structures in the selected source; N-063.",N-T27 | Proposed; requires review
U01272,བྱེར་ཟུག་སྙོམས་ལ་བཅུ་གཉིས་ཏེ། །,,"Dispersal, penetration, and equalizing comprise twelve:",construction-level proposal,"The threefold elemental functions and their explicit repetitions; preserve the written order at each occurrence. Not a new mapping for unimpeded penetration, evenness, or equipoise. Equalizing here is a provisional elemental operation, not an established general synonym for those glossary entries. The announced twelve functions and repeated threefold structures in the selected source; N-063.",N-T27 | Proposed; requires review
U01275,ས་ཡི་ཟུག་པས་རྡུལ་རྣམས་འབྱིན། །,,Earth's penetration produces particles;,construction-level proposal,"The threefold elemental functions and their explicit repetitions; preserve the written order at each occurrence. Not a new mapping for unimpeded penetration, evenness, or equipoise. Equalizing here is a provisional elemental operation, not an established general synonym for those glossary entries. The announced twelve functions and repeated threefold structures in the selected source; N-063.",N-T27 | Proposed; requires review
U01276,བྱེར་བ་ཡིས་ནི་ཡན་ལག་འབྱིན། །,,its dispersal produces branches;,construction-level proposal,"The threefold elemental functions and their explicit repetitions; preserve the written order at each occurrence. Not a new mapping for unimpeded penetration, evenness, or equipoise. Equalizing here is a provisional elemental operation, not an established general synonym for those glossary entries. The announced twelve functions and repeated threefold structures in the selected source; N-063.",N-T27 | Proposed; requires review
U01277,སྙོམས་པས་ལུས་འབྱུང་རྫོགས་པའོ། །,,"through its equalizing, the body's elements are complete.",construction-level proposal,"The threefold elemental functions and their explicit repetitions; preserve the written order at each occurrence. Not a new mapping for unimpeded penetration, evenness, or equipoise. Equalizing here is a provisional elemental operation, not an established general synonym for those glossary entries. The announced twelve functions and repeated threefold structures in the selected source; N-063.",N-T27 | Proposed; requires review
U01278,མེ་ཡི་ཟུག་པས་ནད་དུ་བྱེད། །,,Fire's penetration produces illness;,construction-level proposal,"The threefold elemental functions and their explicit repetitions; preserve the written order at each occurrence. Not a new mapping for unimpeded penetration, evenness, or equipoise. Equalizing here is a provisional elemental operation, not an established general synonym for those glossary entries. The announced twelve functions and repeated threefold structures in the selected source; N-063.",N-T27 | Proposed; requires review
U01279,བྱེར་བ་དག་གིས་ལུས་གནས་འགྱུར། །,,"through its dispersal, the body will abide;",construction-level proposal,"The threefold elemental functions and their explicit repetitions; preserve the written order at each occurrence. Not a new mapping for unimpeded penetration, evenness, or equipoise. Equalizing here is a provisional elemental operation, not an established general synonym for those glossary entries. The announced twelve functions and repeated threefold structures in the selected source; N-063.",N-T27 | Proposed; requires review
U01280,སྙོམས་པས་འབྱུང་བ་གནས་པར་བྱེད། །,,its equalizing makes the elements abide.,construction-level proposal,"The threefold elemental functions and their explicit repetitions; preserve the written order at each occurrence. Not a new mapping for unimpeded penetration, evenness, or equipoise. Equalizing here is a provisional elemental operation, not an established general synonym for those glossary entries. The announced twelve functions and repeated threefold structures in the selected source; N-063.",N-T27 | Proposed; requires review
U01281,རླུང་གི་ཟུག་པས་འབྱུང་བ་སྐྱོབ། །,,Wind's penetration protects the elements;,construction-level proposal,"The threefold elemental functions and their explicit repetitions; preserve the written order at each occurrence. Not a new mapping for unimpeded penetration, evenness, or equipoise. Equalizing here is a provisional elemental operation, not an established general synonym for those glossary entries. The announced twelve functions and repeated threefold structures in the selected source; N-063.",N-T27 | Proposed; requires review
U01282,བྱེར་བས་ལས་གཞན་འཇིག་པ་ལས། །,,its dispersal destroys other activities;,construction-level proposal,"The threefold elemental functions and their explicit repetitions; preserve the written order at each occurrence. Not a new mapping for unimpeded penetration, evenness, or equipoise. Equalizing here is a provisional elemental operation, not an established general synonym for those glossary entries. The announced twelve functions and repeated threefold structures in the selected source; N-063.",N-T27 | Proposed; requires review
U01283,སྙོམས་པས་རླུང་སེམས་གཅིག་དུ་སྡུད། །,,its equalizing gathers wind-mind into one.,construction-level proposal,"The threefold elemental functions and their explicit repetitions; preserve the written order at each occurrence. Not a new mapping for unimpeded penetration, evenness, or equipoise. Equalizing here is a provisional elemental operation, not an established general synonym for those glossary entries. The announced twelve functions and repeated threefold structures in the selected source; N-063.",N-T27 | Proposed; requires review
U01285,ཆུ་ཡི་ཟུག་པས་ས་འདུས་ལ། །,,"Through water's penetration, earth gathers together.",construction-level proposal,"The threefold elemental functions and their explicit repetitions; preserve the written order at each occurrence. Not a new mapping for unimpeded penetration, evenness, or equipoise. Equalizing here is a provisional elemental operation, not an established general synonym for those glossary entries. The announced twelve functions and repeated threefold structures in the selected source; N-063.",N-T27 | Proposed; requires review
U01286,ཆུའི་བྱེར་སྙོམས་གཉིས་ཆད།,,[Source note: The two—water's dispersal and equalizing—are missing.] [N-063],construction-level proposal,"The threefold elemental functions and their explicit repetitions; preserve the written order at each occurrence. Not a new mapping for unimpeded penetration, evenness, or equipoise. Equalizing here is a provisional elemental operation, not an established general synonym for those glossary entries. The announced twelve functions and repeated threefold structures in the selected source; N-063.",N-T27 | Proposed; requires review
U01287,ཟུག་པ་ཟུག་པ་འཕྲད་པ་ཡིས། །,,"When penetration meets penetration,",construction-level proposal,"The threefold elemental functions and their explicit repetitions; preserve the written order at each occurrence. Not a new mapping for unimpeded penetration, evenness, or equipoise. Equalizing here is a provisional elemental operation, not an established general synonym for those glossary entries. The announced twelve functions and repeated threefold structures in the selected source; N-063.",N-T27 | Proposed; requires review
U01289,བྱེར་བ་ཉིད་ཀྱིས་ནད་དུ་འགྱུར། །,,"Through dispersal itself, illness occurs;",construction-level proposal,"The threefold elemental functions and their explicit repetitions; preserve the written order at each occurrence. Not a new mapping for unimpeded penetration, evenness, or equipoise. Equalizing here is a provisional elemental operation, not an established general synonym for those glossary entries. The announced twelve functions and repeated threefold structures in the selected source; N-063.",N-T27 | Proposed; requires review
U01290,སྙོམས་པས་རྩི་སྦྱོར་སྨན་རྣམས་འགྲུབ། །,,"through equalizing, elixir preparations and medicines are accomplished.",construction-level proposal,"The threefold elemental functions and their explicit repetitions; preserve the written order at each occurrence. Not a new mapping for unimpeded penetration, evenness, or equipoise. Equalizing here is a provisional elemental operation, not an established general synonym for those glossary entries. The announced twelve functions and repeated threefold structures in the selected source; N-063.",N-T27 | Proposed; requires review
U01292,བྱེར་བས་ལས་ཀུན་འགྲུབ་པ་ལ། །,,"through dispersal, all activities are accomplished;",construction-level proposal,"The threefold elemental functions and their explicit repetitions; preserve the written order at each occurrence. Not a new mapping for unimpeded penetration, evenness, or equipoise. Equalizing here is a provisional elemental operation, not an established general synonym for those glossary entries. The announced twelve functions and repeated threefold structures in the selected source; N-063.",N-T27 | Proposed; requires review
U01293,སྙོམས་པས་འཁྲུག་པའི་ལས་མཐར་འགྱུར། །,,"through equalizing, activities of conflict reach their culmination.",construction-level proposal,"The threefold elemental functions and their explicit repetitions; preserve the written order at each occurrence. Not a new mapping for unimpeded penetration, evenness, or equipoise. Equalizing here is a provisional elemental operation, not an established general synonym for those glossary entries. The announced twelve functions and repeated threefold structures in the selected source; N-063.",N-T27 | Proposed; requires review
U01295,བྱེར་བས་གཞན་ལ་འཇུག་པར་འགྱུར། །,,"through dispersal, one enters another;",construction-level proposal,"The threefold elemental functions and their explicit repetitions; preserve the written order at each occurrence. Not a new mapping for unimpeded penetration, evenness, or equipoise. Equalizing here is a provisional elemental operation, not an established general synonym for those glossary entries. The announced twelve functions and repeated threefold structures in the selected source; N-063.",N-T27 | Proposed; requires review
U01296,སྙོམས་པས་ཚེ་རིང་དབང་ཐང་འགྲུབ། །,,"through equalizing, long life and ascendancy are accomplished.",construction-level proposal,"The threefold elemental functions and their explicit repetitions; preserve the written order at each occurrence. Not a new mapping for unimpeded penetration, evenness, or equipoise. Equalizing here is a provisional elemental operation, not an established general synonym for those glossary entries. The announced twelve functions and repeated threefold structures in the selected source; N-063.",N-T27 | Proposed; requires review
U01298,བྱེར་བས་རྒྱས་དང་དབང་དུ་བྱེད། །,,"through dispersal, increase and subjugation are enacted;",construction-level proposal,"The threefold elemental functions and their explicit repetitions; preserve the written order at each occurrence. Not a new mapping for unimpeded penetration, evenness, or equipoise. Equalizing here is a provisional elemental operation, not an established general synonym for those glossary entries. The announced twelve functions and repeated threefold structures in the selected source; N-063.",N-T27 | Proposed; requires review
U01299,སྙོམས་པས་མངོན་སྤྱོད་ལས་རྣམས་འགྲུབ། །,,"through equalizing, aggressive ritual activities are accomplished. [N-063]",construction-level proposal,"The threefold elemental functions and their explicit repetitions; preserve the written order at each occurrence. Not a new mapping for unimpeded penetration, evenness, or equipoise. Equalizing here is a provisional elemental operation, not an established general synonym for those glossary entries. The announced twelve functions and repeated threefold structures in the selected source; N-063.",N-T27 | Proposed; requires review
U01301,བྱེར་བས་དགེ་བའི་ལས་ཀུན་འགྲུབ། །,,"through dispersal, all virtuous activities are accomplished;",construction-level proposal,"The threefold elemental functions and their explicit repetitions; preserve the written order at each occurrence. Not a new mapping for unimpeded penetration, evenness, or equipoise. Equalizing here is a provisional elemental operation, not an established general synonym for those glossary entries. The announced twelve functions and repeated threefold structures in the selected source; N-063.",N-T27 | Proposed; requires review
U01302,སྙོམས་པས་དམག་ལས་རྒྱལ་བའོ། །,,"through equalizing, there is victory in warfare.",construction-level proposal,"The threefold elemental functions and their explicit repetitions; preserve the written order at each occurrence. Not a new mapping for unimpeded penetration, evenness, or equipoise. Equalizing here is a provisional elemental operation, not an established general synonym for those glossary entries. The announced twelve functions and repeated threefold structures in the selected source; N-063.",N-T27 | Proposed; requires review
U01304,བྱེར་བས་འབྱུང་བ་སྤོ་བ་འགྲུབ། །,,"through dispersal, transferring the elements is accomplished;",construction-level proposal,"The threefold elemental functions and their explicit repetitions; preserve the written order at each occurrence. Not a new mapping for unimpeded penetration, evenness, or equipoise. Equalizing here is a provisional elemental operation, not an established general synonym for those glossary entries. The announced twelve functions and repeated threefold structures in the selected source; N-063.",N-T27 | Proposed; requires review
U01305,སྙོམས་པས་གཤེད་ཀྱི་ཆོ་ག་འགྲུབ། །,,"through equalizing, the slayer's rite is accomplished.",construction-level proposal,"The threefold elemental functions and their explicit repetitions; preserve the written order at each occurrence. Not a new mapping for unimpeded penetration, evenness, or equipoise. Equalizing here is a provisional elemental operation, not an established general synonym for those glossary entries. The announced twelve functions and repeated threefold structures in the selected source; N-063.",N-T27 | Proposed; requires review
U01306,ཟུག་བྱེར་ལས་ཀྱི་མཐའ་ལ་ཡང༌། །,,"At the culmination of the activities of penetration and dispersal,",construction-level proposal,"The threefold elemental functions and their explicit repetitions; preserve the written order at each occurrence. Not a new mapping for unimpeded penetration, evenness, or equipoise. Equalizing here is a provisional elemental operation, not an established general synonym for those glossary entries. The announced twelve functions and repeated threefold structures in the selected source; N-063.",N-T27 | Proposed; requires review
U01464,ངོ་བོ་ཉིད་ཀྱི་སྐུ་ཡང་འགྲུབ། །,,"the embodiment of essence itself, too, is accomplished. [N-070]",whole-expression proposal,The embodiment named in the earth-smell practice. Preserve ngo bo as essence and sku as embodiment. Do not substitute intrinsic-nature embodiment or identify it with another embodiment without explicit evidence. Complete active glossary provides the components but not this whole expression; N-070.,N-T28 | Proposed; requires review
U01488,ཁོ་ན་ཉིད་ཀྱི་དུས་བཞི་ཡིས། །,,"Through the four times of suchness, [N-071]",new-entry proposal,"The fourth class of times in the sleep-yoga sequence. Do not conflate it with chos nyid, nature of phenomena, or sems nyid, nature of ordinary mind. Suchness remains provisional in this construction. Selected source and absence from the full active glossary; N-071.",N-T29 | Proposed; requires review
U01130,སས་ནི་ལུས་ཀྱི་གཞི་བྱས་ཏེ། །,གཞི་ = The Ground,earth makes the body's foundation; [N-055],contextual-use proposal,"Earth as bodily foundation, and the support of the teaching. The local physical/support sense is proposed separately from the technical Ground. The canonical The Ground remains unchanged. Do not globally lowercase or replace gzhi, including the unresolved Ground-of-words and outer-times passages. Explicit body and teaching support constructions; N-055 and N-065.",N-T30 | Proposed contextual use; requires review
U01339,བསྟན་པ་དམ་པའི་གཞི་མ་འཛིན། །,གཞི་ = The Ground,he upholds the foundation of the sacred teaching. [N-065],contextual-use proposal,"Earth as bodily foundation, and the support of the teaching. The local physical/support sense is proposed separately from the technical Ground. The canonical The Ground remains unchanged. Do not globally lowercase or replace gzhi, including the unresolved Ground-of-words and outer-times passages. Explicit body and teaching support constructions; N-055 and N-065.",N-T30 | Proposed contextual use; requires review
U01299,སྙོམས་པས་མངོན་སྤྱོད་ལས་རྣམས་འགྲུབ། །,,"through equalizing, aggressive ritual activities are accomplished. [N-063]",new-entry proposal,"Ritual activities in the elemental pairing sequence. Not a synonym for ordinary spyod pa, activity, or a practical instruction to harm anyone; retain the compound's marked ritual sense. Selected source's destructive ritual context; absent from the active glossary.",N-T31 | Proposed; requires review
U01635,འཕོ་བའི་བྱེ་བྲག་རྣམ་པ་གསུམ།,,"There are three particular kinds of transference, [N-T32]",context-specific new-entry proposal,"The spiritual practice classified by faculties into clear light, illusory body and body/speech/mental faculty. Elemental or temporal 'pho ba remains shifting in its own context. spo ba, transferring, is separately preserved where the source uses it; this proposal does not collapse all relocation vocabulary. The explicit classification in U01635–U01660 and absence of a whole-expression entry in the active glossary; N-077.",N-T32 | Proposed; requires review
U01639,ལུས་ངག་འཕོ་བ་རྣམ་པ་གཉིས། །,,Transference of body and speech has two aspects:,context-specific new-entry proposal,"The spiritual practice classified by faculties into clear light, illusory body and body/speech/mental faculty. Elemental or temporal 'pho ba remains shifting in its own context. spo ba, transferring, is separately preserved where the source uses it; this proposal does not collapse all relocation vocabulary. The explicit classification in U01635–U01660 and absence of a whole-expression entry in the active glossary; N-077.",N-T32 | Proposed; requires review
U01640,དངོས་སུ་འཕོ་དང་དངོས་མེད་དོ། །,,actual transference and nonactual transference.,context-specific new-entry proposal,"The spiritual practice classified by faculties into clear light, illusory body and body/speech/mental faculty. Elemental or temporal 'pho ba remains shifting in its own context. spo ba, transferring, is separately preserved where the source uses it; this proposal does not collapse all relocation vocabulary. The explicit classification in U01635–U01660 and absence of a whole-expression entry in the active glossary; N-077.",N-T32 | Proposed; requires review
U01652,འོད་གསལ་འཕོ་བ་རབ་ཀྱིས་ཏེ། །,,Clear-light transference is for the superior:,context-specific new-entry proposal,"The spiritual practice classified by faculties into clear light, illusory body and body/speech/mental faculty. Elemental or temporal 'pho ba remains shifting in its own context. spo ba, transferring, is separately preserved where the source uses it; this proposal does not collapse all relocation vocabulary. The explicit classification in U01635–U01660 and absence of a whole-expression entry in the active glossary; N-077.",N-T32 | Proposed; requires review
U01660,ངེས་པར་དངོས་སུ་འཕོ་བར་ནུས། །,,one can definitely transfer in actuality.,context-specific new-entry proposal,"The spiritual practice classified by faculties into clear light, illusory body and body/speech/mental faculty. Elemental or temporal 'pho ba remains shifting in its own context. spo ba, transferring, is separately preserved where the source uses it; this proposal does not collapse all relocation vocabulary. The explicit classification in U01635–U01660 and absence of a whole-expression entry in the active glossary; N-077.",N-T32 | Proposed; requires review
U01653,གཉིད་ཀྱི་བསམ་གཏན་ལ་སྦྱངས་ནས། །,,"having trained in the meditative stabilization of sleep,",new-entry proposal,"The sleep and non-conceptual meditative practices named in these passages. Keep distinct from ting nge 'dzin, deep absorption; mnyam bzhag, equipoise; and sgom pa, cultivation. No identity of these practice categories is asserted. Complete active glossary checked; the source distinguishes the expressions by wording.",N-T33 | Proposed; requires review
U01901,མི་རྟོག་བསམ་གཏན་ལ་ བརྟེན་ནས། །,,"Relying on non-conceptual meditative stabilization,",new-entry proposal,"The sleep and non-conceptual meditative practices named in these passages. Keep distinct from ting nge 'dzin, deep absorption; mnyam bzhag, equipoise; and sgom pa, cultivation. No identity of these practice categories is asserted. Complete active glossary checked; the source distinguishes the expressions by wording.",N-T33 | Proposed; requires review
U01555,རླུང་སེམས་གཉིས་སུ་འདྲེས་པ་སྟེ། །,,"and the mixing of wind and ordinary mind, the two. [N-074]",contextual unpacking proposal,The explicit two-member mixing construction. Retain canonical wind-mind for rlung sems elsewhere. Do not add merging into one or replace gnyis su with a nondual claim. The local two-member construction and N-074.,N-T34 | Proposed contextual use; requires review
U01710,རང་བཞིན་རྩ་ལ་གནས་པ་ཡི། །,རང་བཞིན་ = Intrinsic nature,"for the letters abiding by intrinsic nature in the channels,",non-obvious grammatical-use proposal,"The adverbial construction describing letters abiding in channels, without an explicit gyis particle. Does not extend all rang bzhin uses to adverbs or alter intrinsic nature as the canonical noun; the absent particle and attachment remain review questions. U01710 and N-079; separately recorded from the existing rang bzhin gyis proposal.",N-T35 | Proposed grammatical use; requires review
U01601,རིགས་མ་མཚན་ཉིད་རྫོགས་པ་ནི། །,,"a woman of the family, with complete characteristics,",new-entry proposal,"The person described in the relative-sphere practice, whose characteristics are said to be complete. Family does not identify a biological lineage or a particular doctrinal family here. Do not add unlisted characteristics, sexual anatomy or a complete practice role from external knowledge. U01601–U01607 and N-076; no whole-expression entry in the active glossary.",N-T36 | Proposed; scope unresolved
U01397,རྟེན་ཅིང་འབྲེལ་བ་བཞི་བྱས་ན། །,,"When the four dependent connections are made,",whole-expression proposal,"The recurring relational/ritual applications involving elements, times, bodies and activities. Not a claim that every occurrence refers to the same formal dependent-arising doctrine, a fixed number of links or a causal mechanism validated by modern science. Preserve explicitly stated numbers and contexts. Repeated constructions in the selected source; the complete active glossary lacks these expressions.",N-T37 | Proposed; requires review and occurrence concordance
U01463,རྟེན་འབྲེལ་རྒྱུན་དུ་བསྟན་པ་ཡིས། །,,"and continually teaching dependent connections,",whole-expression proposal,"The recurring relational/ritual applications involving elements, times, bodies and activities. Not a claim that every occurrence refers to the same formal dependent-arising doctrine, a fixed number of links or a causal mechanism validated by modern science. Preserve explicitly stated numbers and contexts. Repeated constructions in the selected source; the complete active glossary lacks these expressions.",N-T37 | Proposed; requires review and occurrence concordance
U01624,རྟེན་འབྲེལ་ཟབ་མོ་དག་གིས་ཀྱང་། །,,"Through profound dependent connections,",whole-expression proposal,"The recurring relational/ritual applications involving elements, times, bodies and activities. Not a claim that every occurrence refers to the same formal dependent-arising doctrine, a fixed number of links or a causal mechanism validated by modern science. Preserve explicitly stated numbers and contexts. Repeated constructions in the selected source; the complete active glossary lacks these expressions.",N-T37 | Proposed; requires review and occurrence concordance
U01643,རྟེན་ཅིང་འབྲེལ་ལ་སྦྱངས་པས་ནི། །,,"and dependent connections,",whole-expression proposal,"The recurring relational/ritual applications involving elements, times, bodies and activities. Not a claim that every occurrence refers to the same formal dependent-arising doctrine, a fixed number of links or a causal mechanism validated by modern science. Preserve explicitly stated numbers and contexts. Repeated constructions in the selected source; the complete active glossary lacks these expressions.",N-T37 | Proposed; requires review and occurrence concordance
U01662,རྟེན་འབྲེལ་སྦྱོར་བ་རྣམ་པ་གཉིས། །,,The application of dependent connections has two aspects:,whole-expression proposal,"The recurring relational/ritual applications involving elements, times, bodies and activities. Not a claim that every occurrence refers to the same formal dependent-arising doctrine, a fixed number of links or a causal mechanism validated by modern science. Preserve explicitly stated numbers and contexts. Repeated constructions in the selected source; the complete active glossary lacks these expressions.",N-T37 | Proposed; requires review and occurrence concordance
U01674,སོ་སོའི་ལས་ཀྱི་རྟེན་འབྲེལ་གྱིས། །,,"Through the dependent connections of their respective activities,",whole-expression proposal,"The recurring relational/ritual applications involving elements, times, bodies and activities. Not a claim that every occurrence refers to the same formal dependent-arising doctrine, a fixed number of links or a causal mechanism validated by modern science. Preserve explicitly stated numbers and contexts. Repeated constructions in the selected source; the complete active glossary lacks these expressions.",N-T37 | Proposed; requires review and occurrence concordance
U01683,གང་ཞིག་བརྗོད་པའི་རྟེན་འབྲེལ་ནི། །,,"Whatever dependent connections are expressed,",whole-expression proposal,"The recurring relational/ritual applications involving elements, times, bodies and activities. Not a claim that every occurrence refers to the same formal dependent-arising doctrine, a fixed number of links or a causal mechanism validated by modern science. Preserve explicitly stated numbers and contexts. Repeated constructions in the selected source; the complete active glossary lacks these expressions.",N-T37 | Proposed; requires review and occurrence concordance
U01685,ཡིད་ཀྱི་རྟེན་འབྲེལ་རླུང་ལ་དྲི། །,,"For the mental faculty's dependent connections, inquire of wind. [N-078]",whole-expression proposal,"The recurring relational/ritual applications involving elements, times, bodies and activities. Not a claim that every occurrence refers to the same formal dependent-arising doctrine, a fixed number of links or a causal mechanism validated by modern science. Preserve explicitly stated numbers and contexts. Repeated constructions in the selected source; the complete active glossary lacks these expressions.",N-T37 | Proposed; requires review and occurrence concordance
U01692,གཞན་ལ་རྟེན་འབྲེལ་དག་གིས་བྱ། །,,"For others, act through dependent connections;",whole-expression proposal,"The recurring relational/ritual applications involving elements, times, bodies and activities. Not a claim that every occurrence refers to the same formal dependent-arising doctrine, a fixed number of links or a causal mechanism validated by modern science. Preserve explicitly stated numbers and contexts. Repeated constructions in the selected source; the complete active glossary lacks these expressions.",N-T37 | Proposed; requires review and occurrence concordance
U01780,སོ་སོའི་དམིགས་དང་རྟེན་འབྲེལ་ཡང་། །,,"the respective objects of focus and dependent connections, too,",whole-expression proposal,"The recurring relational/ritual applications involving elements, times, bodies and activities. Not a claim that every occurrence refers to the same formal dependent-arising doctrine, a fixed number of links or a causal mechanism validated by modern science. Preserve explicitly stated numbers and contexts. Repeated constructions in the selected source; the complete active glossary lacks these expressions.",N-T37 | Proposed; requires review and occurrence concordance
U01830, རྟེན་འབྲེལ་དུས་ཏེ་བཅུ་གཉིས་སྦྱར། །,,Join the twelve times of dependent connections.,whole-expression proposal,"The recurring relational/ritual applications involving elements, times, bodies and activities. Not a claim that every occurrence refers to the same formal dependent-arising doctrine, a fixed number of links or a causal mechanism validated by modern science. Preserve explicitly stated numbers and contexts. Repeated constructions in the selected source; the complete active glossary lacks these expressions.",N-T37 | Proposed; requires review and occurrence concordance
U01920,རྟེན་འབྲེལ་ཆོ་ག་རྫོགས་པ་ཡིས། །,,"Through completion of the rite of dependent connections,",whole-expression proposal,"The recurring relational/ritual applications involving elements, times, bodies and activities. Not a claim that every occurrence refers to the same formal dependent-arising doctrine, a fixed number of links or a causal mechanism validated by modern science. Preserve explicitly stated numbers and contexts. Repeated constructions in the selected source; the complete active glossary lacks these expressions.",N-T37 | Proposed; requires review and occurrence concordance
U01944,གཞན་ནི་རྟེན་འབྲེལ་སྦྱོར་བ་གསུང༌། །,,"Further, the application of dependent connections is taught.",whole-expression proposal,"The recurring relational/ritual applications involving elements, times, bodies and activities. Not a claim that every occurrence refers to the same formal dependent-arising doctrine, a fixed number of links or a causal mechanism validated by modern science. Preserve explicitly stated numbers and contexts. Repeated constructions in the selected source; the complete active glossary lacks these expressions.",N-T37 | Proposed; requires review and occurrence concordance
U01946,དངོས་པོ་འགྱུར་བའི་རྟེན་འབྲེལ་གྱིས། །,,"through dependent connections that transform entities,",whole-expression proposal,"The recurring relational/ritual applications involving elements, times, bodies and activities. Not a claim that every occurrence refers to the same formal dependent-arising doctrine, a fixed number of links or a causal mechanism validated by modern science. Preserve explicitly stated numbers and contexts. Repeated constructions in the selected source; the complete active glossary lacks these expressions.",N-T37 | Proposed; requires review and occurrence concordance
U01997,གཞན་ལུས་རྟེན་འབྲེལ་སྦྱོར་བ་ཤེས། །,,and one knows the application of dependent connections for others' bodies.,whole-expression proposal,"The recurring relational/ritual applications involving elements, times, bodies and activities. Not a claim that every occurrence refers to the same formal dependent-arising doctrine, a fixed number of links or a causal mechanism validated by modern science. Preserve explicitly stated numbers and contexts. Repeated constructions in the selected source; the complete active glossary lacks these expressions.",N-T37 | Proposed; requires review and occurrence concordance
U02000,གྲུབ་མཐའི་དགོངས་པ་རྣམ་གཉིས་ཏེ། །,,The enlightened intent of tenet systems has two aspects: [N-089],new-entry proposal,"The account beginning with two aspects of the enlightened intent of tenet systems. Do not replace the established enlightened intent mapping for dgongs pa, and do not identify specific schools until the continuation names them. U02000 and N-089; full active glossary checked.",N-T38 | Proposed; requires review
U02050,ཐབས་དང་ཤེས་རབ་མཆོག་ཏུ་ཟབ། །,,"methods and discerning knowing, supremely profound.",new-entry proposal,The paired classification of accomplishment practices into methods and discerning knowing. Do not collapse methods and discerning knowing into wisdom or silently read the queried thab at U02246 as thabs. Ordinary grammatical method/methods remains context-dependent. The explicit pairing in the selected source; N-092 and N-093; active glossary lacks standalone thabs.,N-T39 | Proposed; requires review
U02105,ཐབས་ཀྱི་སྒྲུབ་པ་ཟབ་མོ་ཉིད། །,,The profound practices of accomplishment of methods,new-entry proposal,The paired classification of accomplishment practices into methods and discerning knowing. Do not collapse methods and discerning knowing into wisdom or silently read the queried thab at U02246 as thabs. Ordinary grammatical method/methods remains context-dependent. The explicit pairing in the selected source; N-092 and N-093; active glossary lacks standalone thabs.,N-T39 | Proposed; requires review
U02023,བསྐྱེད་པའི་མཐའ་ནི་ལུས་ཡིན་ཏེ། །,,The culmination of generation is the body.,whole-expression and short-form proposal,"The two stage-designating expressions in the five-culmination account; generation is the locally shortened stage designation. Not every bskyed or rdzogs verb denotes a stage. Do not automatically extend this mapping to generation of elements, completion of lists or Great Perfection. The parallel stage and culmination context; N-091; no whole-expression entries in the active glossary.",N-T40 | Proposed; requires review
U02026,རྫོགས་པའི་རིམ་པ་ཉིད་ཀྱི་མཐའ། །,,The culmination of the completion stage itself:,whole-expression and short-form proposal,"The two stage-designating expressions in the five-culmination account; generation is the locally shortened stage designation. Not every bskyed or rdzogs verb denotes a stage. Do not automatically extend this mapping to generation of elements, completion of lists or Great Perfection. The parallel stage and culmination context; N-091; no whole-expression entries in the active glossary.",N-T40 | Proposed; requires review
U02036,ཡིད་ལ་བྱེད་པ་མེད་ལ་ཐུག །,,it culminates in the absence of mental engagement. [N-091],whole-expression proposal,"The activity negated at the culmination of the Mahamudra passage. A whole-expression proposal, not a change to yid, mental faculty, or byed, doing. The negative med remains explicit. U02033–U02036; N-091; active glossary checked.",N-T41 | Proposed; requires review
U02040,ཡེ་གྲོལ་ཅོག་བཞག་ཉིད་ལ་ཐུག །,,it culminates in leaving primordial liberation just as it is. [N-091],whole-expression proposal,The culmination phrase involving primordial liberation. Preserve ye grol as primordial liberation. Do not identify this automatically with a named set of four ways of leaving or with every bzhag instruction. U02040; N-091; no whole-expression entry in active glossary.,N-T42 | Proposed; requires review
U00236,བླ་མ་བསྟེན་པའི་ཐབས་གང་ལགས། །,,What is the method of relying on a lama?,new-entry and consistency proposal,"The spiritual-teacher designation; earlier lama renderings require a recorded consistency review rather than silent replacement. Do not infer a named human teacher, biological status or authority beyond the source. The established Guru Yoga whole expression remains unchanged. U01390 is not an occurrence and must not be treated as lexical evidence; it is excluded from the final occurrence concordance. Explicit bla ma occurrences, particularly the root/branch account; N-097. Active glossary has Guru Yoga but no standalone bla ma entry.",N-T43 | Proposed; requires review and occurrence validation
U01390,ཚངས་པའི་གནས་ནས་འདོན་པར་བྱའོ། །,,is to be brought out from Brahmā's abode. [N-067],new-entry and consistency proposal,"The spiritual-teacher designation; earlier lama renderings require a recorded consistency review rather than silent replacement. Do not infer a named human teacher, biological status or authority beyond the source. The established Guru Yoga whole expression remains unchanged. U01390 is not an occurrence and must not be treated as lexical evidence; it is excluded from the final occurrence concordance. Explicit bla ma occurrences, particularly the root/branch account; N-097. Active glossary has Guru Yoga but no standalone bla ma entry.",N-T43 | Proposed; requires review and occurrence validation
U01863,བླ་མ་མཆོད་དང་བསྟོད་བྱ་སྟེ། །,,should offer to and praise the guru.,new-entry and consistency proposal,"The spiritual-teacher designation; earlier lama renderings require a recorded consistency review rather than silent replacement. Do not infer a named human teacher, biological status or authority beyond the source. The established Guru Yoga whole expression remains unchanged. U01390 is not an occurrence and must not be treated as lexical evidence; it is excluded from the final occurrence concordance. Explicit bla ma occurrences, particularly the root/branch account; N-097. Active glossary has Guru Yoga but no standalone bla ma entry.",N-T43 | Proposed; requires review and occurrence validation
U01930,བླ་མ་མཆོད་ཕྱིར་སྤོ་བས་བླང༌། །,,"take [them] by transferring, to offer to the guru.",new-entry and consistency proposal,"The spiritual-teacher designation; earlier lama renderings require a recorded consistency review rather than silent replacement. Do not infer a named human teacher, biological status or authority beyond the source. The established Guru Yoga whole expression remains unchanged. U01390 is not an occurrence and must not be treated as lexical evidence; it is excluded from the final occurrence concordance. Explicit bla ma occurrences, particularly the root/branch account; N-097. Active glossary has Guru Yoga but no standalone bla ma entry.",N-T43 | Proposed; requires review and occurrence validation
U01933,བླ་མ་དཔའ་བོས་བཀའ་སྩལ་ན། །,,"when the guru, the hero, commands,",new-entry and consistency proposal,"The spiritual-teacher designation; earlier lama renderings require a recorded consistency review rather than silent replacement. Do not infer a named human teacher, biological status or authority beyond the source. The established Guru Yoga whole expression remains unchanged. U01390 is not an occurrence and must not be treated as lexical evidence; it is excluded from the final occurrence concordance. Explicit bla ma occurrences, particularly the root/branch account; N-097. Active glossary has Guru Yoga but no standalone bla ma entry.",N-T43 | Proposed; requires review and occurrence validation
U01962,བླ་མ་མཆོད་ཕྱིར་སྤོ་བས་བླང༌། །,,"are taken by transferring, to offer to the guru.",new-entry and consistency proposal,"The spiritual-teacher designation; earlier lama renderings require a recorded consistency review rather than silent replacement. Do not infer a named human teacher, biological status or authority beyond the source. The established Guru Yoga whole expression remains unchanged. U01390 is not an occurrence and must not be treated as lexical evidence; it is excluded from the final occurrence concordance. Explicit bla ma occurrences, particularly the root/branch account; N-097. Active glossary has Guru Yoga but no standalone bla ma entry.",N-T43 | Proposed; requires review and occurrence validation
U02194,བླ་མ་རྡོ་རྗེ་འཆང་ཆེན་གྱིས། །,,"By the guru, the great vajra-holder,",new-entry and consistency proposal,"The spiritual-teacher designation; earlier lama renderings require a recorded consistency review rather than silent replacement. Do not infer a named human teacher, biological status or authority beyond the source. The established Guru Yoga whole expression remains unchanged. U01390 is not an occurrence and must not be treated as lexical evidence; it is excluded from the final occurrence concordance. Explicit bla ma occurrences, particularly the root/branch account; N-097. Active glossary has Guru Yoga but no standalone bla ma entry.",N-T43 | Proposed; requires review and occurrence validation
U02196,མཚན་ཉིད་རྫོགས་པའི་བླ་མ་ནི། །,,The guru whose characteristics are complete,new-entry and consistency proposal,"The spiritual-teacher designation; earlier lama renderings require a recorded consistency review rather than silent replacement. Do not infer a named human teacher, biological status or authority beyond the source. The established Guru Yoga whole expression remains unchanged. U01390 is not an occurrence and must not be treated as lexical evidence; it is excluded from the final occurrence concordance. Explicit bla ma occurrences, particularly the root/branch account; N-097. Active glossary has Guru Yoga but no standalone bla ma entry.",N-T43 | Proposed; requires review and occurrence validation
U02199,རྩ་བ་ཡན་ལག་བླ་མ་གཉིས། །,,There are two gurus: root and branch.,new-entry and consistency proposal,"The spiritual-teacher designation; earlier lama renderings require a recorded consistency review rather than silent replacement. Do not infer a named human teacher, biological status or authority beyond the source. The established Guru Yoga whole expression remains unchanged. U01390 is not an occurrence and must not be treated as lexical evidence; it is excluded from the final occurrence concordance. Explicit bla ma occurrences, particularly the root/branch account; N-097. Active glossary has Guru Yoga but no standalone bla ma entry.",N-T43 | Proposed; requires review and occurrence validation
U02204, བླ་མ་སངས་རྒྱས་མཉམ་སྦྱོར་བསྟེན། །,,rely on the guru in equal union with the buddha. [N-097],new-entry and consistency proposal,"The spiritual-teacher designation; earlier lama renderings require a recorded consistency review rather than silent replacement. Do not infer a named human teacher, biological status or authority beyond the source. The established Guru Yoga whole expression remains unchanged. U01390 is not an occurrence and must not be treated as lexical evidence; it is excluded from the final occurrence concordance. Explicit bla ma occurrences, particularly the root/branch account; N-097. Active glossary has Guru Yoga but no standalone bla ma entry.",N-T43 | Proposed; requires review and occurrence validation
U02208,དབང་པོ་གསལ་བས་བླ་མ་བསྟེན། །,,"with clear faculties, rely on the guru.",new-entry and consistency proposal,"The spiritual-teacher designation; earlier lama renderings require a recorded consistency review rather than silent replacement. Do not infer a named human teacher, biological status or authority beyond the source. The established Guru Yoga whole expression remains unchanged. U01390 is not an occurrence and must not be treated as lexical evidence; it is excluded from the final occurrence concordance. Explicit bla ma occurrences, particularly the root/branch account; N-097. Active glossary has Guru Yoga but no standalone bla ma entry.",N-T43 | Proposed; requires review and occurrence validation
U02213,དེ་ལ་དམིགས་ཏེ་བླ་མ་བསྟེན། །,,"Focusing on that, rely on the guru,",new-entry and consistency proposal,"The spiritual-teacher designation; earlier lama renderings require a recorded consistency review rather than silent replacement. Do not infer a named human teacher, biological status or authority beyond the source. The established Guru Yoga whole expression remains unchanged. U01390 is not an occurrence and must not be treated as lexical evidence; it is excluded from the final occurrence concordance. Explicit bla ma occurrences, particularly the root/branch account; N-097. Active glossary has Guru Yoga but no standalone bla ma entry.",N-T43 | Proposed; requires review and occurrence validation
U02242,དུས་ནི་ལས་འཕྲོ་སད་པ་དང༌། །,,"The time is when the continuation of karma awakens,",whole-expression proposal,"The karmic factor said to awaken at the relevant time. Not a change to 'phro, proliferation, elsewhere. The compound's relationship to karmic connection, residue or continuity remains a review question. U02242 and the corresponding time/juncture question; N-099.",N-T44 | Proposed; requires review
U02131,རྫོགས་པའི་བྱང་ཆུབ་དོན་དུ་བསྔོ། །,,Dedicate [them] toward complete awakening.,new-entry proposal,"The result designated in dedication and in the Ground upheld by the guru. Do not collapse byang chub sems into awakening alone or omit sems from that separate expression; its physiological use has a separate unresolved proposal. This is not a new mapping for sangs rgyas, buddha/buddhahood. The two explicit result contexts and the absence of standalone byang chub from the active glossary.",N-T45 | Proposed; requires review
U02198,རྫོགས་པའི་བྱང་ཆུབ་གཞི་འཛིན་པའོ། །,,and upholds the Ground of complete awakening. [N-097],new-entry proposal,"The result designated in dedication and in the Ground upheld by the guru. Do not collapse byang chub sems into awakening alone or omit sems from that separate expression; its physiological use has a separate unresolved proposal. This is not a new mapping for sangs rgyas, buddha/buddhahood. The two explicit result contexts and the absence of standalone byang chub from the active glossary.",N-T45 | Proposed; requires review
U02292,རང་རིག་གསལ་བའི་རང་ངོ་འཕྲོད། །,,introduce the own identity of clear self-awareness. [N-T46],whole-expression proposal,"The reflexive awareness expression in empowerment, direct perception and liberation passages. Keep distinct from rang shes, one's own knowing, and from sems nyid, nature of ordinary mind. This proposal does not posit an independent self or identify the expression with a modern psychological construct. Local contrast between rang shes and rang rig in U02322–U02324; active glossary provides rig pa but no rang rig whole entry.",N-T46 | Proposed; requires review
U02324,རང་རིག་ངེས་པའི་ཆོས་ཉིད་ནི། །,,the definite nature of phenomena of self-awareness,whole-expression proposal,"The reflexive awareness expression in empowerment, direct perception and liberation passages. Keep distinct from rang shes, one's own knowing, and from sems nyid, nature of ordinary mind. This proposal does not posit an independent self or identify the expression with a modern psychological construct. Local contrast between rang shes and rang rig in U02322–U02324; active glossary provides rig pa but no rang rig whole entry.",N-T46 | Proposed; requires review
U02453,རང་རིག་རྟོག་པ་ཀུན་བྲལ་བས། །,,"Because self-awareness is free from all conceptual thought,",whole-expression proposal,"The reflexive awareness expression in empowerment, direct perception and liberation passages. Keep distinct from rang shes, one's own knowing, and from sems nyid, nature of ordinary mind. This proposal does not posit an independent self or identify the expression with a modern psychological construct. Local contrast between rang shes and rang rig in U02322–U02324; active glossary provides rig pa but no rang rig whole entry.",N-T46 | Proposed; requires review
U02285,འཁོར་འདས་རུ་ཤན་འོག་བཞིན་དབྱེ། །,,"distinguish samsara and nirvana through the secret preliminary, as below. [N-100]",construction-level usage proposal,"The practice designation together with an explicit distinguishing verb and the samsara/nirvana objects. Retain the canonical secret preliminary mapping for ru shan; this does not silently extend the earlier question-only literal-rendering exception. The expanded English expresses the source construction, not an added practice step. The explicit verbs and objects in the selected passages; N-100 and N-104.",N-T47 | Proposed construction treatment; requires review
U02360,འཁོར་འདས་རུ་ཤན་མ་ཕྱེས་ན། །,,"Unless samsara and nirvana are distinguished through the secret preliminary,",construction-level usage proposal,"The practice designation together with an explicit distinguishing verb and the samsara/nirvana objects. Retain the canonical secret preliminary mapping for ru shan; this does not silently extend the earlier question-only literal-rendering exception. The expanded English expresses the source construction, not an added practice step. The explicit verbs and objects in the selected passages; N-100 and N-104.",N-T47 | Proposed construction treatment; requires review
U02363,འཁོར་འདས་རུ་ཤན་ཕྱེ་བ་བཤད། །,,"Therefore, I explain distinguishing samsara and nirvana through the secret preliminary.",construction-level usage proposal,"The practice designation together with an explicit distinguishing verb and the samsara/nirvana objects. Retain the canonical secret preliminary mapping for ru shan; this does not silently extend the earlier question-only literal-rendering exception. The expanded English expresses the source construction, not an added practice step. The explicit verbs and objects in the selected passages; N-100 and N-104.",N-T47 | Proposed construction treatment; requires review
U02369,དྲན་པའི་སེམས་ཀྱིས་མངོན་བསླངས་ཏེ། །,,"Rousing [these] with a mindful ordinary mind,",grammatical and compound usage record,The mental recollection/reflection sequence of the secret preliminary; mindful is the adjective derived from the established mindfulness entry. Preserve the canonical mindfulness component. Do not silently replace it with recollection or memory; the earlier U01720 recollections wording is corrected separately. Whether the local psychological sense warrants a contextual exception remains open. Active dran pa entry and the full body/speech/ordinary-mind sequence; N-104.,N-T48 | Provisional grammatical use; semantic scope requires review
U02385,སེམས་ཀྱི་དྲན་བསམ་ངག་གིས་བརྗོད། །,,utter ordinary mind's mindfulness and reflection through speech. [N-104],grammatical and compound usage record,The mental recollection/reflection sequence of the secret preliminary; mindful is the adjective derived from the established mindfulness entry. Preserve the canonical mindfulness component. Do not silently replace it with recollection or memory; the earlier U01720 recollections wording is corrected separately. Whether the local psychological sense warrants a contextual exception remains open. Active dran pa entry and the full body/speech/ordinary-mind sequence; N-104.,N-T48 | Provisional grammatical use; semantic scope requires review
U02391,དྲན་བསམ་འཕྲོ་འདུའི་འཁོར་ལོར་བརྟེན། །,,"rely on the wheel of mindfulness and reflection, proliferating and gathering.",grammatical and compound usage record,The mental recollection/reflection sequence of the secret preliminary; mindful is the adjective derived from the established mindfulness entry. Preserve the canonical mindfulness component. Do not silently replace it with recollection or memory; the earlier U01720 recollections wording is corrected separately. Whether the local psychological sense warrants a contextual exception remains open. Active dran pa entry and the full body/speech/ordinary-mind sequence; N-104.,N-T48 | Provisional grammatical use; semantic scope requires review
U02395,ཅི་ལྟར་བསམ་པའི་དྲན་པ་ཉིད། །,,The mindfulness of whatever is reflected on—,grammatical and compound usage record,The mental recollection/reflection sequence of the secret preliminary; mindful is the adjective derived from the established mindfulness entry. Preserve the canonical mindfulness component. Do not silently replace it with recollection or memory; the earlier U01720 recollections wording is corrected separately. Whether the local psychological sense warrants a contextual exception remains open. Active dran pa entry and the full body/speech/ordinary-mind sequence; N-104.,N-T48 | Provisional grammatical use; semantic scope requires review
U00294,བཀའ་ཡི་འགྲེལ་པ་མན་ངག་སྙིང་། །,,"it is the commentary on the command, the heart of the pith instructions,",new-entry proposal,"The orally/directly instructive teaching category repeatedly contrasted or coordinated with authoritative transmission and reasoning. Do not substitute it automatically for all gdams ngag, teaching, advice or instructions. Preserve the source's statement that these instructions subside at the final stage. Repeated explicit man ngag occurrences; active glossary lacks the standalone expression.",N-T49 | Proposed; requires review
U00392,དགོངས་པའི་གནད་དོན་མན་ངག་ནི། །,,The pith instructions on the meaning of the crucial points of enlightened intent,new-entry proposal,"The orally/directly instructive teaching category repeatedly contrasted or coordinated with authoritative transmission and reasoning. Do not substitute it automatically for all gdams ngag, teaching, advice or instructions. Preserve the source's statement that these instructions subside at the final stage. Repeated explicit man ngag occurrences; active glossary lacks the standalone expression.",N-T49 | Proposed; requires review
U00397,བསྟན་ནས་རྫོགས་དོན་མན་ངག་ནི། །,,"are taught; as for the pith instructions on the meaning of perfection,",new-entry proposal,"The orally/directly instructive teaching category repeatedly contrasted or coordinated with authoritative transmission and reasoning. Do not substitute it automatically for all gdams ngag, teaching, advice or instructions. Preserve the source's statement that these instructions subside at the final stage. Repeated explicit man ngag occurrences; active glossary lacks the standalone expression.",N-T49 | Proposed; requires review
U00602,ལུང་དང་རིགས་པ་མན་ངག་གིས། །,,"through authoritative transmission, reasoning, and pith instructions,",new-entry proposal,"The orally/directly instructive teaching category repeatedly contrasted or coordinated with authoritative transmission and reasoning. Do not substitute it automatically for all gdams ngag, teaching, advice or instructions. Preserve the source's statement that these instructions subside at the final stage. Repeated explicit man ngag occurrences; active glossary lacks the standalone expression.",N-T49 | Proposed; requires review
U00678,སྣ་ཚོགས་བཀོད་པ་མན་ངག་གནས། །,,"the Array of Diversity, the abode of pith instructions,",new-entry proposal,"The orally/directly instructive teaching category repeatedly contrasted or coordinated with authoritative transmission and reasoning. Do not substitute it automatically for all gdams ngag, teaching, advice or instructions. Preserve the source's statement that these instructions subside at the final stage. Repeated explicit man ngag occurrences; active glossary lacks the standalone expression.",N-T49 | Proposed; requires review
U02293,བརྡ་འགྲོལ་མན་ངག་མཁས་པས་བྱ། །,,The skilled person should give pith instructions that explain the signs.,new-entry proposal,"The orally/directly instructive teaching category repeatedly contrasted or coordinated with authoritative transmission and reasoning. Do not substitute it automatically for all gdams ngag, teaching, advice or instructions. Preserve the source's statement that these instructions subside at the final stage. Repeated explicit man ngag occurrences; active glossary lacks the standalone expression.",N-T49 | Proposed; requires review
U02335,གནད་གསུམ་མན་ངག་འབྲལ་མི་བྱ། །,,Do not separate from the pith instructions on the three crucial points.,new-entry proposal,"The orally/directly instructive teaching category repeatedly contrasted or coordinated with authoritative transmission and reasoning. Do not substitute it automatically for all gdams ngag, teaching, advice or instructions. Preserve the source's statement that these instructions subside at the final stage. Repeated explicit man ngag occurrences; active glossary lacks the standalone expression.",N-T49 | Proposed; requires review
U02493,འདི་དུས་བླ་མའི་མན་ངག་ནུབ། །,,"At this time, the guru's pith instructions subside.",new-entry proposal,"The orally/directly instructive teaching category repeatedly contrasted or coordinated with authoritative transmission and reasoning. Do not substitute it automatically for all gdams ngag, teaching, advice or instructions. Preserve the source's statement that these instructions subside at the final stage. Repeated explicit man ngag occurrences; active glossary lacks the standalone expression.",N-T49 | Proposed; requires review
U00240,དམ་ཚིག་སྡོམ་པ་ཅི་ལྟ་བུ། །,,What are the pledges and vows like?,new-entry proposal,"Commitments linked to empowerment and the five guarded commitments in the ritual passage. Keep distinct from sdom pa, vow, and from bka', command. Do not invent the contents of unenumerated pledges or modern duties not stated in the source. The explicit pledge/vow contrast in the question and U02302–U02308; active glossary checked.",N-T50 | Proposed; requires review
U02124,བསྲུང་བའི་དམ་ཚིག་ལྔ་པོ་ལ། །,,"For the five pledges to be guarded,",new-entry proposal,"Commitments linked to empowerment and the five guarded commitments in the ritual passage. Keep distinct from sdom pa, vow, and from bka', command. Do not invent the contents of unenumerated pledges or modern duties not stated in the source. The explicit pledge/vow contrast in the question and U02302–U02308; active glossary checked.",N-T50 | Proposed; requires review
U02302,དབང་བརྟེན་པ་ཡི་དམ་ཚིག་བཤད། །,,the pledges depending on empowerment will be explained.,new-entry proposal,"Commitments linked to empowerment and the five guarded commitments in the ritual passage. Keep distinct from sdom pa, vow, and from bka', command. Do not invent the contents of unenumerated pledges or modern duties not stated in the source. The explicit pledge/vow contrast in the question and U02302–U02308; active glossary checked.",N-T50 | Proposed; requires review
U00240,དམ་ཚིག་སྡོམ་པ་ཅི་ལྟ་བུ། །,,What are the pledges and vows like?,new-entry proposal,The commitments distinguished from pledges and included in body and speech. Do not collapse vows and dam tshig pledges into one category; ordinary restraint constructions require their own grammar. The source's two distinct terms and local scope statement; N-101.,N-T51 | Proposed; requires review
U02308,སྡོམ་པ་ལུས་དང་ངག་ཏུ་འདུས། །,,Vows are included in body and speech. [N-101],new-entry proposal,The commitments distinguished from pledges and included in body and speech. Do not collapse vows and dam tshig pledges into one category; ordinary restraint constructions require their own grammar. The source's two distinct terms and local scope statement; N-101.,N-T51 | Proposed; requires review
U02317,མོས་པ་སྤྱོད་པའི་ས་ཞེས་བྱའོ། །,,this is called the ground of aspirational activity. [N-101],whole-expression proposal,"The stage designation applied to word-oriented beings at the final time of the teaching. Lower-case ground represents sa here, not gzhi, the Ground. Keep the activity component visible, and do not infer an external path-stage definition not supplied by the passage. U02309–U02317; N-101; absence of a whole-expression entry in the active glossary.",N-T52 | Proposed; requires review
U02343,ཡིད་དཔྱོད་འཛིན་པའི་ཚིག་ལས་འདས། །,,one transcends words held through mental examination. [N-103],whole-expression proposal,"The word-bound mental operation contrasted with direct perception. Do not silently substitute conceptual mind for yid, mental faculty, or identify this with a particular formal category of inference without evidence. This is a whole-expression proposal, not a change to the component entries. Two local contrasts with direct perception; N-103 and N-106.",N-T53 | Proposed; requires review
U02445,ཡིད་དཔྱོད་ཚིག་གི་མཐའ་ཟད་པས། །,,"Because the limit of the words of mental examination is exhausted,",whole-expression proposal,"The word-bound mental operation contrasted with direct perception. Do not silently substitute conceptual mind for yid, mental faculty, or identify this with a particular formal category of inference without evidence. This is a whole-expression proposal, not a change to the component entries. Two local contrasts with direct perception; N-103 and N-106.",N-T53 | Proposed; requires review
U02342,ཆོས་ཉིད་མངོན་སུམ་སྣང་བ་ཡིས། །,,"Through the vision of the direct perception of the nature of phenomena,",recognizable full-expression variant record,"The explicitly introduced set of four visions; local particle omissions, reordered increasing-experience wording and pheb spelling are treated through the corresponding established full expressions. Not a new universal rendering of snang ba as vision, and not permission to amend the Tibetan. The fourth vision at U02348 directly matches its established whole expression. The explicit four-vision sequence U02341–U02349 and all four active whole-expression entries.",N-T54 | Proposed local variant/short-form treatment; requires review
U02344,གོང་དུ་འཕེལ་བའི་ཉམས་སྣང་གིས། །,,"Through the vision of increasing experience,",recognizable full-expression variant record,"The explicitly introduced set of four visions; local particle omissions, reordered increasing-experience wording and pheb spelling are treated through the corresponding established full expressions. Not a new universal rendering of snang ba as vision, and not permission to amend the Tibetan. The fourth vision at U02348 directly matches its established whole expression. The explicit four-vision sequence U02341–U02349 and all four active whole-expression entries.",N-T54 | Proposed local variant/short-form treatment; requires review
U02346,རིག་པ་ཚད་ཕེབ་སྣང་བ་ཡིས། །,,"Through the vision of awareness reaching its limit,",recognizable full-expression variant record,"The explicitly introduced set of four visions; local particle omissions, reordered increasing-experience wording and pheb spelling are treated through the corresponding established full expressions. Not a new universal rendering of snang ba as vision, and not permission to amend the Tibetan. The fourth vision at U02348 directly matches its established whole expression. The explicit four-vision sequence U02341–U02349 and all four active whole-expression entries.",N-T54 | Proposed local variant/short-form treatment; requires review
U02464, ཡང་ནི་བསྒོམ་པའི་སྲོག་ཤིང་བཤད། །,,"Next, the life-tree of cultivation is explained.",metaphor and technical-noun proposals,"The cultivation metaphor and the threefold stabilization expression in the activity passage. These are distinct proposed terms, not synonyms. Do not infer a literal tree, ritual construction, number of nails or contents of the unenumerated three fixings. U02464 and U02482–U02484; N-107 and N-108; active glossary lacks these expressions.",N-T55 | Proposed; requires review; split into separate rows in the proposed glossary
U02483,གཟེར་གསུམ་ལྡན་པ་འབྲལ་མེད་པར། །,,"endowed with three fixings, without separation,",metaphor and technical-noun proposals,"The cultivation metaphor and the threefold stabilization expression in the activity passage. These are distinct proposed terms, not synonyms. Do not infer a literal tree, ritual construction, number of nails or contents of the unenumerated three fixings. U02464 and U02482–U02484; N-107 and N-108; active glossary lacks these expressions.",N-T55 | Proposed; requires review; split into separate rows in the proposed glossary
U02713,འདུ་བྱེད་བཏགས་པའི་འཁྲུལ་པ་ནི། །,,as for the delusion imputed as formations:,new-entry proposals for explicit link categories,"The successive named categories in the source's calculation of delusion; split into separate proposed-glossary rows. These are context-specific whole-expression/category proposals, not changes to established consciousness, ordinary mind, mental faculty or apprehending-subject entries. The source's numerical subdivisions are not equated with a familiar external list. The explicit twelve-connection introduction and the successive source labels; complete active glossary checked; N-118–N-120.",N-T56 | Proposed; requires review and separate rows
U02721,དེ་ཡང་མིང་གཟུགས་འཁྲུལ་པའི་ཆ། །,,"Furthermore, for the portion of delusion of name-and-form:",new-entry proposals for explicit link categories,"The successive named categories in the source's calculation of delusion; split into separate proposed-glossary rows. These are context-specific whole-expression/category proposals, not changes to established consciousness, ordinary mind, mental faculty or apprehending-subject entries. The source's numerical subdivisions are not equated with a familiar external list. The explicit twelve-connection introduction and the successive source labels; complete active glossary checked; N-118–N-120.",N-T56 | Proposed; requires review and separate rows
U02727,སྐྱེ་མཆེད་འཁོར་ལོ་དྲུག་གི་ཡང་། །,,"For the six wheels of the sense bases, too,",new-entry proposals for explicit link categories,"The successive named categories in the source's calculation of delusion; split into separate proposed-glossary rows. These are context-specific whole-expression/category proposals, not changes to established consciousness, ordinary mind, mental faculty or apprehending-subject entries. The source's numerical subdivisions are not equated with a familiar external list. The explicit twelve-connection introduction and the successive source labels; complete active glossary checked; N-118–N-120.",N-T56 | Proposed; requires review and separate rows
U02731,རེག་ཆ་སེམས་ཀྱི་འཁྲུལ་པའི་ལུགས། །,,"For the portion of contact, the manner of ordinary mind's delusion:",new-entry proposals for explicit link categories,"The successive named categories in the source's calculation of delusion; split into separate proposed-glossary rows. These are context-specific whole-expression/category proposals, not changes to established consciousness, ordinary mind, mental faculty or apprehending-subject entries. The source's numerical subdivisions are not equated with a familiar external list. The explicit twelve-connection introduction and the successive source labels; complete active glossary checked; N-118–N-120.",N-T56 | Proposed; requires review and separate rows
U02735,ཚོར་བའི་ཚུལ་ནི་བདུན་གཉིས་ཏེ། །,,The manners of feeling are seven and two.,new-entry proposals for explicit link categories,"The successive named categories in the source's calculation of delusion; split into separate proposed-glossary rows. These are context-specific whole-expression/category proposals, not changes to established consciousness, ordinary mind, mental faculty or apprehending-subject entries. The source's numerical subdivisions are not equated with a familiar external list. The explicit twelve-connection introduction and the successive source labels; complete active glossary checked; N-118–N-120.",N-T56 | Proposed; requires review and separate rows
U02739,སྲེད་པའི་འཁྲུལ་པ་གསུམ་ལྔ་ལས། །,,"From the three and five delusions of craving,",new-entry proposals for explicit link categories,"The successive named categories in the source's calculation of delusion; split into separate proposed-glossary rows. These are context-specific whole-expression/category proposals, not changes to established consciousness, ordinary mind, mental faculty or apprehending-subject entries. The source's numerical subdivisions are not equated with a familiar external list. The explicit twelve-connection introduction and the successive source labels; complete active glossary checked; N-118–N-120.",N-T56 | Proposed; requires review and separate rows
U02743,ལེན་པའི་འཁྲུལ་གཞི་བཅུ་གསུམ་དྲུག །,,"The Grounds of delusion of grasping: thirteen, six. [Numerical grouping unresolved.] [N-120]",new-entry proposals for explicit link categories,"The successive named categories in the source's calculation of delusion; split into separate proposed-glossary rows. These are context-specific whole-expression/category proposals, not changes to established consciousness, ordinary mind, mental faculty or apprehending-subject entries. The source's numerical subdivisions are not equated with a familiar external list. The explicit twelve-connection introduction and the successive source labels; complete active glossary checked; N-118–N-120.",N-T56 | Proposed; requires review and separate rows
U02747,སྲིད་པའི་འཁྲུལ་པ་བཅུ་གཉིས་ལ། །,,"For the twelve delusions of becoming,",new-entry proposals for explicit link categories,"The successive named categories in the source's calculation of delusion; split into separate proposed-glossary rows. These are context-specific whole-expression/category proposals, not changes to established consciousness, ordinary mind, mental faculty or apprehending-subject entries. The source's numerical subdivisions are not equated with a familiar external list. The explicit twelve-connection introduction and the successive source labels; complete active glossary checked; N-118–N-120.",N-T56 | Proposed; requires review and separate rows
U02641,སེམས་བསྐྱེད་སྔོན་དུ་བཏང་ནས་ནི། །,,"first arousing ordinary mind,",construction-level proposals,"The abbreviated introductory intention and the question about practice in chapter two; split into distinct rows. Keep the established ordinary-mind and experience components visible. Do not identify every sems bskyed with the unresolved physiological byang chub sems expression, or treat every len pa as the grasping link. U02636–U02642 and U02659; N-117; active glossary lacks these whole expressions.",N-T57 | Proposed; scope requires review
U02659,ཉམས་སུ་ཅི་ལྟར་ལེན་པ་ལགས། །,,How is [this] to be taken up in experience?,construction-level proposals,"The abbreviated introductory intention and the question about practice in chapter two; split into distinct rows. Keep the established ordinary-mind and experience components visible. Do not identify every sems bskyed with the unresolved physiological byang chub sems expression, or treat every len pa as the grasping link. U02636–U02642 and U02659; N-117; active glossary lacks these whole expressions.",N-T57 | Proposed; scope requires review
U02703,དེ་ལས་ལྷན་ཅིག་སྐྱེས་པ་སྟེ། །,,"From this, there is the co-emergent [ignorance]. [N-T58]",short-form proposals through established whole expressions,The shortened categories immediately following the explicit three-ignorance introduction; use the established co-emergent ignorance and imputing ignorance entries. Brackets show the supplied ignorance noun. Do not automatically read every co-emergent or imputed expression elsewhere as an ignorance category; preserve the source's brtags spelling. U02696–U02710 and the active whole-expression entries; N-118.,N-T58 | Proposed local short-form treatment; requires review
U02708,ཀུན་བརྟགས་ངེས་པའི་རྐྱེན་བཞིའི་ཆ། །,,[imputing ignorance has] four definite conditions: [N-T58],short-form proposals through established whole expressions,The shortened categories immediately following the explicit three-ignorance introduction; use the established co-emergent ignorance and imputing ignorance entries. Brackets show the supplied ignorance noun. Do not automatically read every co-emergent or imputed expression elsewhere as an ignorance category; preserve the source's brtags spelling. U02696–U02710 and the active whole-expression entries; N-118.,N-T58 | Proposed local short-form treatment; requires review
U02591,བརྟེན་ནས་ལས་རླུང་སྤྱད་པ་ཡིས། །,,"relying on these and engaging in karmic wind,",component-preserving compound proposal,The wind engaged in the miracle-training sequence. Do not change the established wind-mind compound or collapse karma and wind elsewhere. Karmic is an adjectival rendering of the explicit las component. U02591 and N-114; active glossary has rlung but no las rlung whole entry.,N-T59 | Proposed; requires review
U02524,ལུས་ཟུངས་ལྡན་ཞིང་སྟོབས་བསྐྱེད་འགྱུར། །,,"the bodily constituents are sustained, and strength develops.",new-entry proposal,What is said to be sustained through the meat-based preparation. Do not supply a conventional number or identify the constituents with modern tissues without evidence. The source claim does not establish nutritional efficacy. U02523–U02524 and N-110; no whole-expression entry in the active glossary.,N-T60 | Proposed; requires review
U02648,འདས་པའི་ཐ་མ་གང་གིས་བཟུང་། །,,By what is the final extent of passing beyond [sorrow] grasped? [N-117] [N-122],contextual short-form proposal,"The question's final extent is clarified by the corresponding reply's full mya ngan 'das pa; the associated liberation-path contexts permit the shorter transcendence wording provisionally. Do not apply this to every temporal past expression. U02769 is full-form evidence, not itself an abbreviation. Preserve the supplied sorrow in brackets where it is absent. Exact question/answer repetition at U02648 and U02769; N-122 and the translation-decision log.",N-T61 | Proposed local clarification; requires review
U02769,མྱ་ངན་འདས་པའི་ཐ་མ་ནི། །,,The final extent of passing beyond sorrow:,contextual short-form proposal,"The question's final extent is clarified by the corresponding reply's full mya ngan 'das pa; the associated liberation-path contexts permit the shorter transcendence wording provisionally. Do not apply this to every temporal past expression. U02769 is full-form evidence, not itself an abbreviation. Preserve the supplied sorrow in brackets where it is absent. Exact question/answer repetition at U02648 and U02769; N-122 and the translation-decision log.",N-T61 | Proposed local clarification; requires review
U02773,འདས་པ་གཞག་ཕྱིར་སེམས་ཅན་ཁམས། །,,"To posit transcendence, the realm of sentient beings,",contextual short-form proposal,"The question's final extent is clarified by the corresponding reply's full mya ngan 'das pa; the associated liberation-path contexts permit the shorter transcendence wording provisionally. Do not apply this to every temporal past expression. U02769 is full-form evidence, not itself an abbreviation. Preserve the supplied sorrow in brackets where it is absent. Exact question/answer repetition at U02648 and U02769; N-122 and the translation-decision log.",N-T61 | Proposed local clarification; requires review
U02972,འདས་པའི་ལམ་གྱི་སྣ་བཟུང་ནས། །,,"Taking the lead on the path of transcendence,",contextual short-form proposal,"The question's final extent is clarified by the corresponding reply's full mya ngan 'das pa; the associated liberation-path contexts permit the shorter transcendence wording provisionally. Do not apply this to every temporal past expression. U02769 is full-form evidence, not itself an abbreviation. Preserve the supplied sorrow in brackets where it is absent. Exact question/answer repetition at U02648 and U02769; N-122 and the translation-decision log.",N-T61 | Proposed local clarification; requires review
U02872,ཙིཏྟ་རིན་ཆེན་གཞལ་ཡས་སུ། །,,"in the precious palace of the heart (citta), [N-125]",contextual lexical proposals,"The bodily channel/eye-door account; split into three proposed rows. Heart is a contextual proposal for citta, while the source designations remain visible. Do not globally translate Sanskrit citta as anatomical heart or alter ordinary mind as the sems mapping. Do not identify the named coil, a-bras or channel system with modern structures. The buffalo identification remains provisional. The body/citta/eye path and horn simile in the selected source; N-125, N-126 and N-128.",N-T62 | Proposed; requires review
U02885,རྡོ་རྗེ་ལུ་གུ་རྒྱུད་གནས་ཙིཏྟ་ནས་སྒོ་མིག་ནས་ཡུལ་ནམ་མཁའ་ལ་ཡེ་ཤེས་དངོས་སུ་འཆར་རོ །,,"[Source gloss: From their abode, the heart (citta), through the door of the eyes, primordial knowing actually arises as vajra chains in the object, space.] [N-125] [N-126]",contextual lexical proposals,"The bodily channel/eye-door account; split into three proposed rows. Heart is a contextual proposal for citta, while the source designations remain visible. Do not globally translate Sanskrit citta as anatomical heart or alter ordinary mind as the sems mapping. Do not identify the named coil, a-bras or channel system with modern structures. The buffalo identification remains provisional. The body/citta/eye path and horn simile in the selected source; N-125, N-126 and N-128.",N-T62 | Proposed; requires review
U02946,ཙཀྵུ་ཞེས་པའི་སྒོ་ལས་འཐོན། །,,emerges through the door called cakṣu (‘eye’). [N-128],contextual lexical proposals,"The bodily channel/eye-door account; split into three proposed rows. Heart is a contextual proposal for citta, while the source designations remain visible. Do not globally translate Sanskrit citta as anatomical heart or alter ordinary mind as the sems mapping. Do not identify the named coil, a-bras or channel system with modern structures. The buffalo identification remains provisional. The body/citta/eye path and horn simile in the selected source; N-125, N-126 and N-128.",N-T62 | Proposed; requires review
U02954,བ་མིན་རྭ་འདྲའི་འཁྱིལ་པ་ལས། །,,"from a coil like a buffalo's horn (ba-min), [N-128]",contextual lexical proposals,"The bodily channel/eye-door account; split into three proposed rows. Heart is a contextual proposal for citta, while the source designations remain visible. Do not globally translate Sanskrit citta as anatomical heart or alter ordinary mind as the sems mapping. Do not identify the named coil, a-bras or channel system with modern structures. The buffalo identification remains provisional. The body/citta/eye path and horn simile in the selected source; N-125, N-126 and N-128.",N-T62 | Proposed; requires review
U02898,རོ་མ་རྐྱང་མ་ཀུན་འདར་མ། །,,"Roma, Kyangma, and Kundarma—",channel-name and local designation proposals,"The named bodily channels and the separately expressed central support in the second-chapter path account; split into four rows. Preserve the source's syllabic explanations separately. Do not substitute external Sanskrit channel names, identify Kundarma with the central channel by assumption, or use central channel for the philosophical Middle Way. U02895–U02942 and N-127; the active glossary lacks these channel entries.",N-T63 | Proposed source-based name treatment; requires review
U02900,དབུ་མས་འཁོར་ལོ་བཞི་རྟེན་བྱས། །,,The central [channel] supports the four wheels. [N-127],channel-name and local designation proposals,"The named bodily channels and the separately expressed central support in the second-chapter path account; split into four rows. Preserve the source's syllabic explanations separately. Do not substitute external Sanskrit channel names, identify Kundarma with the central channel by assumption, or use central channel for the philosophical Middle Way. U02895–U02942 and N-127; the active glossary lacks these channel entries.",N-T63 | Proposed source-based name treatment; requires review
U02905,རོ་མས་རོ་རྣམས་འཁོར་ལོ་ལ། །,,"Through Roma, tastes enter the wheels:",channel-name and local designation proposals,"The named bodily channels and the separately expressed central support in the second-chapter path account; split into four rows. Preserve the source's syllabic explanations separately. Do not substitute external Sanskrit channel names, identify Kundarma with the central channel by assumption, or use central channel for the philosophical Middle Way. U02895–U02942 and N-127; the active glossary lacks these channel entries.",N-T63 | Proposed source-based name treatment; requires review
U02916,རྐྱང་མས་སྐྱེད་བྱེད་འཁོར་ལོ་ལ། །,,"Through Kyangma, in the generative wheel,",channel-name and local designation proposals,"The named bodily channels and the separately expressed central support in the second-chapter path account; split into four rows. Preserve the source's syllabic explanations separately. Do not substitute external Sanskrit channel names, identify Kundarma with the central channel by assumption, or use central channel for the philosophical Middle Way. U02895–U02942 and N-127; the active glossary lacks these channel entries.",N-T63 | Proposed source-based name treatment; requires review
U02928,ཀུན་འདར་མས་ནི་དྲན་པ་དང༌། །,,"Through Kundarma, mindfulness",channel-name and local designation proposals,"The named bodily channels and the separately expressed central support in the second-chapter path account; split into four rows. Preserve the source's syllabic explanations separately. Do not substitute external Sanskrit channel names, identify Kundarma with the central channel by assumption, or use central channel for the philosophical Middle Way. U02895–U02942 and N-127; the active glossary lacks these channel entries.",N-T63 | Proposed source-based name treatment; requires review
U02967,རྒྱང་ཞགས་ལས་ནི་གཟུགས་སྡུད་སྟེ། །,,The water lamp of the far-reaching lasso gathers forms. [N-T64],local lamp short-form proposals,"The explicitly introduced four-lamp account; the first two short forms are rendered through established whole entries, while the latter two retain their recognizable shortened wording. Do not name an unexpressed fourth lamp or translate every sphere or lasso as a lamp. Keep discerning knowing visible and record the near-full naturally arising lamp form separately as a recognizable whole-expression variant. U02964–U03000 and the four active lamp entries; N-129 and N-130.",N-T64 | Proposed local short-form usage; requires review
U02971,ཐིག་ལེ་སྟོང་པས་ལས་ཀུན་བྱེད། །,,The lamp of the empty sphere performs all activities. [N-T64],local lamp short-form proposals,"The explicitly introduced four-lamp account; the first two short forms are rendered through established whole entries, while the latter two retain their recognizable shortened wording. Do not name an unexpressed fourth lamp or translate every sphere or lasso as a lamp. Keep discerning knowing visible and record the near-full naturally arising lamp form separately as a recognizable whole-expression variant. U02964–U03000 and the four active lamp entries; N-129 and N-130.",N-T64 | Proposed local short-form usage; requires review
U02993,རྒྱང་ཞགས་འགུལ་པ་མེད་པ་གནད། །,,The crucial point of the water lamp of the far-reaching lasso is nonmovement. [N-T64],local lamp short-form proposals,"The explicitly introduced four-lamp account; the first two short forms are rendered through established whole entries, while the latter two retain their recognizable shortened wording. Do not name an unexpressed fourth lamp or translate every sphere or lasso as a lamp. Keep discerning knowing visible and record the near-full naturally arising lamp form separately as a recognizable whole-expression variant. U02964–U03000 and the four active lamp entries; N-129 and N-130.",N-T64 | Proposed local short-form usage; requires review
U02995,ཤེས་རབ་སྒྲོན་མ་སྦྱང་བའི་གནད། །,,The crucial point of the discerning-knowing lamp is training.,local lamp short-form proposals,"The explicitly introduced four-lamp account; the first two short forms are rendered through established whole entries, while the latter two retain their recognizable shortened wording. Do not name an unexpressed fourth lamp or translate every sphere or lasso as a lamp. Keep discerning knowing visible and record the near-full naturally arising lamp form separately as a recognizable whole-expression variant. U02964–U03000 and the four active lamp entries; N-129 and N-130.",N-T64 | Proposed local short-form usage; requires review
U02998,ཐིག་ལེའི་སྒྲོན་མ་གཏེམས་པ་གནད། །,,The crucial point of the sphere lamp is packing.,local lamp short-form proposals,"The explicitly introduced four-lamp account; the first two short forms are rendered through established whole entries, while the latter two retain their recognizable shortened wording. Do not name an unexpressed fourth lamp or translate every sphere or lasso as a lamp. Keep discerning knowing visible and record the near-full naturally arising lamp form separately as a recognizable whole-expression variant. U02964–U03000 and the four active lamp entries; N-129 and N-130.",N-T64 | Proposed local short-form usage; requires review
U00320,ཆུ་ནི་དྭངས་མ་སྡུད་པ་དང་། །,,Water gathers the refined part,lexical and component-distinction proposals,"Refined/turbid portions in elemental and bodily contexts, and the splendor terms in the body-to-vision description; split into distinct source-expression rows. Preserve gdangs as radiance and ngo bo as essence; do not silently turn every refined part into essence or identify it with a modern substance. Standalone mdangs at U02865 is a local shortened repetition, not a global synonym rule. The earlier refined-part rendering and explicit contrasts in the current source; N-125, N-127 and N-129.",N-T65 | Proposed; requires review
U02860,ལུས་ཀྱི་བཀྲག་དང་གཟི་མདངས་ནི། །,,The body's luster and splendor,lexical and component-distinction proposals,"Refined/turbid portions in elemental and bodily contexts, and the splendor terms in the body-to-vision description; split into distinct source-expression rows. Preserve gdangs as radiance and ngo bo as essence; do not silently turn every refined part into essence or identify it with a modern substance. Standalone mdangs at U02865 is a local shortened repetition, not a global synonym rule. The earlier refined-part rendering and explicit contrasts in the current source; N-125, N-127 and N-129.",N-T65 | Proposed; requires review
U02865,མདངས་དང་བཅས་ཏེ་ཁྱབ་པའོ། །,,[primordial knowing] pervades together with splendor. [N-125],lexical and component-distinction proposals,"Refined/turbid portions in elemental and bodily contexts, and the splendor terms in the body-to-vision description; split into distinct source-expression rows. Preserve gdangs as radiance and ngo bo as essence; do not silently turn every refined part into essence or identify it with a modern substance. Standalone mdangs at U02865 is a local shortened repetition, not a global synonym rule. The earlier refined-part rendering and explicit contrasts in the current source; N-125, N-127 and N-129.",N-T65 | Proposed; requires review
U02909,མས་ནི་དྭངས་མ་སྡུད་པ་དང༌། །,,Ma [‘mother’] gathers the refined parts,lexical and component-distinction proposals,"Refined/turbid portions in elemental and bodily contexts, and the splendor terms in the body-to-vision description; split into distinct source-expression rows. Preserve gdangs as radiance and ngo bo as essence; do not silently turn every refined part into essence or identify it with a modern substance. Standalone mdangs at U02865 is a local shortened repetition, not a global synonym rule. The earlier refined-part rendering and explicit contrasts in the current source; N-125, N-127 and N-129.",N-T65 | Proposed; requires review
U02920,མས་ནི་སྙིགས་མ་སེལ་བ་དང༌། །,,Ma [‘mother’] clears away the turbid parts,lexical and component-distinction proposals,"Refined/turbid portions in elemental and bodily contexts, and the splendor terms in the body-to-vision description; split into distinct source-expression rows. Preserve gdangs as radiance and ngo bo as essence; do not silently turn every refined part into essence or identify it with a modern substance. Standalone mdangs at U02865 is a local shortened repetition, not a global synonym rule. The earlier refined-part rendering and explicit contrasts in the current source; N-125, N-127 and N-129.",N-T65 | Proposed; requires review
U02921,ངོ་བོའི་གཟི་མདངས་བསྐྱེད་པའོ། །,,and generates the splendor of essence.,lexical and component-distinction proposals,"Refined/turbid portions in elemental and bodily contexts, and the splendor terms in the body-to-vision description; split into distinct source-expression rows. Preserve gdangs as radiance and ngo bo as essence; do not silently turn every refined part into essence or identify it with a modern substance. Standalone mdangs at U02865 is a local shortened repetition, not a global synonym rule. The earlier refined-part rendering and explicit contrasts in the current source; N-125, N-127 and N-129.",N-T65 | Proposed; requires review
U02945,ལུས་བཅུད་དྭངས་མ་ཀུན་འདུས་པའི། །,,the gathering of all refined bodily vital essence,lexical and component-distinction proposals,"Refined/turbid portions in elemental and bodily contexts, and the splendor terms in the body-to-vision description; split into distinct source-expression rows. Preserve gdangs as radiance and ngo bo as essence; do not silently turn every refined part into essence or identify it with a modern substance. Standalone mdangs at U02865 is a local shortened repetition, not a global synonym rule. The earlier refined-part rendering and explicit contrasts in the current source; N-125, N-127 and N-129.",N-T65 | Proposed; requires review
U02973,རླུང་གིས་བཀྲག་དང་གཟི་མདངས་བསྐྱེད། །,,through wind it generates luster and splendor;,lexical and component-distinction proposals,"Refined/turbid portions in elemental and bodily contexts, and the splendor terms in the body-to-vision description; split into distinct source-expression rows. Preserve gdangs as radiance and ngo bo as essence; do not silently turn every refined part into essence or identify it with a modern substance. Standalone mdangs at U02865 is a local shortened repetition, not a global synonym rule. The earlier refined-part rendering and explicit contrasts in the current source; N-125, N-127 and N-129.",N-T65 | Proposed; requires review
U02979,དབྱིངས་ཀྱི་དྭངས་མ་སྡུད་པ་དང༌། །,,"Gathering the refined part of basic space,",lexical and component-distinction proposals,"Refined/turbid portions in elemental and bodily contexts, and the splendor terms in the body-to-vision description; split into distinct source-expression rows. Preserve gdangs as radiance and ngo bo as essence; do not silently turn every refined part into essence or identify it with a modern substance. Standalone mdangs at U02865 is a local shortened repetition, not a global synonym rule. The earlier refined-part rendering and explicit contrasts in the current source; N-125, N-127 and N-129.",N-T65 | Proposed; requires review
U02850,གཞན་ཡང་སྣོད་དང་བཅུད་དག་གི། །,,"Furthermore, of the environment and its inhabitants,",whole-expression proposal,"The paired external world and beings in the elemental-activity account. Not a new standalone mapping of bcud, vital essence; preserve taking nourishment from vital essences in its distinct compound and context. U02850–U02856 and N-124; no whole-expression entry in the active glossary.",N-T66 | Proposed; requires review
U02810,ཡོངས་སུ་རྫོགས་པའི་ཏིང་འཛིན་གནས། །,,one abides in fully complete deep absorption.,recognizable short-form proposal,"The shortened form of ting nge 'dzin in the nondelusion account. Keep distinct from bsam gtan, meditative stabilization, and from cultivation or equipoise. This does not permit arbitrary expansion of every 'dzin word. U02810 and the active ting nge 'dzin entry; N-123.",N-T67 | Proposed local short-form usage; requires review
U01075,སེམས་ཅན་ཉོན་མོངས་མངོན་མེད་ཀྱང༌། །,,"although sentient beings' afflictions are not manifest,",whole-expression proposal,"The latent factor named in the arising-of-beings and delusion accounts; validate exact occurrences before generating the final concordance. Keep distinct from bag chags, habitual tendencies. Do not infer a modern unconscious mechanism or silently supply a list of dormant tendencies. The explicit latent/arising sequences; N-052, N-121 and N-124; active glossary lacks this whole expression.",N-T68 | Proposed; requires review and occurrence validation
U01076,བག་ལ་ཉལ་བ་ལངས་པའི་དབང་། །,,"through the force of dormant tendencies rising up,",whole-expression proposal,"The latent factor named in the arising-of-beings and delusion accounts; validate exact occurrences before generating the final concordance. Keep distinct from bag chags, habitual tendencies. Do not infer a modern unconscious mechanism or silently supply a list of dormant tendencies. The explicit latent/arising sequences; N-052, N-121 and N-124; active glossary lacks this whole expression.",N-T68 | Proposed; requires review and occurrence validation
U02758,བག་ལ་ཉལ་དང་ཀུན་འཁོར་རོ། །,,[there are] dormant tendencies and circling everywhere. [N-121],whole-expression proposal,"The latent factor named in the arising-of-beings and delusion accounts; validate exact occurrences before generating the final concordance. Keep distinct from bag chags, habitual tendencies. Do not infer a modern unconscious mechanism or silently supply a list of dormant tendencies. The explicit latent/arising sequences; N-052, N-121 and N-124; active glossary lacks this whole expression.",N-T68 | Proposed; requires review and occurrence validation
U02821,དེ་ལས་བག་ལ་ཉལ་བ་ཉིད། །,,"From this, dormant tendencies themselves,",whole-expression proposal,"The latent factor named in the arising-of-beings and delusion accounts; validate exact occurrences before generating the final concordance. Keep distinct from bag chags, habitual tendencies. Do not infer a modern unconscious mechanism or silently supply a list of dormant tendencies. The explicit latent/arising sequences; N-052, N-121 and N-124; active glossary lacks this whole expression.",N-T68 | Proposed; requires review and occurrence validation
U02816,འཁྲུལ་འཁོར་རྩིས་ཀྱི་གཞི་མར་བྱུང༌། །,,arises as the foundation of calculating delusion's mechanism.,additional contextual-use proposal,"The support of a calculation and the support of upper/lower bodily abodes, separately recorded from the earlier body/teaching foundation proposal. The technical Ground at U02841 and elsewhere remains unchanged. This is not a global replacement of gzhi or gzhi ma. The local support constructions in N-124 and N-127; active Ground entry checked.",N-T69 | Proposed contextual use; requires review
U02910,གོང་འོག་གནས་ཀྱི་གཞི་མ་བྱེད། །,,and makes a foundation for the upper and lower abodes. [N-127],additional contextual-use proposal,"The support of a calculation and the support of upper/lower bodily abodes, separately recorded from the earlier body/teaching foundation proposal. The technical Ground at U02841 and elsewhere remains unchanged. This is not a global replacement of gzhi or gzhi ma. The local support constructions in N-124 and N-127; active Ground entry checked.",N-T69 | Proposed contextual use; requires review
U03039,དབྱིངས་ཉིད་དག་པའི་མཚན་ཉིད་ནི། །,,The characteristics of pure basic space itself:,local abbreviated lamp designation record,Shortened naming within the explicit four-lamp characteristic/support sequence. Recognize the relationship to the established lamp of perfectly pure basic space without inserting a lamp label into every basic-space expression. Keep the source's different word orders visible in the concordance. U03019–U03112 and the active full lamp entry; N-132 and N-135.,N-T70 | Proposed local short-form treatment; requires review
U03109,རྣམ་དག་དབྱིངས་ཀྱི་བརྟེན་པ་ནི། །,,Perfectly pure basic space relies on,local abbreviated lamp designation record,Shortened naming within the explicit four-lamp characteristic/support sequence. Recognize the relationship to the established lamp of perfectly pure basic space without inserting a lamp label into every basic-space expression. Keep the source's different word orders visible in the concordance. U03019–U03112 and the active full lamp entry; N-132 and N-135.,N-T70 | Proposed local short-form treatment; requires review
U03001,དབྱིངས་ཀྱི་གནད་ནི་འཁྲིད་པ་སྟེ། །,,The crucial point of basic space is guiding.,technical-action proposals,"The named teaching actions and the guiding operation in the lamp practice; split expressions into separate rows. Do not conflate pointing out, decisive resolution and guiding. The visual-practice sense of guiding remains provisional and does not supply an omitted procedure. The explicit action lists and guiding account; N-131 and N-134; active glossary checked.",N-T71 | Proposed; requires contextual review
U03003,ལེགས་པར་སྦྱང་སྟེ་ཁྲིད་པར་བྱ། །,,should train thoroughly and guide [this]. [N-131],technical-action proposals,"The named teaching actions and the guiding operation in the lamp practice; split expressions into separate rows. Do not conflate pointing out, decisive resolution and guiding. The visual-practice sense of guiding remains provisional and does not supply an omitted procedure. The explicit action lists and guiding account; N-131 and N-134; active glossary checked.",N-T71 | Proposed; requires contextual review
U03010,ཁྲིད་ལ་མཁས་པས་སྣང་བར་འགྱུར། །,,appears to one skilled in guiding. [N-131],technical-action proposals,"The named teaching actions and the guiding operation in the lamp practice; split expressions into separate rows. Do not conflate pointing out, decisive resolution and guiding. The visual-practice sense of guiding remains provisional and does not supply an omitted procedure. The explicit action lists and guiding account; N-131 and N-134; active glossary checked.",N-T71 | Proposed; requires contextual review
U03079,ངོ་སྤྲོད་པ་དང་འཁྲིད་པ་དང༌། །,,"pointing out, guiding,",technical-action proposals,"The named teaching actions and the guiding operation in the lamp practice; split expressions into separate rows. Do not conflate pointing out, decisive resolution and guiding. The visual-practice sense of guiding remains provisional and does not supply an omitted procedure. The explicit action lists and guiding account; N-131 and N-134; active glossary checked.",N-T71 | Proposed; requires contextual review
U03080,ལ་བཟླ་ཤན་དབྱེ་དག་གིས་སོ། །,,"decisive resolution, and distinguishing. [N-134]",technical-action proposals,"The named teaching actions and the guiding operation in the lamp practice; split expressions into separate rows. Do not conflate pointing out, decisive resolution and guiding. The visual-practice sense of guiding remains provisional and does not supply an omitted procedure. The explicit action lists and guiding account; N-131 and N-134; active glossary checked.",N-T71 | Proposed; requires contextual review
U03046,ལུ་གུ་རྒྱུད་ནི་སྲང་ནས་འདྲེན། །,,They draw vajra chains from the balance (srang). [N-133],unresolved usage proposals,"Difficult expressions in the lamp/vision account, retained with source-form queries; split into separate rows. These are not approved identifications. Do not infer a literal weighing instrument, substitute a channel interpretation, or claim the aspiration/convergence issue has been resolved. The two srang occurrences and the two related 'dun constructions; N-133 and N-135.",N-T72 | Provisional renderings; lexical/contextual resolution outstanding
U03050,སྐུ་དང་ཐིག་ལེ་འདུན་པའོ། །,,There is aspiration for embodiments and spheres. [N-133],unresolved usage proposals,"Difficult expressions in the lamp/vision account, retained with source-form queries; split into separate rows. These are not approved identifications. Do not infer a literal weighing instrument, substitute a channel interpretation, or claim the aspiration/convergence issue has been resolved. The two srang occurrences and the two related 'dun constructions; N-133 and N-135.",N-T72 | Provisional renderings; lexical/contextual resolution outstanding
U03125,འཁོར་འདས་གཉིས་ཀྱི་འདུན་ས་འཇིག །,,"the point of aim of samsara and nirvana, the two, is destroyed. [N-135]",unresolved usage proposals,"Difficult expressions in the lamp/vision account, retained with source-form queries; split into separate rows. These are not approved identifications. Do not infer a literal weighing instrument, substitute a channel interpretation, or claim the aspiration/convergence issue has been resolved. The two srang occurrences and the two related 'dun constructions; N-133 and N-135.",N-T72 | Provisional renderings; lexical/contextual resolution outstanding
U03128,རིག་པ་སྲང་ལ་བཏབ་ནས་ནི། །,,"Having placed awareness on the balance (srang),",unresolved usage proposals,"Difficult expressions in the lamp/vision account, retained with source-form queries; split into separate rows. These are not approved identifications. Do not infer a literal weighing instrument, substitute a channel interpretation, or claim the aspiration/convergence issue has been resolved. The two srang occurrences and the two related 'dun constructions; N-133 and N-135.",N-T72 | Provisional renderings; lexical/contextual resolution outstanding
U03141,ཆུ་ཡིས་ས་ནི་ལས་དག་པས། །,,"water's earth, its activity purified,",non-obvious grammatical-use proposal,"Provisional paired-element labels despite the source's alternation of instrumental-looking and genitive particles; additional pairs follow the same explicitly grouped passage. Not a global conversion of instrumental particles to possessives, and not a validated causal matrix. Preserve the duplicated water/wind entry and source query. The grouped elemental sequence U03135–U03167; N-136.",N-T73 | Proposed construction-level reading; requires review
U03144,ཆུ་ཡི་མེས་ནི་ཟིན་སྐྱེན་བརྗེད། །,,Water's fire grasps readily and forgets.,non-obvious grammatical-use proposal,"Provisional paired-element labels despite the source's alternation of instrumental-looking and genitive particles; additional pairs follow the same explicitly grouped passage. Not a global conversion of instrumental particles to possessives, and not a validated causal matrix. Preserve the duplicated water/wind entry and source query. The grouped elemental sequence U03135–U03167; N-136.",N-T73 | Proposed construction-level reading; requires review
U03153,ས་ཡི་ཆུ་ཡིས་ཚིག་འཕེལ་དང༌། །,,earth's water increases words,non-obvious grammatical-use proposal,"Provisional paired-element labels despite the source's alternation of instrumental-looking and genitive particles; additional pairs follow the same explicitly grouped passage. Not a global conversion of instrumental particles to possessives, and not a validated causal matrix. Preserve the duplicated water/wind entry and source query. The grouped elemental sequence U03135–U03167; N-136.",N-T73 | Proposed construction-level reading; requires review
U03160,མེ་ཡིས་ས་ནི་དབང་པོ་རྒྱས། །,,Fire's earth expands the faculties.,non-obvious grammatical-use proposal,"Provisional paired-element labels despite the source's alternation of instrumental-looking and genitive particles; additional pairs follow the same explicitly grouped passage. Not a global conversion of instrumental particles to possessives, and not a validated causal matrix. Preserve the duplicated water/wind entry and source query. The grouped elemental sequence U03135–U03167; N-136.",N-T73 | Proposed construction-level reading; requires review
U03164,རླུང་གིས་ས་ནི་དོན་སྤྱོད་ཆེ། །,,Wind's earth has great engagement with meaning.,non-obvious grammatical-use proposal,"Provisional paired-element labels despite the source's alternation of instrumental-looking and genitive particles; additional pairs follow the same explicitly grouped passage. Not a global conversion of instrumental particles to possessives, and not a validated causal matrix. Preserve the duplicated water/wind entry and source query. The grouped elemental sequence U03135–U03167; N-136.",N-T73 | Proposed construction-level reading; requires review
U03157,ས་ཡི་རླུང་གིས་རྨུགས་པ་དང་། །,,Earth's wind [brings] stupefaction,lexical proposals and unresolved expression,"The elemental mental-state effect, the speech-capacity expression and the vessel-color simile; split into three rows. Keep stupefaction distinct from dull confusion and dullness. Store of words and glass remain provisional, with the man-shel source form retained in the translation. No modern material or clinical identity is established. The complete local clauses; N-136, N-137 and N-139; active glossary lacks these expressions.",N-T74 | Proposed; requires review
U03189,མན་ཤེལ་མདོག་ཀྱང་འགྱུར་བ་བཞིན། །,,"just as the color of glass (man-shel), too, changes,",lexical proposals and unresolved expression,"The elemental mental-state effect, the speech-capacity expression and the vessel-color simile; split into three rows. Keep stupefaction distinct from dull confusion and dullness. Store of words and glass remain provisional, with the man-shel source form retained in the translation. No modern material or clinical identity is established. The complete local clauses; N-136, N-137 and N-139; active glossary lacks these expressions.",N-T74 | Proposed; requires review
U03222,ངག་གི་ནུས་རྫོགས་གཏམ་ཟུངས་ཟད། །,,Speech's capacity is complete; its store of words is exhausted.,lexical proposals and unresolved expression,"The elemental mental-state effect, the speech-capacity expression and the vessel-color simile; split into three rows. Keep stupefaction distinct from dull confusion and dullness. Store of words and glass remain provisional, with the man-shel source form retained in the translation. No modern material or clinical identity is established. The complete local clauses; N-136, N-137 and N-139; active glossary lacks these expressions.",N-T74 | Proposed; requires review
U03239,བདེན་སྣང་རྫུན་པ་ཡིད་ཀྱི་ལུས། །,,"Appearing true, though false, is the body of mental faculty.",component-preserving whole-expression proposal,"The body described in the appearances-of-becoming passage. Retain yid as mental faculty and lus as body, not embodiment or ordinary mind. Do not assume this expression identifies a modern psychological or physical entity. U03237–U03241 and the active component entries; N-140.",N-T75 | Proposed; requires review
U03249,རང་གསལ་གནས་པའི་སེམས་དེ་ནི། །,,"That ordinary mind, abiding in its own clarity,",grammatical-use proposal,"The description of ordinary mind in the liberation account. A local grammatical rendering, not a replacement for the established whole expression self-clear mindfulness. Do not change ordinary mind to awareness or introduce intrinsic nature where absent. U03243–U03250 and N-141; related active self-clear-mindfulness entry checked.",N-T76 | Proposed grammatical use; requires review
U03026,མི་རྟོག་ཡེ་ཤེས་གཞི་མ་འཛིན། །,,they hold the foundation of non-conceptual primordial knowing. [N-132],additional contextual foundation proposal,The support held or gathered in the non-conceptual primordial-knowing and discerning-knowing lamp descriptions. Not a global replacement for the Ground. Whether these clauses instead require the technical Ground sense remains an open review question. U03025–U03034 and N-132; recorded separately from physical and calculation-support uses.,N-T77 | Proposed contextual use; requires review
U03032,གསལ་བའི་ཚིག་འཇུག་གཞི་མ་སྡུད། །,,"entering clear words, it gathers the foundation;",additional contextual foundation proposal,The support held or gathered in the non-conceptual primordial-knowing and discerning-knowing lamp descriptions. Not a global replacement for the Ground. Whether these clauses instead require the technical Ground sense remains an open review question. U03025–U03034 and N-132; recorded separately from physical and calculation-support uses.,N-T77 | Proposed contextual use; requires review
U01642,སྒྲ་དང་བཟོ་དང་སྒྱུ་རྩལ་དང་། །,,"Through training in word, craft, illusory expressiveness,",lexical/component-preserving proposals,"The craft and illusion-related activities in practice lists; validate the full compound and nearby form at each occurrence. Do not extend contriver or contrivance from their established longer expressions to every bzo occurrence. Preserve rtsal as expressiveness and do not equate all illusion vocabulary with a single technical category. The explicit word/craft and visual-practice lists; N-077, N-114 and N-138.",N-T78 | Proposed; requires review and occurrence validation
U02588,སྒྲ་དང་བཟོ་དང་རྟེན་འབྲེལ་དང༌། །,,"Word, craft, and dependent connections;",lexical/component-preserving proposals,"The craft and illusion-related activities in practice lists; validate the full compound and nearby form at each occurrence. Do not extend contriver or contrivance from their established longer expressions to every bzo occurrence. Preserve rtsal as expressiveness and do not equate all illusion vocabulary with a single technical category. The explicit word/craft and visual-practice lists; N-077, N-114 and N-138.",N-T78 | Proposed; requires review and occurrence validation
U03198,བཟོ་དང་སྒྱུ་རྩལ་ཐ་དད་དང༌། །,,"different crafts and illusory expressiveness,",lexical/component-preserving proposals,"The craft and illusion-related activities in practice lists; validate the full compound and nearby form at each occurrence. Do not extend contriver or contrivance from their established longer expressions to every bzo occurrence. Preserve rtsal as expressiveness and do not equate all illusion vocabulary with a single technical category. The explicit word/craft and visual-practice lists; N-077, N-114 and N-138.",N-T78 | Proposed; requires review and occurrence validation
U03251,དུས་ཀྱིས་གྲོལ་བས་ལྟོས་གཞི་མེད། །,,"Liberated through time, there is no basis of dependence.",contextual construction proposals,"Complete constructions in the liberation/compassionate-responsiveness account; split into separate rows and retain the source's negations outside the lexical phrases. Not a change to the technical Ground elsewhere. The cer spelling and nakedly interpretation remain provisional, not a silent emendation to gcer. U03251–U03263; N-142 and N-143; full active glossary checked.",N-T79 | Proposed; requires review
U03255,ཡེ་ནས་གྲོལ་བས་བསྐྱར་གཞི་མེད། །,,"Liberated from the outset, there is nothing to repeat.",contextual construction proposals,"Complete constructions in the liberation/compassionate-responsiveness account; split into separate rows and retain the source's negations outside the lexical phrases. Not a change to the technical Ground elsewhere. The cer spelling and nakedly interpretation remain provisional, not a silent emendation to gcer. U03251–U03263; N-142 and N-143; full active glossary checked.",N-T79 | Proposed; requires review
U03257,ཅེར་གྱིས་གྲོལ་བས་མཐོང་སར་ཡལ། །,,"Liberated nakedly, it vanishes where it is seen.",contextual construction proposals,"Complete constructions in the liberation/compassionate-responsiveness account; split into separate rows and retain the source's negations outside the lexical phrases. Not a change to the technical Ground elsewhere. The cer spelling and nakedly interpretation remain provisional, not a silent emendation to gcer. U03251–U03263; N-142 and N-143; full active glossary checked.",N-T79 | Proposed; requires review
U03263,རང་བཞིན་ཤུགས་ཀྱིས་འཆང་གཞི་བྱེད། །,,"intrinsic nature, by its own momentum, serves as a support for holding. [N-143]",contextual construction proposals,"Complete constructions in the liberation/compassionate-responsiveness account; split into separate rows and retain the source's negations outside the lexical phrases. Not a change to the technical Ground elsewhere. The cer spelling and nakedly interpretation remain provisional, not a silent emendation to gcer. U03251–U03263; N-142 and N-143; full active glossary checked.",N-T79 | Proposed; requires review
U03277,ཡུལ་དངོས་དག་པས་མེ་ལོང་སྟེ། །,མཉམ་ཉིད་ = Evenness; ཆོས་དབྱིངས་ = Basic space of phenomena,"Through objects and entities being pure, there is the mirror-like [primordial knowing],",fivefold name proposals and established-term short form,"The explicitly coordinated fivefold primordial-knowing list; split into five rows. Discriminating primordial knowing uses the established full expression through a local spelling/short-form proposal; the other full names remain proposals. Do not globally expand mirror, evenness or basic space into primordial-knowing names. Retain the source's rtogs spelling and the two listed sequences without altering Tibetan. The abbreviated predicates at U03277–U03282 and explicit ye shes list at U03306–U03307; active discriminating-primordial-knowing entry consulted.",N-T80 | Proposed; requires review
U03279,ཕྱོགས་རིས་མེད་པའི་མཉམ་པ་ཉིད། །,མཉམ་ཉིད་ = Evenness; ཆོས་དབྱིངས་ = Basic space of phenomena,There is evenness without partiality.,fivefold name proposals and established-term short form,"The explicitly coordinated fivefold primordial-knowing list; split into five rows. Discriminating primordial knowing uses the established full expression through a local spelling/short-form proposal; the other full names remain proposals. Do not globally expand mirror, evenness or basic space into primordial-knowing names. Retain the source's rtogs spelling and the two listed sequences without altering Tibetan. The abbreviated predicates at U03277–U03282 and explicit ye shes list at U03306–U03307; active discriminating-primordial-knowing entry consulted.",N-T80 | Proposed; requires review
U03280,དབང་པོའི་ཡུལ་བརྟེན་སོ་སོར་རྟོགས། །,མཉམ་ཉིད་ = Evenness; ཆོས་དབྱིངས་ = Basic space of phenomena,"Relying on the objects of the faculties, there is discriminating [primordial knowing]. [N-143] [N-T80]",fivefold name proposals and established-term short form,"The explicitly coordinated fivefold primordial-knowing list; split into five rows. Discriminating primordial knowing uses the established full expression through a local spelling/short-form proposal; the other full names remain proposals. Do not globally expand mirror, evenness or basic space into primordial-knowing names. Retain the source's rtogs spelling and the two listed sequences without altering Tibetan. The abbreviated predicates at U03277–U03282 and explicit ye shes list at U03306–U03307; active discriminating-primordial-knowing entry consulted.",N-T80 | Proposed; requires review
U03281,འབད་པས་མ་ཡིན་བྱ་བ་གྲུབ། །,མཉམ་ཉིད་ = Evenness; ཆོས་དབྱིངས་ = Basic space of phenomena,"Not through effort, activity is accomplished.",fivefold name proposals and established-term short form,"The explicitly coordinated fivefold primordial-knowing list; split into five rows. Discriminating primordial knowing uses the established full expression through a local spelling/short-form proposal; the other full names remain proposals. Do not globally expand mirror, evenness or basic space into primordial-knowing names. Retain the source's rtogs spelling and the two listed sequences without altering Tibetan. The abbreviated predicates at U03277–U03282 and explicit ye shes list at U03306–U03307; active discriminating-primordial-knowing entry consulted.",N-T80 | Proposed; requires review
U03282,ཐ་དད་མེད་པས་ཆོས་ཀྱི་དབྱིངས། །,མཉམ་ཉིད་ = Evenness; ཆོས་དབྱིངས་ = Basic space of phenomena,"Because there is no difference, there is the basic space of phenomena. [N-143] [N-T80]",fivefold name proposals and established-term short form,"The explicitly coordinated fivefold primordial-knowing list; split into five rows. Discriminating primordial knowing uses the established full expression through a local spelling/short-form proposal; the other full names remain proposals. Do not globally expand mirror, evenness or basic space into primordial-knowing names. Retain the source's rtogs spelling and the two listed sequences without altering Tibetan. The abbreviated predicates at U03277–U03282 and explicit ye shes list at U03306–U03307; active discriminating-primordial-knowing entry consulted.",N-T80 | Proposed; requires review
U03306,མེ་ལོང་མཉམ་ཉིད་སོ་སོར་རྟོགས། །,མཉམ་ཉིད་ = Evenness; ཆོས་དབྱིངས་ = Basic space of phenomena,"the mirror-like, evenness, and discriminating,",fivefold name proposals and established-term short form,"The explicitly coordinated fivefold primordial-knowing list; split into five rows. Discriminating primordial knowing uses the established full expression through a local spelling/short-form proposal; the other full names remain proposals. Do not globally expand mirror, evenness or basic space into primordial-knowing names. Retain the source's rtogs spelling and the two listed sequences without altering Tibetan. The abbreviated predicates at U03277–U03282 and explicit ye shes list at U03306–U03307; active discriminating-primordial-knowing entry consulted.",N-T80 | Proposed; requires review
U03307,བྱ་གྲུབ་ཆོས་དབྱིངས་ཡེ་ཤེས་ནི། །,མཉམ་ཉིད་ = Evenness; ཆོས་དབྱིངས་ = Basic space of phenomena,"activity-accomplishing and basic-space-of-phenomena primordial knowings,",fivefold name proposals and established-term short form,"The explicitly coordinated fivefold primordial-knowing list; split into five rows. Discriminating primordial knowing uses the established full expression through a local spelling/short-form proposal; the other full names remain proposals. Do not globally expand mirror, evenness or basic space into primordial-knowing names. Retain the source's rtogs spelling and the two listed sequences without altering Tibetan. The abbreviated predicates at U03277–U03282 and explicit ye shes list at U03306–U03307; active discriminating-primordial-knowing entry consulted.",N-T80 | Proposed; requires review
U03284,ཇི་ལྟར་མཁྱེན་པས་དངོས་པོ་ཡི། །,,"Through knowing how [things are], an entity's",whole-expression and contextual naming proposals,"Two ways of knowing, the explicitly named vase embodiment, and the component explanation of all-basis; split into distinct rows. Do not add youthful to vase embodiment. The basis rendering is restricted to the all-basis word explanation, not a global change to the Ground. Supplied things are bracketed in the running text. N-143, N-144 and N-147; the active glossary has all-basis and the Kati channel but not these full expressions.",N-T81 | Proposed; requires review
U03286,ཇི་སྙེད་པས་ནི་གདུལ་བྱ་ཡི། །,,"Through knowing the multiplicity, concerning those to be trained,",whole-expression and contextual naming proposals,"Two ways of knowing, the explicitly named vase embodiment, and the component explanation of all-basis; split into distinct rows. Do not add youthful to vase embodiment. The basis rendering is restricted to the all-basis word explanation, not a global change to the Ground. Supplied things are bracketed in the running text. N-143, N-144 and N-147; the active glossary has all-basis and the Kati channel but not these full expressions.",N-T81 | Proposed; requires review
U03301,ཞལ་ཕྱག་རྫོགས་པ་བུམ་སྐུའི་ཚུལ། །,,Faces and hands complete: the manner of the vase embodiment.,whole-expression and contextual naming proposals,"Two ways of knowing, the explicitly named vase embodiment, and the component explanation of all-basis; split into distinct rows. Do not add youthful to vase embodiment. The basis rendering is restricted to the all-basis word explanation, not a global change to the Ground. Supplied things are bracketed in the running text. N-143, N-144 and N-147; the active glossary has all-basis and the Kati channel but not these full expressions.",N-T81 | Proposed; requires review
U03312,ཇི་ལྟར་མཁྱེན་པའི་ཐིག་ལེ་དང་། །,,knowing how [things are] matures as the sphere [lamp] and,whole-expression and contextual naming proposals,"Two ways of knowing, the explicitly named vase embodiment, and the component explanation of all-basis; split into distinct rows. Do not add youthful to vase embodiment. The basis rendering is restricted to the all-basis word explanation, not a global change to the Ground. Supplied things are bracketed in the running text. N-143, N-144 and N-147; the active glossary has all-basis and the Kati channel but not these full expressions.",N-T81 | Proposed; requires review
U03314,ཇི་སྙེད་པ་ནི་རྒྱང་ཞགས་དང་། །,,Knowing the multiplicity matures as the far-reaching-lasso [lamp] and,whole-expression and contextual naming proposals,"Two ways of knowing, the explicitly named vase embodiment, and the component explanation of all-basis; split into distinct rows. Do not add youthful to vase embodiment. The basis rendering is restricted to the all-basis word explanation, not a global change to the Ground. Supplied things are bracketed in the running text. N-143, N-144 and N-147; the active glossary has all-basis and the Kati channel but not these full expressions.",N-T81 | Proposed; requires review
U03356,ཆོས་དང་ཆོས་མིན་ཀུན་གྱི་གཞི། །,,It is the basis of all phenomena and nonphenomena.,whole-expression and contextual naming proposals,"Two ways of knowing, the explicitly named vase embodiment, and the component explanation of all-basis; split into distinct rows. Do not add youthful to vase embodiment. The basis rendering is restricted to the all-basis word explanation, not a global change to the Ground. Supplied things are bracketed in the running text. N-143, N-144 and N-147; the active glossary has all-basis and the Kati channel but not these full expressions.",N-T81 | Proposed; requires review
U03362,གཞི་ནི་ཚོགས་ཤིང་སོགས་པའོ། །,,‘basis’ means assembling and accumulating.,whole-expression and contextual naming proposals,"Two ways of knowing, the explicitly named vase embodiment, and the component explanation of all-basis; split into distinct rows. Do not add youthful to vase embodiment. The basis rendering is restricted to the all-basis word explanation, not a global change to the Ground. Supplied things are bracketed in the running text. N-143, N-144 and N-147; the active glossary has all-basis and the Kati channel but not these full expressions.",N-T81 | Proposed; requires review
U03404,དོན་དམ་བྱང་སེམས་སྤེལ་བ་དང༌། །,,"increases ultimate awakening ordinary mind, [N-149] [N-T82]",contextual extension requiring separate approval,"The refined-earth effect in the bodily-element/lamp account, extending the earlier unresolved byang sems proposal to this expressly ultimate construction. Does not settle whether the expression is bodily, aspirational or another technical use. Preserve the ordinary-mind component provisionally and do not equate it with primordial knowing without evidence. U03403–U03406 and N-149; compared with the earlier full/short repetition at U01150/U01164.",N-T82 | Proposed; semantic scope unresolved
U03379,ངེས་ཚིག་བསམ་པ་དྲན་ཡུལ་སྐྱེ། །,སེམས་ = Ordinary mind,Its word explanation: thought arises as what is recalled.,non-obvious grammatical-use proposals,The explicitly verbal and word-explanatory constructions defining ordinary mind. The canonical noun sems remains ordinary mind; dran pa remains mindfulness. This is not a global replacement of either term or an approved psychological definition. The four verbal sems constructions and preceding etymological clause; N-148; active noun entries checked.,N-T83 | Proposed grammatical use; requires review
U03380,དེ་ཡང་གང་ལ་སེམས་དང་གང་གིས་སེམས། །,སེམས་ = Ordinary mind,"Furthermore, what one thinks about, and that by which one thinks,",non-obvious grammatical-use proposals,The explicitly verbal and word-explanatory constructions defining ordinary mind. The canonical noun sems remains ordinary mind; dran pa remains mindfulness. This is not a global replacement of either term or an approved psychological definition. The four verbal sems constructions and preceding etymological clause; N-148; active noun entries checked.,N-T83 | Proposed grammatical use; requires review
U03381,གང་སེམས་པ་དང་གང་ཕྱིར་སེམས། །,སེམས་ = Ordinary mind,"what thinks, and why one thinks. [N-148]",non-obvious grammatical-use proposals,The explicitly verbal and word-explanatory constructions defining ordinary mind. The canonical noun sems remains ordinary mind; dran pa remains mindfulness. This is not a global replacement of either term or an approved psychological definition. The four verbal sems constructions and preceding etymological clause; N-148; active noun entries checked.,N-T83 | Proposed grammatical use; requires review
U03415,སྨིན་པས་ལུག་དང་གླང་རྡུལ་ལོ། །,,"Through maturation, there are sheep and ox particles. [N-149]",contextual lexical proposals,"Particle names, an inferred size measure, a size comparison and paired embodiment designations; split into six rows with scope retained. Do not add hair-tip ratios, modern particle dimensions, exact finger measurements, blanket material or sexual activity. The mdzub measure is inferred from the surrounding size progression and remains provisional. N-149 and N-151; active glossary checked before proposing the expressions.",N-T84 | Proposed; requires review
U03422,སྨིན་པས་ཉི་རྡུལ་རྫོགས་པ་དང༌། །,,"Through maturation, sun particles become complete. [N-149]",contextual lexical proposals,"Particle names, an inferred size measure, a size comparison and paired embodiment designations; split into six rows with scope retained. Do not add hair-tip ratios, modern particle dimensions, exact finger measurements, blanket material or sexual activity. The mdzub measure is inferred from the surrounding size progression and remains provisional. N-149 and N-151; active glossary checked before proposing the expressions.",N-T84 | Proposed; requires review
U03458,མཛུབ་གཉིས་དག་ལས་གསུམ་དུ་འགྱུར། །,,"From two fingerbreadths, it becomes three. [N-151]",contextual lexical proposals,"Particle names, an inferred size measure, a size comparison and paired embodiment designations; split into six rows with scope retained. Do not add hair-tip ratios, modern particle dimensions, exact finger measurements, blanket material or sexual activity. The mdzub measure is inferred from the surrounding size progression and remains provisional. N-149 and N-151; active glossary checked before proposing the expressions.",N-T84 | Proposed; requires review
U03469,རེ་ལྡེ་ཙམ་ལས་གྲུ་ཆད་སྣང་། །,,"isolated patches appear, the size of a blanket;",contextual lexical proposals,"Particle names, an inferred size measure, a size comparison and paired embodiment designations; split into six rows with scope retained. Do not add hair-tip ratios, modern particle dimensions, exact finger measurements, blanket material or sexual activity. The mdzub measure is inferred from the surrounding size progression and remains provisional. N-149 and N-151; active glossary checked before proposing the expressions.",N-T84 | Proposed; requires review
U03476,ཡབ་ཡུམ་སྐུ་ཡི་སྣང་བ་ཅན། །,,There are appearances of father and mother embodiments.,contextual lexical proposals,"Particle names, an inferred size measure, a size comparison and paired embodiment designations; split into six rows with scope retained. Do not add hair-tip ratios, modern particle dimensions, exact finger measurements, blanket material or sexual activity. The mdzub measure is inferred from the surrounding size progression and remains provisional. N-149 and N-151; active glossary checked before proposing the expressions.",N-T84 | Proposed; requires review
U03596,ཅེར་མཐོང་གྲོལ་བའི་བདག་ཉིད་དོ། །,ཅེར་མཐོང་ = Naked seeing,is the identity of liberation through naked seeing. [N-157],whole-expression and grammatical-use proposals,"The concluding liberation account; split into three rows. The last is a recognizable inflection of the established nyams myong expression, not a new synonym for experience. Do not collapse gdar sha chod with the differently worded la bzla, or silently amend cer to gcer. Keep experiential acquaintance distinct from nyams, experience. N-157 and N-158; active nyams myong entry checked.",N-T85 | Proposed expression/grammatical treatment; requires review
U03607,ན་བས་ཆོས་རྣམས་ཉམས་སུ་མྱོང་། །,ཅེར་མཐོང་ = Naked seeing,"Through illness, there is experiential acquaintance with phenomena.",whole-expression and grammatical-use proposals,"The concluding liberation account; split into three rows. The last is a recognizable inflection of the established nyams myong expression, not a new synonym for experience. Do not collapse gdar sha chod with the differently worded la bzla, or silently amend cer to gcer. Keep experiential acquaintance distinct from nyams, experience. N-157 and N-158; active nyams myong entry checked.",N-T85 | Proposed expression/grammatical treatment; requires review
U03620,སྲིད་གསུམ་གདར་ཤ་ཆོད་པའོ། །,ཅེར་མཐོང་ = Naked seeing,the three existences are decisively resolved. [N-158],whole-expression and grammatical-use proposals,"The concluding liberation account; split into three rows. The last is a recognizable inflection of the established nyams myong expression, not a new synonym for experience. Do not collapse gdar sha chod with the differently worded la bzla, or silently amend cer to gcer. Keep experiential acquaintance distinct from nyams, experience. N-157 and N-158; active nyams myong entry checked.",N-T85 | Proposed expression/grammatical treatment; requires review
U03669,ཡར་གྱི་བཅུ་བཞི་ལྔ་ལ་གནས། །,,and the fourteenth and [fifteenth] of the waxing moon. [N-160],numerical-ellipsis proposal,"The waxing-moon dates, provisionally carrying the tens from the first number into the second. The supplied tens are bracketed. Do not apply this as a universal rule to unrelated compressed number lists or calculate a modern date from the passage. The immediately paired waning/waxing dates and the selected print; N-160.",N-T86 | Proposed; numerical scope requires review
U03640,མེ་ལོང་ལྟ་བུ་ཅི་ཡི་ཕྱིར། །,,Why is [primordial knowing] like a mirror?,limited grammatical/name-context extension,"The third-chapter questions referring back to the named primordial knowings and their two knowing modes; split into separate rows. Retain the mirror simile as a simile rather than universally substitute a name. The supplied primordial-knowing noun is bracketed, and the established discriminating whole expression is used only through this documented local short form. The complete question list and the previous explicit fivefold account; N-159.",N-T87 | Proposed local usage; requires review
U03642,སོ་སོར་རྟོགས་པ་གང་ཙམ་ཞིག །,,What is the extent of discriminating [primordial knowing]?,limited grammatical/name-context extension,"The third-chapter questions referring back to the named primordial knowings and their two knowing modes; split into separate rows. Retain the mirror simile as a simile rather than universally substitute a name. The supplied primordial-knowing noun is bracketed, and the established discriminating whole expression is used only through this documented local short form. The complete question list and the previous explicit fivefold account; N-159.",N-T87 | Proposed local usage; requires review
U03646,ཇི་སྙེད་པ་ལ་ཁྱབ་པ་ཅི། །,,What pervades the multiplicity?,limited grammatical/name-context extension,"The third-chapter questions referring back to the named primordial knowings and their two knowing modes; split into separate rows. Retain the mirror simile as a simile rather than universally substitute a name. The supplied primordial-knowing noun is bracketed, and the established discriminating whole expression is used only through this documented local short form. The complete question list and the previous explicit fivefold account; N-159.",N-T87 | Proposed local usage; requires review
U03647,ཇི་ལྟ་མཁྱེན་པའི་དགོངས་པ་གང༌། །,,What is the enlightened intent of knowing how things are?,limited grammatical/name-context extension,"The third-chapter questions referring back to the named primordial knowings and their two knowing modes; split into separate rows. Retain the mirror simile as a simile rather than universally substitute a name. The supplied primordial-knowing noun is bracketed, and the established discriminating whole expression is used only through this documented local short form. The complete question list and the previous explicit fivefold account; N-159.",N-T87 | Proposed local usage; requires review
U03863,བརྟགས་པས་མ་རྙེད་ཐ་སྙད་གཞིའོ། །,,"not finding through examination, and the basis of convention. [N-168]",contextual gzhi construction proposals,"The complete convention-support expression and a provisional support construction in the calculation of words; split into separate rows. Not a global replacement of the Ground. U03893 retains the Ground, and the variant at U03952 remains separately unresolved. N-168 and N-170; active Ground and all-basis entries checked.",N-T88 | Proposed contextual uses; requires review
U03892,ཐ་སྙད་གཞི་ཡང་སྟོང་པའོ། །,,"the basis of convention, too, is empty.",contextual gzhi construction proposals,"The complete convention-support expression and a provisional support construction in the calculation of words; split into separate rows. Not a global replacement of the Ground. U03893 retains the Ground, and the variant at U03952 remains separately unresolved. N-168 and N-170; active Ground and all-basis entries checked.",N-T88 | Proposed contextual uses; requires review
U03952,གནས་གཞན་རྩ་བ་བརྩེ་བ་བཞི་ཡང་གཞི་དག་ལས། །,,From the root foundation of other places—[Source variant: ‘brtse ba bzhi also’; wording unresolved.] [N-170],contextual gzhi construction proposals,"The complete convention-support expression and a provisional support construction in the calculation of words; split into separate rows. Not a global replacement of the Ground. U03893 retains the Ground, and the variant at U03952 remains separately unresolved. N-168 and N-170; active Ground and all-basis entries checked.",N-T88 | Proposed contextual uses; requires review
U03962,འཕྲོ་དང་རྒོད་དང་རེངས་པ་དང༌། །,,"proliferation, agitation, rigidity,",new-entry proposal,"One of the nine categories in the definition of conceptual mind and knowing, described through three afflictions. Keep distinct from abiding, stability, agitation and dullness. No clinical or psychological diagnosis is implied. The explicit list and subsequent explanation; N-171; active glossary lacks the expression.",N-T89 | Proposed; requires review
U03974,རེངས་པ་ཉོན་མོངས་གསུམ་དག་ལས། །,,"Rigidity, from three afflictions,",new-entry proposal,"One of the nine categories in the definition of conceptual mind and knowing, described through three afflictions. Keep distinct from abiding, stability, agitation and dullness. No clinical or psychological diagnosis is implied. The explicit list and subsequent explanation; N-171; active glossary lacks the expression.",N-T89 | Proposed; requires review
U02176,དུས་དང་གྲངས་དང་ཉེར་ལེན་གྱིས། །,,"Through time, number, and appropriation,",construction-level proposals,"A causal appropriation term, the form-possessing classification and a negative conceptual-thought construction; split into three rows. Keep appropriation separate from the dependent-arising len pa proposal, preserve the bracketed coordination in the second expression, and do not silently equate rtog bral with a different established whole expression. Ordinary awareness and conceptual-thought entries remain unchanged. N-095, N-164, N-165 and N-168; complete active glossary consulted.",N-T90 | Proposed; requires review
U03759,རྒྱུ་དང་མཚུངས་པའི་ཉེར་ལེན་ནོ། །,,there is appropriation corresponding to the cause.,construction-level proposals,"A causal appropriation term, the form-possessing classification and a negative conceptual-thought construction; split into three rows. Keep appropriation separate from the dependent-arising len pa proposal, preserve the bracketed coordination in the second expression, and do not silently equate rtog bral with a different established whole expression. Ordinary awareness and conceptual-thought entries remain unchanged. N-095, N-164, N-165 and N-168; complete active glossary consulted.",N-T90 | Proposed; requires review
U03791,གཟུགས་ཅན་རིག་བཅས་བེམ་པོ་སྟེ། །,,"What possesses form is aware [or] insentient,",construction-level proposals,"A causal appropriation term, the form-possessing classification and a negative conceptual-thought construction; split into three rows. Keep appropriation separate from the dependent-arising len pa proposal, preserve the bracketed coordination in the second expression, and do not silently equate rtog bral with a different established whole expression. Ordinary awareness and conceptual-thought entries remain unchanged. N-095, N-164, N-165 and N-168; complete active glossary consulted.",N-T90 | Proposed; requires review
U03884,ཡང་དག་ཆོས་ཉིད་རྟོག་བྲལ་ལ། །,,"In the authentic nature of phenomena, free from conceptual thought,",construction-level proposals,"A causal appropriation term, the form-possessing classification and a negative conceptual-thought construction; split into three rows. Keep appropriation separate from the dependent-arising len pa proposal, preserve the bracketed coordination in the second expression, and do not silently equate rtog bral with a different established whole expression. Ordinary awareness and conceptual-thought entries remain unchanged. N-095, N-164, N-165 and N-168; complete active glossary consulted.",N-T90 | Proposed; requires review
U03817,ཕྲ་དང་སེང་དང་རྩེ་མོའོ། །,,"subtle, seng [unresolved], and pointed. [N-166]",unresolved lexical item record,"The acoustic list between subtle and pointed. No pitch, register, vocal mechanism or instrument is inferred. The source syllable remains visible in the translation. U03815–U03817 and N-166; no applicable active entry.",N-T91 | Unresolved; no English equivalent approved or asserted
U04224,ཟླ་དང་ནོར་བུ་མར་གར་འོད། །,,"The moon, a jewel, ‘mar gar,’ and light—",unresolved lexical item record,"Only the item between jewel and light in this visual list. No identification as butter, pearl, lamp or a Sanskrit name is approved; the exact source remains in the alignment. U04224; N-181; full glossary checked and no applicable whole expression found.",N-T92 | Unresolved; retained rather than silently translated
U04016,མི་སྐྱེ་མི་འགག་ཅིར་མི་དགོངས། །,,"does not arise, does not cease, and directs enlightened intent toward nothing,",non-obvious grammatical-use proposal,Negative honorific verbal construction in the intrinsic-nature/spontaneous-presence account. Keep the canonical enlightened intent recognizable; do not replace it globally with thinking or generic mind. Subject and scope remain provisional. U04015–U04017; N-175; active dgongs pa row consulted.,N-T93 | Proposed grammatical realization; requires review
U04239,ཡིད་འབྱུང་ཤེས་རབ་འཁྲུལ་ཆར་བཟུང༌། །,,discerning knowing arising from the mental faculty is held as an aspect of delusion. [N-181],construction-level provisional use,Only this compressed clause in the third appearance account. The possibility of a contextual disenchantment construction remains open. The mental-faculty parse must not become a general definition of yid 'byung. U04238–U04240; N-181; the canonical yid and shes rab terms are retained in the provisional construction.,N-T94 | Proposed; syntax and sense unresolved
U04049,མེ་ལོང་ཡེ་ཤེས་གཟུགས་ཅན་གསལ། །,,Mirror-like primordial knowing makes forms clear;,continuation of local primordial-knowing names,Named series and its syllabic explanations; each expression remains separately recoverable. The name-level discriminating proposal does not authorize replacing explanatory rtogs with conceptualizing; U04080 retains realization. Doing is retained in the explicit explanation rather than silently collapsed into activity. U04047–U04111; N-177; previous N-T80 and active complete expression consulted.,N-T80 | Proposed local usage; not an approved glossary change
U04073,སོ་སོར་རྟོགས་པ་དབང་པོའི་རིགས། །,,"Discriminating [primordial knowing]: the types of faculty,",continuation of local primordial-knowing names,Named series and its syllabic explanations; each expression remains separately recoverable. The name-level discriminating proposal does not authorize replacing explanatory rtogs with conceptualizing; U04080 retains realization. Doing is retained in the explicit explanation rather than silently collapsed into activity. U04047–U04111; N-177; previous N-T80 and active complete expression consulted.,N-T80 | Proposed local usage; not an approved glossary change
U04085,བྱ་བ་གྲུབ་པ་ཞེས་བྱ་བ། །,,What is called ‘doing accomplished’:,continuation of local primordial-knowing names,Named series and its syllabic explanations; each expression remains separately recoverable. The name-level discriminating proposal does not authorize replacing explanatory rtogs with conceptualizing; U04080 retains realization. Doing is retained in the explicit explanation rather than silently collapsed into activity. U04047–U04111; N-177; previous N-T80 and active complete expression consulted.,N-T80 | Proposed local usage; not an approved glossary change
U04394,གྱི་ནར་གནས་པ་ཁོ་ན་དང་། །,,"abiding solely in ‘gyi nar’ [unresolved expression],",unresolved idiom record,The abiding expression in the sentient-being account. No relaxation or ease equivalent is approved. Retain the source form rather than repair its spelling by analogy. U04393–U04395; N-189; no applicable entry in the complete active glossary.,N-T95 | Unresolved; retained for review
U04481,གཞན་ཡང་རྩ་དང་འཁྲུལ་འཁོར་གྱིས། །,,"Furthermore, through channels and bodily exercises,",contextual-use proposal,The physical-practice expression coordinated with channels in the posture account. Not a global replacement for machinery or apparatus in cosmological passages; do not reassign the canonical movement family to this different expression or identify a modern exercise system. U04469–U04493; N-192; entire glossary consulted.,N-T96 | Proposed contextual use; requires review
U04269,དྲ་བ་རྒྱུད་མང་མདོ་གསུམ་པ། །,,"draba, the many-stringed instrument, the three-junctioned instrument,",unresolved sound-list designations,The sound-training list only; split into five candidate rows with the original source forms. Retained names do not establish instrument identities. Three-junctioned instrument is a literal working description and may require replacement after organological and source review. U04268–U04272; N-184; no corresponding whole expressions in the glossary.,N-T97 | Proposed or unresolved as individually noted; no approved additions
U04270,ཧར་དང་གླིང་བུ་ཆ་ལང་དང༌། །,,"har, flute, cymbals,",unresolved sound-list designations,The sound-training list only; split into five candidate rows with the original source forms. Retained names do not establish instrument identities. Three-junctioned instrument is a literal working description and may require replacement after organological and source review. U04268–U04272; N-184; no corresponding whole expressions in the glossary.,N-T97 | Proposed or unresolved as individually noted; no approved additions
U04271,ཕེག་རྡོབ་ཅང་ཏེའུ་དྲིལ་བུ་སོགས། །,,"pheg, rdob, small hand drum, bell, and so forth—",unresolved sound-list designations,The sound-training list only; split into five candidate rows with the original source forms. Retained names do not establish instrument identities. Three-junctioned instrument is a literal working description and may require replacement after organological and source review. U04268–U04272; N-184; no corresponding whole expressions in the glossary.,N-T97 | Proposed or unresolved as individually noted; no approved additions
U04416,གདངས་ཀྱི་སྐུ་ནི་རྣམ་པ་ལྔ། །,,The embodiments of radiance have five aspects;,short class-label proposals,"The explicitly numbered classes in the bodily account; split into six rows. Preserve canonical embodiment, radiance, aspect and sphere components; no unprinted members of these classes are supplied. U04415–U04432; N-190; related glossary families inspected.",N-T98 | Proposed class labels; requires review
U04418,ཟེར་གྱི་སྐུ་ནི་དྲུག་གིས་ཀྱང༌། །,,The six embodiments of rays,short class-label proposals,"The explicitly numbered classes in the bodily account; split into six rows. Preserve canonical embodiment, radiance, aspect and sphere components; no unprinted members of these classes are supplied. U04415–U04432; N-190; related glossary families inspected.",N-T98 | Proposed class labels; requires review
U04422,རྣམ་པའི་སྐུ་ནི་བརྒྱད་ཀྱིས་ཀྱང༌། །,,"Through the eight aspect-embodiments,",short class-label proposals,"The explicitly numbered classes in the bodily account; split into six rows. Preserve canonical embodiment, radiance, aspect and sphere components; no unprinted members of these classes are supplied. U04415–U04432; N-190; related glossary families inspected.",N-T98 | Proposed class labels; requires review
U04425,འཇུག་པའི་ཐིག་ལེ་རྣམ་གསུམ་གྱིས། །,,"Through three aspects of entering spheres,",short class-label proposals,"The explicitly numbered classes in the bodily account; split into six rows. Preserve canonical embodiment, radiance, aspect and sphere components; no unprinted members of these classes are supplied. U04415–U04432; N-190; related glossary families inspected.",N-T98 | Proposed class labels; requires review
U04427,སྐྱེ་བའི་ཐིག་ལེ་ལྔ་ཡིས་ཀྱང་། །,,"Through the five arising spheres,",short class-label proposals,"The explicitly numbered classes in the bodily account; split into six rows. Preserve canonical embodiment, radiance, aspect and sphere components; no unprinted members of these classes are supplied. U04415–U04432; N-190; related glossary families inspected.",N-T98 | Proposed class labels; requires review
U04429,བཀོད་པའི་ཐིག་ལེ་དྲུག་གིས་ནི། །,,"Through the six arraying spheres,",short class-label proposals,"The explicitly numbered classes in the bodily account; split into six rows. Preserve canonical embodiment, radiance, aspect and sphere components; no unprinted members of these classes are supplied. U04415–U04432; N-190; related glossary families inspected.",N-T98 | Proposed class labels; requires review
U04562,རླུ་ལས་བྱུང་བའི་ཆོས་ཉིད་དོ། །,,It is the nature of phenomena arising from wind. [N-196],"source-form interpretation record, not a proposed headword","Only the incomplete-looking supplied form in the cause/result passage. This does not authorize fuzzy matching rlu, lung and rlung throughout the text. The source remains unchanged, and wind is a provisional interpretation pending close reading. U04561 explicitly names rlung; U04562 has rlu; N-196.",N-T99 | Provisional source interpretation; not a canonical glossary addition
U04712,དེས་ན་འདུས་མ་བྱས་པ་ཉིད། །,,Thus being unconditioned,new-entry proposal,"The explicit description of vajra chains as not made by anyone in the three times. Keep distinct from ma bcos, uncontrived, and byas med, not done. The related 'dus byas conditioned family requires its own attested usage review, not a guessed universal equation. U04709–U04713; N-200; full active glossary checked for compounds and English collisions.",N-T100 | Proposed; requires approval
U04691,ཅོག་གེ་བཞག་པ་གནད་ཡིན་ལ། །,,the crucial point is leaving [them] as they are;,local form of established whole expression,"The gates-of-faculties instruction, with the object supplied in brackets in the draft. The established cog bzhag equivalent leaving as it is governs the lexical family. The extra source ge and plural/object application are recorded locally; this is not approval of the earlier unsupported just-as-it-is proposal. U04689–U04692; N-200; active whole expression and the earlier correction of N-T42 consulted.",N-T101 | Proposed local form/grammar recognition; canonical term unchanged
U04733,རིག་པ་སྨིན་ཕྱིར་སྐུ་གདུང་འབར། །,,"Because awareness ripens, embodiment-relics blaze.",compound proposal,"The blazing image in the continuum/title-allusion sequence. Retain sku as embodiment. Do not infer a physical relic type, funeral context or identify a specific scripture without evidence. U04731–U04734; N-201; active sku compounds checked.",N-T102 | Proposed; exact contextual sense requires review
U04877,ཕྱི་ནི་ཆོས་ཅན་ལ་བལྟ་བ། །,,The outer is viewing bearers of properties:,contextual-use proposal,"Outer-view objects contrasted with the nature of phenomena, not the earlier formal argumentation passage. Do not inherit the earlier proposed logical subject mapping as a universal default. This does not change chos nyid or an established primary glossary row. U04874–U04884; N-209; full glossary and N-T20 consulted.",N-T103 | Proposed contextual use; requires review
U04936,འབྱུང་བའི་རིགས་པ་དག་པ་དང་། །,,the order of the elements is purified;,source-linked contextual proposal,"Only the purification clause in cultivation's appearance characteristics. Rigs pa has final s and must not become rig pa awareness by fuzzy matching. Reasoning is the earlier logical-context proposal, not a confirmed equivalent here. U04935–U04937; N-212; exact source form retained in alignment.",N-T104 | Proposed; exact lexical sense unresolved
U04996,སྐུ་གསུམ་པོ་ཡང་ལག་བཅངས་སོ། །,,and the three embodiments too are ‘lag bcangs’ [unresolved]. [N-215],unresolved idiom record,"The final predicate concerning the three embodiments in the contrived-view account. No confident laying-aside, abandonment or preservation equivalent is approved; retain the exact source form. U04984–U04996; N-215; full glossary contains no applicable whole expression.",N-T105 | Unresolved; retained for source review
U04895,རྣམ་པར་འཕྲུལ་པའི་སྤྲོ་བསྡུ་ནི། །,,"and the emanations' proliferating and gathering,",local family realization proposal,"Emanations of letter-light in the deep-absorption description. The established 'phro 'du family provides the English vocabulary, but the differently spelled source form is logged rather than automatically merged throughout the text. U04894–U04896; N-210; active proliferation-family rows and related earlier uses checked.",N-T106 | Proposed local form relationship; requires review
U05134,ཡ་མ་རླ་ཞེས་མཚོན་བྲལ་ལོ། །,,"called ‘ya ma rla,’ beyond indication. [N-222]",unresolved idiom record,Only the idiom following hollow and without a core. No alternate spelling or familiar philosophical label is silently substituted. U05131–U05134; N-222; full glossary checked.,N-T107 | Unresolved; retained for review
U05235,བམ་པོ་ཉི་ཁྲི་སྟོང་ཕྲག་གཅིག །,,and twenty-one thousand textual sections.,new-entry proposals,"Only the quantitative textual-architecture account; split into three individual candidate rows. Do not assume these units are modern chapters, physical volumes or measured structures in the supplied file; other gzer and 'gag uses remain context-specific. U05231–U05244; N-226; related earlier fixing usage checked.",N-T108 | Proposed; technical referents require review
U05239,གཟེར་བུ་བརྒྱ་དང་བརྒྱད་ཅུ་ལ། །,,"there are a hundred and eighty fixings,",new-entry proposals,"Only the quantitative textual-architecture account; split into three individual candidate rows. Do not assume these units are modern chapters, physical volumes or measured structures in the supplied file; other gzer and 'gag uses remain context-specific. U05231–U05244; N-226; related earlier fixing usage checked.",N-T108 | Proposed; technical referents require review
U05240,འགག་ནི་སྟོང་ཕྲག་ཕྱེད་དང་གཉིས། །,,"a thousand and a half crucial junctures,",new-entry proposals,"Only the quantitative textual-architecture account; split into three individual candidate rows. Do not assume these units are modern chapters, physical volumes or measured structures in the supplied file; other gzer and 'gag uses remain context-specific. U05231–U05244; N-226; related earlier fixing usage checked.",N-T108 | Proposed; technical referents require review
U05360,ལྷབ་ལྷབ་གསུམ་བཏུད་སྤར་སྤར་མང༌། །,,three successive lhab lhab sounds and many spar spar sounds,ritual sound-form records,The final elemental sound lists; split into individual source-form records. Transliteration is not semantic resolution. Ordinary lexical meanings elsewhere must not be imported automatically into onomatopoeic descriptions. N-232 and exact source lists; full glossary checked for applicable expressions.,N-T109 | Unresolved acoustic values; retained for review
U05376,སིར་དང་སིལ་དང་ལྷབ་པ་ཡིས། །,,"Through sir, sil, and lhab sounds,",ritual sound-form records,The final elemental sound lists; split into individual source-form records. Transliteration is not semantic resolution. Ordinary lexical meanings elsewhere must not be imported automatically into onomatopoeic descriptions. N-232 and exact source lists; full glossary checked for applicable expressions.,N-T109 | Unresolved acoustic values; retained for review
U05382,སྒྲ་ནི་ཤག་དང་སྡིག་པ་དང༌། །,,Its sounds are shag and sdig— [N-232],ritual sound-form records,The final elemental sound lists; split into individual source-form records. Transliteration is not semantic resolution. Ordinary lexical meanings elsewhere must not be imported automatically into onomatopoeic descriptions. N-232 and exact source lists; full glossary checked for applicable expressions.,N-T109 | Unresolved acoustic values; retained for review
U05411,དང་ཤེས་པས་ནི་མི་རྟོག་སྐྱེ། །,,"Through knowing ‘dang’ [reading unresolved], non-conceptuality arises. [N-234]",unresolved source-form record,Only the word before shes pas in the final knowing sequence. Not a general headword proposal for the conjunction dang; do not infer clarity or radiance without confirming the source. U05410–U05412; N-234.,N-T110 | Unresolved source reading; not a proposed canonical mapping
U05452,རྒྱ་རྒྱ་རྒྱ།,,Seal! Seal! Seal!,ritual formula records,"Closing seals and invocation only; split into four candidate records. Seal is a scoped ritual rendering, not every lexical sense of rgya. The remaining forms are preserved ritual syllables; no unsupported Sanskrit reconstruction or literal brick interpretation is asserted. U05452–U05464; N-237; selected closing scan consulted.",N-T111 | Proposed ritual treatment; syllable interpretation remains open
U05453, རྒྱ་རྒྱ་རྒྱ།,,Seal! Seal! Seal!,ritual formula records,"Closing seals and invocation only; split into four candidate records. Seal is a scoped ritual rendering, not every lexical sense of rgya. The remaining forms are preserved ritual syllables; no unsupported Sanskrit reconstruction or literal brick interpretation is asserted. U05452–U05464; N-237; selected closing scan consulted.",N-T111 | Proposed ritual treatment; syllable interpretation remains open
U05454, རྒྱ་རྒྱ་རྒྱ།,,Seal! Seal! Seal!,ritual formula records,"Closing seals and invocation only; split into four candidate records. Seal is a scoped ritual rendering, not every lexical sense of rgya. The remaining forms are preserved ritual syllables; no unsupported Sanskrit reconstruction or literal brick interpretation is asserted. U05452–U05464; N-237; selected closing scan consulted.",N-T111 | Proposed ritual treatment; syllable interpretation remains open
U05458,ས་མ་ཡ།,,Samaya.,ritual formula records,"Closing seals and invocation only; split into four candidate records. Seal is a scoped ritual rendering, not every lexical sense of rgya. The remaining forms are preserved ritual syllables; no unsupported Sanskrit reconstruction or literal brick interpretation is asserted. U05452–U05464; N-237; selected closing scan consulted.",N-T111 | Proposed ritual treatment; syllable interpretation remains open
U05459, སོ་ཕག །,,So phag.,ritual formula records,"Closing seals and invocation only; split into four candidate records. Seal is a scoped ritual rendering, not every lexical sense of rgya. The remaining forms are preserved ritual syllables; no unsupported Sanskrit reconstruction or literal brick interpretation is asserted. U05452–U05464; N-237; selected closing scan consulted.",N-T111 | Proposed ritual treatment; syllable interpretation remains open
U05460,ཨག་ཐམ།,,Ag tham. [N-237],ritual formula records,"Closing seals and invocation only; split into four candidate records. Seal is a scoped ritual rendering, not every lexical sense of rgya. The remaining forms are preserved ritual syllables; no unsupported Sanskrit reconstruction or literal brick interpretation is asserted. U05452–U05464; N-237; selected closing scan consulted.",N-T111 | Proposed ritual treatment; syllable interpretation remains open
U05463,ས་མ་ཡ།,,Samaya.,ritual formula records,"Closing seals and invocation only; split into four candidate records. Seal is a scoped ritual rendering, not every lexical sense of rgya. The remaining forms are preserved ritual syllables; no unsupported Sanskrit reconstruction or literal brick interpretation is asserted. U05452–U05464; N-237; selected closing scan consulted.",N-T111 | Proposed ritual treatment; syllable interpretation remains open
U05464, རྒྱ་རྒྱ་རྒྱ།,,Seal! Seal! Seal!,ritual formula records,"Closing seals and invocation only; split into four candidate records. Seal is a scoped ritual rendering, not every lexical sense of rgya. The remaining forms are preserved ritual syllables; no unsupported Sanskrit reconstruction or literal brick interpretation is asserted. U05452–U05464; N-237; selected closing scan consulted.",N-T111 | Proposed ritual treatment; syllable interpretation remains open
