Source unit,Saved EWTS form,Proposal IDs,Exact Tibetan unit,English draft,Status
U02634,sgra thal 'gyur chen po,N-T01,ཞེས་སྒྲ་ཐལ་འགྱུར་ཆེན་པོ་ཆོས་རྣམས་ཀུན་གྱི་རྩ་བ་ལས།,"Thus, from The Great All-Penetrating Word, the Root of All Phenomena,","Candidate only: exact EWTS match; construction, whole-expression precedence and proposal scope not certified by assembly."
U03621,sgra thal 'gyur chen po,N-T01,ཞེས་སྒྲ་ཐལ་འགྱུར་ཆེན་པོ་ཆོས་རྣམས་ཀུན་གྱི་རྩ་བ་ལས།,"Thus, from The Great All-Penetrating Word, the Root of All Phenomena,","Candidate only: exact EWTS match; construction, whole-expression precedence and proposal scope not certified by assembly."
U04304,sgra thal 'gyur chen po,N-T01,ཞེས་སྒྲ་ཐལ་འགྱུར་ཆེན་པོ་ཆོས་རྣམས་ཀུན་གྱི་རྩ་བ་ལས།,"Thus, from the Great All-Penetrating Word, Root of All Phenomena:","Candidate only: exact EWTS match; construction, whole-expression precedence and proposal scope not certified by assembly."
U04762,sgra thal 'gyur chen po,N-T01,ཞེས་སྒྲ་ཐལ་འགྱུར་ཆེན་པོ་ཆོས་རྣམས་ཀུན་གྱི་རྩ་བ་ལས།,"Thus, from the Great All-Penetrating Word, Root of All Phenomena:","Candidate only: exact EWTS match; construction, whole-expression precedence and proposal scope not certified by assembly."
U05196,sgra thal 'gyur chen po,N-T01,ཞེས་སྒྲ་ཐལ་འགྱུར་ཆེན་པོ་ཆོས་རྣམས་ཀུན་གྱི་རྩ་བ་ལས།,"Thus, from the Great All-Penetrating Word, Root of All Phenomena:","Candidate only: exact EWTS match; construction, whole-expression precedence and proposal scope not certified by assembly."
U05450,sgra thal 'gyur chen po,N-T01, སྒྲ་ཐལ་འགྱུར་ཆེན་པོ་ཆོས་རྣམས་ཀུན་གྱི་རྩ་བར་བསྟན་པའི་རྒྱུད་ཅེས་བྱ་བ།,"the continuum called the Great All-Penetrating Word, Taught as the Root of All Phenomena,","Candidate only: exact EWTS match; construction, whole-expression precedence and proposal scope not certified by assembly."
U00004,sgra,N-T03, རིན་པོ་ཆེ་འབྱུང་བར་བྱེད་པ་སྒྲ་ཐལ་འགྱུར་ཆེན་པོའི་རྒྱུད་ཅེས་བྱ་བ་བཞུགས།,"Here is the Continuum of the Great All-Penetrating Word, Which Brings Forth Jewels. [N-T01]","Candidate only: exact EWTS match; construction, whole-expression precedence and proposal scope not certified by assembly."
U00008,sgra,N-T03, རིན་པོ་ཆེ་འབྱུང་བར་བྱེད་པ་སྒྲ་ཐལ་འགྱུར་ཆེན་པོའི་རྒྱུད་ཅེས་བྱ་བ།,"The Continuum of the Great All-Penetrating Word, Which Brings Forth Jewels.","Candidate only: exact EWTS match; construction, whole-expression precedence and proposal scope not certified by assembly."
U00129,sgra,N-T03,སྒྲ་ཚིག་རྣམས་ནི་འབྱུང་བའི་གཞི། །,the Ground from which words and phrases arise [N-T09],"Candidate only: exact EWTS match; construction, whole-expression precedence and proposal scope not certified by assembly."
U00138,sgra,N-T03,སྒྲ་ཚིག་མིང་ལ་ངེས་བསྡུས་པས། །,Words and phrases were definitively condensed into names;,"Candidate only: exact EWTS match; construction, whole-expression precedence and proposal scope not certified by assembly."
U00141,sgra,N-T03,གསལ་བྱེད་སྒྲ་དོན་བཅུ་གཉིས་ལས། །,were condensed from twelve clarifiers of word and meaning,"Candidate only: exact EWTS match; construction, whole-expression precedence and proposal scope not certified by assembly."
U00151,sgra,N-T03,སྒྲ་དང་ཚིག་གི་གཞི་མའོ། །,are the foundation of words and phrases.,"Candidate only: exact EWTS match; construction, whole-expression precedence and proposal scope not certified by assembly."
U00160,sgra,N-T03,རྩ་བའི་སྒྲ་ཚིག་ཐལ་འགྱུར་ལས། །,"from the root words and phrases of the All-Penetrating,","Candidate only: exact EWTS match; construction, whole-expression precedence and proposal scope not certified by assembly."
U00172,sgra,N-T03,བརྗོད་ཅིང་སྒྲ་ཚིག་བདེ་རིག་སྟེ། །,words and phrases were bliss-awareness.,"Candidate only: exact EWTS match; construction, whole-expression precedence and proposal scope not certified by assembly."
U00190,sgra,N-T03,སྒྲ་ཡི་བརྗོད་པ་ཅི་ཙམ་ཞིག །,How extensive is the expression of words?,"Candidate only: exact EWTS match; construction, whole-expression precedence and proposal scope not certified by assembly."
U00273,sgra,N-T03,སྒྲ་ཚིག་མིང་དུ་མ་བསྒྲགས་ཀྱང༌། །,"though words and phrases were not proclaimed as names,","Candidate only: exact EWTS match; construction, whole-expression precedence and proposal scope not certified by assembly."
U00280,sgra,N-T03,ཚངས་པ་ཆེན་པོའི་སྒྲ་ལ་ཡང་། །,Also in the sound of Great Brahmā:,"Candidate only: exact EWTS match; construction, whole-expression precedence and proposal scope not certified by assembly."
U00378,sgra,N-T03,བརྡ་དང་སྒྲ་དང་དོན་གསུམ་གྱིས། །,"Through the three—sign, word, and meaning—","Candidate only: exact EWTS match; construction, whole-expression precedence and proposal scope not certified by assembly."
U00440,sgra,N-T03,འབྱུང་བ་རྣམས་ཀྱི་སྒྲ་དོན་ནི། །,"As for the word and meaning of the elements,","Candidate only: exact EWTS match; construction, whole-expression precedence and proposal scope not certified by assembly."
U00478,sgra,N-T03,སྒྲ་ཚད་རིག་པའི་བསྟན་ཆོས་དང༌། །,"treatises on language and valid cognition,","Candidate only: exact EWTS match; construction, whole-expression precedence and proposal scope not certified by assembly."
U00490,sgra,N-T03,སྒྲ་དོན་དེ་ལྟར་དགོས་པ་འགྲུབ། །,Thus the purposes of word and meaning are accomplished.,"Candidate only: exact EWTS match; construction, whole-expression precedence and proposal scope not certified by assembly."
U00543,sgra,N-T03,སྒྲ་དབྱངས་སྣ་ཚོགས་འབྱུང་བའི་གཞི། །,It is the Ground from which diverse sounds and melodies arise.,"Candidate only: exact EWTS match; construction, whole-expression precedence and proposal scope not certified by assembly."
U00553,sgra,N-T03,ཐལ་བའི་སྒྲ་ཞེས་བྱ་བ་ཡི། །,"is that called Sound of Penetration,","Candidate only: exact EWTS match; construction, whole-expression precedence and proposal scope not certified by assembly."
U00564,sgra,N-T03,བསྐྱོད་པ་ལས་ནི་སྒྲ་རྣམས་འབྱུང༌། །,it brings forth sounds through movement.,"Candidate only: exact EWTS match; construction, whole-expression precedence and proposal scope not certified by assembly."
U00621,sgra,N-T03,སྒྲ་དོན་བརྗོད་བྱའི་ཚིག་ཙམ་ལས། །,"From the mere phrases expressing word and meaning,","Candidate only: exact EWTS match; construction, whole-expression precedence and proposal scope not certified by assembly."
U00686,sgra,N-T03,སྒྲ་བརྡའ་མཚོན་པའི་གཞི་མ་སྟོན། །,shows the foundation for indication by words and signs.,"Candidate only: exact EWTS match; construction, whole-expression precedence and proposal scope not certified by assembly."
U00894,sgra,N-T03,སྒྲ་དང་ལྡན་པའི་གྲོང་ཁྱེར་དུ། །,"in the City Endowed with Sound,","Candidate only: exact EWTS match; construction, whole-expression precedence and proposal scope not certified by assembly."
U01014,sgra,N-T03,དེ་འོག་སྒྲ་མཁན་དཔལ་འཛིན་ནོ། །,"After that, Glorious Word-Specialist will uphold it.","Candidate only: exact EWTS match; construction, whole-expression precedence and proposal scope not certified by assembly."
U01031,sgra,N-T03,སྒྲ་དང་བཅས་ཏེ་བབས་པ་ནི། །,will descend together with sound. [N-T03],"Candidate only: exact EWTS match; construction, whole-expression precedence and proposal scope not certified by assembly."
U01138,sgra,N-T03,དེ་ཡི་སྒྲ་དོན་བྱེ་བྲག་གིས། །,"Through the particulars of their word and meaning,","Candidate only: exact EWTS match; construction, whole-expression precedence and proposal scope not certified by assembly."
U01141,sgra,N-T03,སྒྲ་ཡིས་སྐད་རྣམས་ཤེས་པར་འགྱུར། །,"Through sound, languages will be known. [N-T03]","Candidate only: exact EWTS match; construction, whole-expression precedence and proposal scope not certified by assembly."
U01357,sgra,N-T03,སྒྲ་ལ་བསླབས་པས་ངེས་པར་འགྲུབ། །,"of earth, water, fire, and wind, one definitely accomplishes [them]. [N-066] [N-T03]","Candidate only: exact EWTS match; construction, whole-expression precedence and proposal scope not certified by assembly."
U01358,sgra,N-T03,ཆུ་ཡི་སྒྲ་ནི་གཤང་བ་ལ། །,"Water's sound, gushing,","Candidate only: exact EWTS match; construction, whole-expression precedence and proposal scope not certified by assembly."
U01359,sgra,N-T03,མཁའ་འགྲོ་མ་ཡི་སྒྲ་དབྱངས་འཛིན། །,holds the melody of the ḍākinīs.,"Candidate only: exact EWTS match; construction, whole-expression precedence and proposal scope not certified by assembly."
U01362,sgra,N-T03,ས་ཡི་སྒྲ་ནི་བསིལ་ཞིང་ལྗི། །,"Earth's sound is cool and heavy,","Candidate only: exact EWTS match; construction, whole-expression precedence and proposal scope not certified by assembly."
U01363,sgra,N-T03,ཚངས་པ་ཆེན་པོའི་སྒྲ་སྐད་ལྡན། །,endowed with the voice of Great Brahmā.,"Candidate only: exact EWTS match; construction, whole-expression precedence and proposal scope not certified by assembly."
U01366,sgra,N-T03,མེ་ཡི་སྒྲ་ནི་རིང་བྱེད་བསླབ། །,"For fire's sound, train in lengtheners; [N-066]","Candidate only: exact EWTS match; construction, whole-expression precedence and proposal scope not certified by assembly."
U01370,sgra,N-T03,རླུང་གི་སྒྲ་ནི་གཟིར་ཞིང་དྲག །,Wind's sound is pressing and fierce;,"Candidate only: exact EWTS match; construction, whole-expression precedence and proposal scope not certified by assembly."
U01374,sgra,N-T03,དེ་ལྟར་འབྱུང་བཞིའི་སྒྲ་དོན་ནི། །,Thus the word and meaning of the four elements,"Candidate only: exact EWTS match; construction, whole-expression precedence and proposal scope not certified by assembly."
U01629,sgra,N-T03,གཟུགས་དང་སྒྲ་དང་དྲི་དང་རོ། །,"and through examining the domains of form, sound, smell, taste,","Candidate only: exact EWTS match; construction, whole-expression precedence and proposal scope not certified by assembly."
U01642,sgra,N-T03,སྒྲ་དང་བཟོ་དང་སྒྱུ་རྩལ་དང་། །,"Through training in word, craft, illusory expressiveness,","Candidate only: exact EWTS match; construction, whole-expression precedence and proposal scope not certified by assembly."
U01708,sgra,N-T03,ངག་ནི་སྒྲ་སྐད་སྣ་ཚོགས་པ། །,"For speech, there are manifold sounds and voices:","Candidate only: exact EWTS match; construction, whole-expression precedence and proposal scope not certified by assembly."
U01790,sgra,N-T03,གཟུགས་དང་སྒྲ་དང་དྲི་རོ་ཡིས། །,"Through form, sound, smell, and taste, [N-T03]","Candidate only: exact EWTS match; construction, whole-expression precedence and proposal scope not certified by assembly."
U01838,sgra,N-T03,རླུང་དང་འོད་དང་སྒྲ་ཆེན་དང༌། །,"Wind, light, and great sound;","Candidate only: exact EWTS match; construction, whole-expression precedence and proposal scope not certified by assembly."
U01870,sgra,N-T03,གཟུགས་དང་སྒྲ་དང་དྲི་དང་རོ། །,"Regarding form, sound, smell, and taste,","Candidate only: exact EWTS match; construction, whole-expression precedence and proposal scope not certified by assembly."
U01872,sgra,N-T03,སྒྲ་ནས་བརྩམས་ཏེ་བསླབ་པར་བྱའོ། །,"one should train, beginning with sound. [N-085] [N-T03]","Candidate only: exact EWTS match; construction, whole-expression precedence and proposal scope not certified by assembly."
U01877,sgra,N-T03,དེ་ནས་སོ་སོའི་སྒྲ་ལ་སྦྱར། །,Then apply [this] to their respective sounds.,"Candidate only: exact EWTS match; construction, whole-expression precedence and proposal scope not certified by assembly."
U01878,sgra,N-T03,སྒྲ་ལ་ངེས་པར་འབྱོངས་པ་ཡིས། །,"Through definite proficiency in sound,","Candidate only: exact EWTS match; construction, whole-expression precedence and proposal scope not certified by assembly."
U01886,sgra,N-T03,སྒྲ་ལ་སོགས་པའི་དབྱེ་བ་ནི། །,The distinctions of sound and so forth,"Candidate only: exact EWTS match; construction, whole-expression precedence and proposal scope not certified by assembly."
U01894,sgra,N-T03,སྒྲ་དང་བྲལ་ནས་དབང་བསྐུར་རོ། །,"free from sound, one confers empowerment. [N-085]","Candidate only: exact EWTS match; construction, whole-expression precedence and proposal scope not certified by assembly."
U01987,sgra,N-T03,ངག་གིས་སྒྲ་སྐད་སྣ་ཚོགས་དང་། །,"For speech, act through manifold sounds and voices,","Candidate only: exact EWTS match; construction, whole-expression precedence and proposal scope not certified by assembly."
U02225,sgra,N-T03,སྒྲ་དང་གདམས་ངག་སྨྲ་དང་གཏམ་ངན་ཡང་བྱུང་ལ་སོགས་ཏེ། །,"sound, instructions, speech, and so forth—[Source variant: ‘Bad news also occurs.’] [N-098]","Candidate only: exact EWTS match; construction, whole-expression precedence and proposal scope not certified by assembly."
U02379,sgra,N-T03,སྒྲ་སྐད་རྣམ་པ་སྣ་ཚོགས་པ། །,[use] manifold sounds and voices.,"Candidate only: exact EWTS match; construction, whole-expression precedence and proposal scope not certified by assembly."
U02588,sgra,N-T03,སྒྲ་དང་བཟོ་དང་རྟེན་འབྲེལ་དང༌། །,"Word, craft, and dependent connections;","Candidate only: exact EWTS match; construction, whole-expression precedence and proposal scope not certified by assembly."
U02625,sgra,N-T03,སྒྲ་ཚིག་མིང་གི་ཆོ་འཕྲུལ་དུ། །,"as a miraculous display of words, phrases, and names,","Candidate only: exact EWTS match; construction, whole-expression precedence and proposal scope not certified by assembly."
U02634,sgra,N-T03,ཞེས་སྒྲ་ཐལ་འགྱུར་ཆེན་པོ་ཆོས་རྣམས་ཀུན་གྱི་རྩ་བ་ལས།,"Thus, from The Great All-Penetrating Word, the Root of All Phenomena,","Candidate only: exact EWTS match; construction, whole-expression precedence and proposal scope not certified by assembly."
U02683,sgra,N-T03,སྒྲ་ཚིག་མིང་དུ་མི་གནས་ཀྱང་། །,"though not abiding as words, phrases, or names,","Candidate only: exact EWTS match; construction, whole-expression precedence and proposal scope not certified by assembly."
U02686,sgra,N-T03,སྒྲ་ཚིག་མིང་དུ་མ་བསྒྲགས་ཀྱང༌། །,"though not proclaimed as words, phrases, or names,","Candidate only: exact EWTS match; construction, whole-expression precedence and proposal scope not certified by assembly."
U03195,sgra,N-T03,དམིགས་གཟུགས་སྒྲ་དྲི་རོ་དང་རེག །,"The objects of focus are form, sound, smell, taste, and touch.","Candidate only: exact EWTS match; construction, whole-expression precedence and proposal scope not certified by assembly."
U03200,sgra,N-T03,སྒྲ་ནི་པི་ཝང་བུམ་ལྡིར་དང་། །,"For sound: lute and booming pot,","Candidate only: exact EWTS match; construction, whole-expression precedence and proposal scope not certified by assembly."
U03621,sgra,N-T03,ཞེས་སྒྲ་ཐལ་འགྱུར་ཆེན་པོ་ཆོས་རྣམས་ཀུན་གྱི་རྩ་བ་ལས།,"Thus, from The Great All-Penetrating Word, the Root of All Phenomena,","Candidate only: exact EWTS match; construction, whole-expression precedence and proposal scope not certified by assembly."
U03654,sgra,N-T03,བརྗོད་མེད་བསམ་དག་སྒྲ་ལས་ཀྱང༌། །,"from words beyond expression, with reflection pure—[N-159]","Candidate only: exact EWTS match; construction, whole-expression precedence and proposal scope not certified by assembly."
U03797,sgra,N-T03,སྒྲ་དང་སོ་སོའི་བརྗོད་པ་དང༌། །,"sounds and respective expressions,","Candidate only: exact EWTS match; construction, whole-expression precedence and proposal scope not certified by assembly."
U03815,sgra,N-T03,སྒྲ་ནི་རིང་དང་ཐུང་བ་དང༌། །,"Sounds are long and short,","Candidate only: exact EWTS match; construction, whole-expression precedence and proposal scope not certified by assembly."
U03933,sgra,N-T03,སོ་སོའི་སྒྲ་དང་ལྷ་ཡི་སྐད། །,their respective sounds and the voices of gods.,"Candidate only: exact EWTS match; construction, whole-expression precedence and proposal scope not certified by assembly."
U03942,sgra,N-T03,སྒྲ་ཡི་བཟློག་པས་གསུམ་གཉིས་རྫོགས། །,"through reversing sound, three and two are complete.","Candidate only: exact EWTS match; construction, whole-expression precedence and proposal scope not certified by assembly."
U03947,sgra,N-T03,སོ་སོའི་སྒྲ་ནི་གནས་པ་དང༌། །,"Their respective sounds, from abiding,","Candidate only: exact EWTS match; construction, whole-expression precedence and proposal scope not certified by assembly."
U04246,sgra,N-T03,གཟུགས་དང་སྒྲ་ཡི་བྱེ་བྲག་ལས། །,"Through distinctions of form and sound,","Candidate only: exact EWTS match; construction, whole-expression precedence and proposal scope not certified by assembly."
U04258,sgra,N-T03,སྒྲ་བྲལ་ཡང་དག་ཚིག་མེད་ཕྱིར། །,"Free from words, truly without phrases,","Candidate only: exact EWTS match; construction, whole-expression precedence and proposal scope not certified by assembly."
U04267,sgra,N-T03,སྒྲ་ནི་དམིགས་པའི་རྟེན་དག་པས། །,"For sound, with a pure support for focus:","Candidate only: exact EWTS match; construction, whole-expression precedence and proposal scope not certified by assembly."
U04272,sgra,N-T03,སོ་སོའི་སྒྲ་ལ་རླུང་ཡང་སྦྱར། །,join wind to each respective sound. [N-184],"Candidate only: exact EWTS match; construction, whole-expression precedence and proposal scope not certified by assembly."
U04304,sgra,N-T03,ཞེས་སྒྲ་ཐལ་འགྱུར་ཆེན་པོ་ཆོས་རྣམས་ཀུན་གྱི་རྩ་བ་ལས།,"Thus, from the Great All-Penetrating Word, Root of All Phenomena:","Candidate only: exact EWTS match; construction, whole-expression precedence and proposal scope not certified by assembly."
U04339,sgra,N-T03,སྒྲ་ཚིག་སྤྲོས་པ་འདི་ལྟ་བུ། །,these elaborations of words and phrases—,"Candidate only: exact EWTS match; construction, whole-expression precedence and proposal scope not certified by assembly."
U04381,sgra,N-T03,སྒྲ་ཚིག་མིང་དུ་ག་ལ་སྲིད། །,"how could words, phrases, and names exist there?","Candidate only: exact EWTS match; construction, whole-expression precedence and proposal scope not certified by assembly."
U04445,sgra,N-T03,གཡས་པས་ཁྱབ་པས་སྒྲ་རྣམས་སྟོན། །,"the right, through pervasion, displays sounds;","Candidate only: exact EWTS match; construction, whole-expression precedence and proposal scope not certified by assembly."
U04522,sgra,N-T03,སྒྲ་མེད་སེམས་ཀྱི་སྤྱོད་པ་སྟེ། །,There is activity of ordinary mind without sound.,"Candidate only: exact EWTS match; construction, whole-expression precedence and proposal scope not certified by assembly."
U04593,sgra,N-T03,སྒྲ་ཚིག་མིང་གི་གྲངས་ཟད་པའོ། །,"the number of words, phrases, and names is exhausted. [N-197]","Candidate only: exact EWTS match; construction, whole-expression precedence and proposal scope not certified by assembly."
U04676,sgra,N-T03,སྒྲ་ཚིག་དུ་མའི་སྤྲོས་པར་སྣང༌། །,it appears as elaborations of many words and phrases.,"Candidate only: exact EWTS match; construction, whole-expression precedence and proposal scope not certified by assembly."
U04717,sgra,N-T03,ཡང་དག་ཆོས་ཉིད་སྒྲ་ལས་ཐལ། །,The true nature of phenomena penetrates beyond words;,"Candidate only: exact EWTS match; construction, whole-expression precedence and proposal scope not certified by assembly."
U04762,sgra,N-T03,ཞེས་སྒྲ་ཐལ་འགྱུར་ཆེན་པོ་ཆོས་རྣམས་ཀུན་གྱི་རྩ་བ་ལས།,"Thus, from the Great All-Penetrating Word, Root of All Phenomena:","Candidate only: exact EWTS match; construction, whole-expression precedence and proposal scope not certified by assembly."
U05162,sgra,N-T03,གཞན་ཡང་འབྱུང་བའི་སྒྲ་རྟགས་བཤད། །,"Furthermore, I shall explain the sounds and signs of the elements.","Candidate only: exact EWTS match; construction, whole-expression precedence and proposal scope not certified by assembly."
U05163,sgra,N-T03,མེ་ཡི་སྒྲ་ནི་འཚེག་པ་དང༌། །,"When fire's sound crackles,","Candidate only: exact EWTS match; construction, whole-expression precedence and proposal scope not certified by assembly."
U05184,sgra,N-T03,ཆུ་ནི་གཤང་དང་སྣ་ཚོགས་སྒྲ། །,water resounds with diverse sounds,"Candidate only: exact EWTS match; construction, whole-expression precedence and proposal scope not certified by assembly."
U05196,sgra,N-T03,ཞེས་སྒྲ་ཐལ་འགྱུར་ཆེན་པོ་ཆོས་རྣམས་ཀུན་གྱི་རྩ་བ་ལས།,"Thus, from the Great All-Penetrating Word, Root of All Phenomena:","Candidate only: exact EWTS match; construction, whole-expression precedence and proposal scope not certified by assembly."
U05200,sgra,N-T03,སྒྲ་ཚིག་ཐ་སྙད་གཞི་མར་ཡང་། །,"also as a foundation for words, phrases, and conventions,","Candidate only: exact EWTS match; construction, whole-expression precedence and proposal scope not certified by assembly."
U05265,sgra,N-T03,གསུང་ནི་སྒྲ་ཚིག་མིང་བྲལ་ནས། །,"Speech is free from words, phrases, and names,","Candidate only: exact EWTS match; construction, whole-expression precedence and proposal scope not certified by assembly."
U05345,sgra,N-T03,སྒྲ་དོན་རྣམས་ལ་བསླབས་ནས་ནི། །,train in their word and meaning;,"Candidate only: exact EWTS match; construction, whole-expression precedence and proposal scope not certified by assembly."
U05359,sgra,N-T03,སྒྲ་ཡི་རྣམ་པར་ཕྱེ་བ་ནི། །,Distinctions through sound:,"Candidate only: exact EWTS match; construction, whole-expression precedence and proposal scope not certified by assembly."
U05373,sgra,N-T03,སྒྲ་ནི་གཤང་དང་བསིང་བ་དང་། །,"Through sounds that resound and ring,","Candidate only: exact EWTS match; construction, whole-expression precedence and proposal scope not certified by assembly."
U05382,sgra,N-T03,སྒྲ་ནི་ཤག་དང་སྡིག་པ་དང༌། །,Its sounds are shag and sdig— [N-232],"Candidate only: exact EWTS match; construction, whole-expression precedence and proposal scope not certified by assembly."
U05387,sgra,N-T03,སྒྲ་ནི་འུར་འཐིབ་སྣ་ཚོགས་ལས། །,"Its sounds are roaring, muffled, and diverse;","Candidate only: exact EWTS match; construction, whole-expression precedence and proposal scope not certified by assembly."
U05392,sgra,N-T03,གཉིས་ཀྱིས་བེམ་དང་རིག་སྒྲ་ཤེས། །,"through the two, one knows the sounds of the insentient and the aware.","Candidate only: exact EWTS match; construction, whole-expression precedence and proposal scope not certified by assembly."
U05394,sgra,N-T03,སོ་སོའི་སྒྲ་དང་རིགས་དྲུག་སྐད། །,each respective sound and the voices of the six classes,"Candidate only: exact EWTS match; construction, whole-expression precedence and proposal scope not certified by assembly."
U05450,sgra,N-T03, སྒྲ་ཐལ་འགྱུར་ཆེན་པོ་ཆོས་རྣམས་ཀུན་གྱི་རྩ་བར་བསྟན་པའི་རྒྱུད་ཅེས་བྱ་བ།,"the continuum called the Great All-Penetrating Word, Taught as the Root of All Phenomena,","Candidate only: exact EWTS match; construction, whole-expression precedence and proposal scope not certified by assembly."
U00955,thugs,N-T04,སྐུ་གསུང་ཐུགས་ཀྱི་དངོས་པོ་གསུམ། །,"The three actual presences of embodiment, speech, and awakened mind—","Candidate only: exact EWTS match; construction, whole-expression precedence and proposal scope not certified by assembly."
U00984,thugs,N-T04,སྐུ་གསུང་ཐུགས་ལ་བརྟེན་ནས་ནི། །,"in dependence on embodiment, speech, and awakened mind,","Candidate only: exact EWTS match; construction, whole-expression precedence and proposal scope not certified by assembly."
U01037,thugs,N-T04,བསྟན་པའི་ཐུགས་ཀྱི་རྡོ་རྗེ་ཡང༌། །,"the vajra of the teaching's awakened mind, too, [N-T04]","Candidate only: exact EWTS match; construction, whole-expression precedence and proposal scope not certified by assembly."
U01344,thugs,N-T04,སྐུ་དང་གསུང་དང་ཐུགས་དང་ནི། །,"From embodiment, speech, and awakened mind, [N-T04]","Candidate only: exact EWTS match; construction, whole-expression precedence and proposal scope not certified by assembly."
U02082,thugs,N-T04,ཐུགས་ཀྱི་འོད་ཀྱི་ཕྲེང་བ་ལས། །,"From the garland of light of awakened mind,","Candidate only: exact EWTS match; construction, whole-expression precedence and proposal scope not certified by assembly."
U02304,thugs,N-T04,མདོར་བསྡུས་སྐུ་དང་གསུང་དང་ཐུགས། །,"in brief, relate embodiment, speech, and awakened mind","Candidate only: exact EWTS match; construction, whole-expression precedence and proposal scope not certified by assembly."
U02663,thugs,N-T04,གྲོལ་ནས་ཐུགས་རྗེ་ཅི་ལྟར་འབྱུང་། །,"After liberation, how does compassionate responsiveness arise?","Candidate only: exact EWTS match; construction, whole-expression precedence and proposal scope not certified by assembly."
U02676,thugs,N-T04,སྟོན་པ་ཐུགས་རྗེ་ཆེན་པོ་ལ། །,"Teacher of great compassionate responsiveness,","Candidate only: exact EWTS match; construction, whole-expression precedence and proposal scope not certified by assembly."
U03261,thugs,N-T04,ཐུགས་རྗེ་མེད་པ་མ་ཡིན་ཏེ། །,it is not that compassionate responsiveness is absent.,"Candidate only: exact EWTS match; construction, whole-expression precedence and proposal scope not certified by assembly."
U03274,thugs,N-T04,ཀུན་ལ་ཁྱབ་པས་ཐུགས་རྗེ་སྟེ། །,"Because it pervades all, it is compassionate responsiveness.","Candidate only: exact EWTS match; construction, whole-expression precedence and proposal scope not certified by assembly."
U03288,thugs,N-T04,དེ་ལྟར་ཐུགས་རྗེའི་འཆར་ཚུལ་ལས། །,"Thus, from the ways compassionate responsiveness arises,","Candidate only: exact EWTS match; construction, whole-expression precedence and proposal scope not certified by assembly."
U03303,thugs,N-T04,ཐུགས་རྗེ་ཁ་དོག་སོ་སོར་གསལ། །,Compassionate responsiveness is clear in distinct colors.,"Candidate only: exact EWTS match; construction, whole-expression precedence and proposal scope not certified by assembly."
U03324,thugs,N-T04,ཐུགས་རྗེ་རྣམ་པ་གསུམ་དུ་གནས། །,and compassionate responsiveness—the three.,"Candidate only: exact EWTS match; construction, whole-expression precedence and proposal scope not certified by assembly."
U03334,thugs,N-T04,ཐུགས་རྗེ་འཆར་བ་སྣ་ཚོགས་ལས། །,"From compassionate responsiveness arising in manifold ways,","Candidate only: exact EWTS match; construction, whole-expression precedence and proposal scope not certified by assembly."
U03639,thugs,N-T04,ཐུགས་རྗེ་ཀུན་ལ་གང་གིས་ཁྱབ། །,Through what does compassionate responsiveness pervade all?,"Candidate only: exact EWTS match; construction, whole-expression precedence and proposal scope not certified by assembly."
U03650,thugs,N-T04,སྟོན་པ་ཐུགས་རྗེ་ཆེན་པོས་གསུངས། །,"Teacher of great compassionate responsiveness, speak.’ [N-159]","Candidate only: exact EWTS match; construction, whole-expression precedence and proposal scope not certified by assembly."
U04031,thugs,N-T04,ཐུགས་རྗེ་ཀུན་ཁྱབ་ཡེ་ཤེས་ལས། །,"From primordial knowing of all-pervading compassionate responsiveness,","Candidate only: exact EWTS match; construction, whole-expression precedence and proposal scope not certified by assembly."
U04036,thugs,N-T04,ཐུགས་ཀྱིས་སེམས་ཅན་རྣམས་ལ་འཆར། །,arises for sentient beings through awakened mind.,"Candidate only: exact EWTS match; construction, whole-expression precedence and proposal scope not certified by assembly."
U04040,thugs,N-T04,རང་བཞིན་ཤུགས་ཀྱིས་ཐུགས་རྗེ་ཉིད། །,"through the force of intrinsic nature, compassionate responsiveness itself","Candidate only: exact EWTS match; construction, whole-expression precedence and proposal scope not certified by assembly."
U04237,thugs,N-T04,ཐུགས་རྗེ་མཛད་པ་མི་སྣང་ངོ༌། །,the deeds of compassionate responsiveness do not appear. [N-181],"Candidate only: exact EWTS match; construction, whole-expression precedence and proposal scope not certified by assembly."
U04681,thugs,N-T04,གཞན་ཡང་ཆོས་ཉིད་ཐུགས་རྗེ་བཤད། །,"Furthermore, I shall explain the compassionate responsiveness of the nature of phenomena.","Candidate only: exact EWTS match; construction, whole-expression precedence and proposal scope not certified by assembly."
U04726,thugs,N-T04,གོལ་ས་རང་གཅོད་ཐུགས་མེ་ལོང་། །,deviations are cut of themselves: the mirror of awakened mind.,"Candidate only: exact EWTS match; construction, whole-expression precedence and proposal scope not certified by assembly."
U05251,thugs,N-T04,སྙིང་དང་ཐུགས་ཀྱི་མེ་ལོང་དང༌། །,"Mirror of the Core and Mirror of Awakened Mind,","Candidate only: exact EWTS match; construction, whole-expression precedence and proposal scope not certified by assembly."
U05261,thugs,N-T04,ཆོས་ཀྱི་སྐུ་ནི་གསུང་དང་ཐུགས། །,"The dharma embodiment: speech and awakened mind,","Candidate only: exact EWTS match; construction, whole-expression precedence and proposal scope not certified by assembly."
U05267,thugs,N-T04,ཐུགས་ནི་བསམ་དང་འགྱུ་མེད་པས། །,"Awakened mind, without thinking or movement,","Candidate only: exact EWTS match; construction, whole-expression precedence and proposal scope not certified by assembly."
U05276,thugs,N-T04,ལོངས་སྤྱོད་སྐུ་ཡང་སྐུ་གསུང་ཐུགས། །,"The complete enjoyment embodiment too has embodiment, speech, awakened mind,","Candidate only: exact EWTS match; construction, whole-expression precedence and proposal scope not certified by assembly."
U05282,thugs,N-T04,ཐུགས་ནི་རྒྱུན་མེད་གཟིགས་པ་དང༌། །,"Awakened mind is seeing without a flow,","Candidate only: exact EWTS match; construction, whole-expression precedence and proposal scope not certified by assembly."
U05293,thugs,N-T04,སྤྲུལ་པའི་སྐུ་ཡང་སྐུ་གསུང་ཐུགས། །,"The emanation embodiment too has embodiment, speech, awakened mind,","Candidate only: exact EWTS match; construction, whole-expression precedence and proposal scope not certified by assembly."
U05299,thugs,N-T04,ཐུགས་ནི་ཤེས་བྱའི་ཡེ་ཤེས་ཀྱིས། །,"Awakened mind, through primordial knowing of objects of knowledge,","Candidate only: exact EWTS match; construction, whole-expression precedence and proposal scope not certified by assembly."
U01659,longs sku,N-T07,སྤྲུལ་སྐུ་ལོངས་སྐུ་ཆོས་སྐུ་ལ། །,"into the emanation embodiment, complete enjoyment embodiment, and dharma embodiment,","Candidate only: exact EWTS match; construction, whole-expression precedence and proposal scope not certified by assembly."
U02932,longs sku,N-T07,འདར་བས་ལོངས་སྐུའི་ཡོན་ཏན་ནོ། །,'Dar [‘quivering’] [grants] the qualities of the complete enjoyment embodiment.,"Candidate only: exact EWTS match; construction, whole-expression precedence and proposal scope not certified by assembly."
U03276,longs sku,N-T07,ལོངས་སྐུའི་ཡེ་ཤེས་མཚན་ཉིད་འཛིན། །,The primordial knowing of the complete enjoyment embodiment holds characteristics.,"Candidate only: exact EWTS match; construction, whole-expression precedence and proposal scope not certified by assembly."
U04048,longs sku,N-T07,ལོངས་སྐུའི་ཡེ་ཤེས་བཤད་པར་བྱའོ། །,primordial knowing of the complete enjoyment embodiment.,"Candidate only: exact EWTS match; construction, whole-expression precedence and proposal scope not certified by assembly."
U05154,longs sku,N-T07,ལོངས་སྐུའི་མཚན་དཔེ་གསལ་བར་ནི། །,the complete enjoyment embodiment's marks and signs are clear;,"Candidate only: exact EWTS match; construction, whole-expression precedence and proposal scope not certified by assembly."
U05211,longs sku,N-T07,ལོངས་སྐུ་ཞེས་པ་གང་ལ་བགྱི། །,To what is complete enjoyment embodiment applied?,"Candidate only: exact EWTS match; construction, whole-expression precedence and proposal scope not certified by assembly."
U05341,longs sku,N-T07,ལོངས་སྐུའི་ས་བོན་འདོད་ཡོན་ལ། །,"Train in desirable qualities, the seed of the complete enjoyment embodiment,","Candidate only: exact EWTS match; construction, whole-expression precedence and proposal scope not certified by assembly."
U05398,longs sku,N-T07,ལོངས་སྐུ་དག་གིས་རྣམ་པར་ཐོབ། །,"through complete enjoyment embodiment, [it] is attained;","Candidate only: exact EWTS match; construction, whole-expression precedence and proposal scope not certified by assembly."
U00968,sprul sku,N-T07,སྤྲུལ་སྐུའི་ཞིང་ཁམས་ཐོག་མ་ལ། །,"in the earliest field of the emanation embodiment,","Candidate only: exact EWTS match; construction, whole-expression precedence and proposal scope not certified by assembly."
U01659,sprul sku,N-T07,སྤྲུལ་སྐུ་ལོངས་སྐུ་ཆོས་སྐུ་ལ། །,"into the emanation embodiment, complete enjoyment embodiment, and dharma embodiment,","Candidate only: exact EWTS match; construction, whole-expression precedence and proposal scope not certified by assembly."
U02931,sprul sku,N-T07,ཀུན་ནི་སྤྲུལ་སྐུའི་ཡོན་ཏན་སྟེར། །,Kun [‘all’] grants the qualities of the emanation embodiment.,"Candidate only: exact EWTS match; construction, whole-expression precedence and proposal scope not certified by assembly."
U03366,sprul sku,N-T07,དབྱེ་བ་ཆོས་དང་ལོངས་སྤྲུལ་སྐུ། །,"Its subdivisions: dharma, complete enjoyment, and emanation embodiments.","Candidate only: exact EWTS match; construction, whole-expression precedence and proposal scope not certified by assembly."
U05344,sprul sku,N-T07,སྤྲུལ་སྐུའི་ས་བོན་འབྱུང་བཞི་ཡི། །,"As for the seed of the emanation embodiment, the four elements:","Candidate only: exact EWTS match; construction, whole-expression precedence and proposal scope not certified by assembly."
U05346,sprul sku,N-T07,གོམས་པས་སྤྲུལ་སྐུ་བསྒྲུབ་པའོ། །,"through familiarity, the emanation embodiment is accomplished. [N-231]","Candidate only: exact EWTS match; construction, whole-expression precedence and proposal scope not certified by assembly."
U02037,rdzogs pa chen po,N-T08,རང་བཞིན་རྫོགས་པ་ཆེན་པོའི་མཐའ། །,The culmination of the Great Perfection of intrinsic nature:,"Candidate only: exact EWTS match; construction, whole-expression precedence and proposal scope not certified by assembly."
U02438,rdzogs pa chen po,N-T08,རང་བཞིན་རྫོགས་པ་ཆེན་པོ་ལ། །,"In the Great Perfection of intrinsic nature,","Candidate only: exact EWTS match; construction, whole-expression precedence and proposal scope not certified by assembly."
U02631,rdzogs pa chen po,N-T08,ཐམས་ཅད་རྫོགས་པ་ཆེན་པོ་ལས། །,"From the Great Perfection of everything,","Candidate only: exact EWTS match; construction, whole-expression precedence and proposal scope not certified by assembly."
U04227,rdzogs pa chen po,N-T08,ཡང་ནི་རྫོགས་པ་ཆེན་པོ་ཡི། །,"Then, through knowing the crucial point","Candidate only: exact EWTS match; construction, whole-expression precedence and proposal scope not certified by assembly."
U04815,rdzogs pa chen po,N-T08,རྫོགས་པ་ཆེན་པོ་ཅིར་སྣང་ཕྱིར། །,"because the Great Perfection appears as anything,","Candidate only: exact EWTS match; construction, whole-expression precedence and proposal scope not certified by assembly."
U05229,rdzogs pa chen po,N-T08,རང་བཞིན་རྫོགས་པ་ཆེན་པོ་ལས། །,"From the Great Perfection of intrinsic nature,","Candidate only: exact EWTS match; construction, whole-expression precedence and proposal scope not certified by assembly."
U05439,rdzogs pa chen po,N-T08,རང་བཞིན་རྫོགས་པ་ཆེན་པོ་ཡི། །,they become even with freedom from conceptual elaborations,"Candidate only: exact EWTS match; construction, whole-expression precedence and proposal scope not certified by assembly."
U05451,rdzogs pa chen po,N-T08, རང་བཞིན་རྫོགས་པ་ཆེན་པོ་ཤོ་ལོ་ཀ་འབུམ་ཕྲག་དྲུག་ཅུ་རྩ་བཞི་ལས་ཁྱད་པར་དུ་བཀོད་པ་རྫོགས་སོ།། །།,"specially arrayed from the sixty-four hundred-thousand ślokas of the Great Perfection of intrinsic nature, is complete. [N-236]","Candidate only: exact EWTS match; construction, whole-expression precedence and proposal scope not certified by assembly."
U00011,gzhi,N-T09;N-T30,ཐུན་མོང་མ་ཡིན་པའི་གླེང་གཞི་བཀོད་པ།,[Source heading: Setting out the uncommon introductory setting.] [N-016],"Candidate only: exact EWTS match; construction, whole-expression precedence and proposal scope not certified by assembly."
U00029,gzhi,N-T09;N-T30,ཐུན་མོང་གི་གླེང་གཞི་བཀོད་པ།,[Source heading: Setting out the common introductory setting.] [N-016],"Candidate only: exact EWTS match; construction, whole-expression precedence and proposal scope not certified by assembly."
U00048,gzhi,N-T09;N-T30,རྒྱུད་འབྱུང་གླེང་གཞི་དང་པོ་ལ། །,"In the initial setting for the arising of the continuum,","Candidate only: exact EWTS match; construction, whole-expression precedence and proposal scope not certified by assembly."
U00151,gzhi,N-T09;N-T30,སྒྲ་དང་ཚིག་གི་གཞི་མའོ། །,are the foundation of words and phrases.,"Candidate only: exact EWTS match; construction, whole-expression precedence and proposal scope not certified by assembly."
U00195,gzhi,N-T09;N-T30,གླེང་གཞི་འབྱུང་བ་ཅི་ཡི་དོན། །,What is the meaning of the arising of the introductory setting?,"Candidate only: exact EWTS match; construction, whole-expression precedence and proposal scope not certified by assembly."
U00315,gzhi,N-T09;N-T30,ངང་གཞི་བབ་ཀྱིས་གྲུབ་པ་ཡི། །,"Accomplished through the settling of the basic condition, [N-023]","Candidate only: exact EWTS match; construction, whole-expression precedence and proposal scope not certified by assembly."
U00324,gzhi,N-T09;N-T30,སས་ནི་གཞི་མ་འཛིན་པ་དང༌། །,Earth supports the foundation,"Candidate only: exact EWTS match; construction, whole-expression precedence and proposal scope not certified by assembly."
U00354,gzhi,N-T09;N-T30,ལུས་ནི་གླེང་གཞི་རྣམ་པ་གཉིས། །,The body is the two aspects of the introductory setting.,"Candidate only: exact EWTS match; construction, whole-expression precedence and proposal scope not certified by assembly."
U00358,gzhi,N-T09;N-T30,ཐུན་མོང་དག་གི་གླེང་གཞི་ཡིས། །,the common introductory setting,"Candidate only: exact EWTS match; construction, whole-expression precedence and proposal scope not certified by assembly."
U00543,gzhi,N-T09;N-T30,སྒྲ་དབྱངས་སྣ་ཚོགས་འབྱུང་བའི་གཞི། །,It is the Ground from which diverse sounds and melodies arise.,"Candidate only: exact EWTS match; construction, whole-expression precedence and proposal scope not certified by assembly."
U00665,gzhi,N-T09;N-T30,འགྱུར་ཞིང་བྱེད་པ་ལུས་ཀྱི་གཞི། །,transform and act as the body's Ground.,"Candidate only: exact EWTS match; construction, whole-expression precedence and proposal scope not certified by assembly."
U00680,gzhi,N-T09;N-T30,གཞི་སྟེ་མ་འོངས་ངེས་པར་སྟོན། །,"It is the Ground, definitely showing what is yet to come.","Candidate only: exact EWTS match; construction, whole-expression precedence and proposal scope not certified by assembly."
U00681,gzhi,N-T09;N-T30,གླེང་གཞིར་བཅས་པས་གཞི་བཟུང་སྟེ། །,"Taking up the Ground together with the introductory setting,","Candidate only: exact EWTS match; construction, whole-expression precedence and proposal scope not certified by assembly."
U00686,gzhi,N-T09;N-T30,སྒྲ་བརྡའ་མཚོན་པའི་གཞི་མ་སྟོན། །,shows the foundation for indication by words and signs.,"Candidate only: exact EWTS match; construction, whole-expression precedence and proposal scope not certified by assembly."
U00692,gzhi,N-T09;N-T30,ཡོན་ཏན་རྫོགས་པ་གསང་བའི་གཞི། །,"the secret Ground, complete in qualities.","Candidate only: exact EWTS match; construction, whole-expression precedence and proposal scope not certified by assembly."
U00715,gzhi,N-T09;N-T30,གཞི་ཉིད་འགྱུར་བ་མེད་པར་རྫོགས། །,The Ground itself is complete without change.,"Candidate only: exact EWTS match; construction, whole-expression precedence and proposal scope not certified by assembly."
U00722,gzhi,N-T09;N-T30,གླེང་གཞི་དག་ལ་ཡང་དག་ཚིག །,True phrases in the introductory setting:,"Candidate only: exact EWTS match; construction, whole-expression precedence and proposal scope not certified by assembly."
U00724,gzhi,N-T09;N-T30,གདུལ་གཞི་ཕུང་པོ་རྣམ་པ་ལྔ། །,the Ground of training is the five aggregates.,"Candidate only: exact EWTS match; construction, whole-expression precedence and proposal scope not certified by assembly."
U00725,gzhi,N-T09;N-T30,དེ་ཡི་འདུལ་བྱེད་གླེང་གཞི་སྟེ། །,The introductory setting is what trains that Ground.,"Candidate only: exact EWTS match; construction, whole-expression precedence and proposal scope not certified by assembly."
U00727,gzhi,N-T09;N-T30,གཞི་ནི་རྣམ་པ་ལྔ་ཡིན་ཏེ། །,‘Ground’ has five aspects.,"Candidate only: exact EWTS match; construction, whole-expression precedence and proposal scope not certified by assembly."
U00753,gzhi,N-T09;N-T30,ཐུན་མོང་གླེང་གཞིའི་རྒྱུ་དང་རྐྱེན། །,"As for the causes and conditions of the common introductory setting,","Candidate only: exact EWTS match; construction, whole-expression precedence and proposal scope not certified by assembly."
U00773,gzhi,N-T09;N-T30,བསྟན་པ་གསོ་བའི་གཞི་མ་བྱེད། །,will provide the basis for restoring the teaching.,"Candidate only: exact EWTS match; construction, whole-expression precedence and proposal scope not certified by assembly."
U01316,gzhi,N-T09;N-T30,བརྗོད་དུ་མེད་པས་ཚིག་གི་གཞི། །,"Inexpressible, [it is] the Ground of words. [N-064]","Candidate only: exact EWTS match; construction, whole-expression precedence and proposal scope not certified by assembly."
U01479,gzhi,N-T09;N-T30,ཕྱི་ཡི་དུས་ནི་གཞི་དག་ལས། །,"For the outer times, from the Ground, [N-071]","Candidate only: exact EWTS match; construction, whole-expression precedence and proposal scope not certified by assembly."
U01519,gzhi,N-T09;N-T30,དངོས་གཞི་རང་གི་རྒྱུད་ལ་བརྟེན། །,and the main practice depend on one's own continuum.,"Candidate only: exact EWTS match; construction, whole-expression precedence and proposal scope not certified by assembly."
U01533,gzhi,N-T09;N-T30,དངོས་གཞི་རང་གི་རྒྱུད་བརྟེན་ནི། །,"The main practice, relying on one's own continuum,","Candidate only: exact EWTS match; construction, whole-expression precedence and proposal scope not certified by assembly."
U01803,gzhi,N-T09;N-T30,ས་གཞི་ཡང་བྱུང་ཡ་བཞི་བཟུང་སྟེ་རང་རང་བསྟུན། །,"taking four million, bring each into accord. [Source variant: ‘gzhi also occurs.’] [N-083]","Candidate only: exact EWTS match; construction, whole-expression precedence and proposal scope not certified by assembly."
U02003,gzhi,N-T09;N-T30,སོ་སོའི་གཞི་དང་དབང་པོ་ཡིས། །,"Through their respective Grounds and faculties,","Candidate only: exact EWTS match; construction, whole-expression precedence and proposal scope not certified by assembly."
U02148,gzhi,N-T09;N-T30,བྱུང་བ་མེད་པའི་གཞི་ཞེས་བྱ། །,are called the Ground without arising. [N-094],"Candidate only: exact EWTS match; construction, whole-expression precedence and proposal scope not certified by assembly."
U02198,gzhi,N-T09;N-T30,རྫོགས་པའི་བྱང་ཆུབ་གཞི་འཛིན་པའོ། །,and upholds the Ground of complete awakening. [N-097],"Candidate only: exact EWTS match; construction, whole-expression precedence and proposal scope not certified by assembly."
U02351,gzhi,N-T09;N-T30,མི་འགུལ་གསུམ་ལ་གཞི་བཅས་པས། །,"With a Ground in the three nonmovements,","Candidate only: exact EWTS match; construction, whole-expression precedence and proposal scope not certified by assembly."
U02452,gzhi,N-T09;N-T30,གཞི་དང་འབྲས་བུར་ལྟོས་མིན་པའོ། །,there is no dependence on Ground and result.,"Candidate only: exact EWTS match; construction, whole-expression precedence and proposal scope not certified by assembly."
U02458,gzhi,N-T09;N-T30,གཞི་དང་རྩ་བ་མེད་པའོ། །,have neither Ground nor root.,"Candidate only: exact EWTS match; construction, whole-expression precedence and proposal scope not certified by assembly."
U02467,gzhi,N-T09;N-T30,སྔོན་འགྲོ་བ་དང་དངོས་གཞི་དང༌། །,"preliminary practice, main practice,","Candidate only: exact EWTS match; construction, whole-expression precedence and proposal scope not certified by assembly."
U02667,gzhi,N-T09;N-T30,ཀུན་གཞི་ཆོས་སྐུ་གཉིས་གནད་གང༌། །,"What is the crucial point concerning the all-basis and dharma embodiment, the two?","Candidate only: exact EWTS match; construction, whole-expression precedence and proposal scope not certified by assembly."
U02702,gzhi,N-T09;N-T30,གཞི་གནས་འཁྲུལ་པའི་རྩིས་སྦྱོར་རོ། །,the application of calculating delusion abiding in the Ground. [N-118],"Candidate only: exact EWTS match; construction, whole-expression precedence and proposal scope not certified by assembly."
U02743,gzhi,N-T09;N-T30,ལེན་པའི་འཁྲུལ་གཞི་བཅུ་གསུམ་དྲུག །,"The Grounds of delusion of grasping: thirteen, six. [Numerical grouping unresolved.] [N-120]","Candidate only: exact EWTS match; construction, whole-expression precedence and proposal scope not certified by assembly."
U02784,gzhi,N-T09;N-T30,གཞི་ལས་འཕགས་པའི་དབང་པོ་ཡིས། །,"through a noble faculty from the Ground,","Candidate only: exact EWTS match; construction, whole-expression precedence and proposal scope not certified by assembly."
U02816,gzhi,N-T09;N-T30,འཁྲུལ་འཁོར་རྩིས་ཀྱི་གཞི་མར་བྱུང༌། །,arises as the foundation of calculating delusion's mechanism.,"Candidate only: exact EWTS match; construction, whole-expression precedence and proposal scope not certified by assembly."
U02841,gzhi,N-T09;N-T30,གཞི་ལས་རྟོག་ཚོགས་འདུས་པ་ཡིས། །,"Through the gathering of conceptual thoughts from the Ground,","Candidate only: exact EWTS match; construction, whole-expression precedence and proposal scope not certified by assembly."
U02910,gzhi,N-T09;N-T30,གོང་འོག་གནས་ཀྱི་གཞི་མ་བྱེད། །,and makes a foundation for the upper and lower abodes. [N-127],"Candidate only: exact EWTS match; construction, whole-expression precedence and proposal scope not certified by assembly."
U03026,gzhi,N-T09;N-T30,མི་རྟོག་ཡེ་ཤེས་གཞི་མ་འཛིན། །,they hold the foundation of non-conceptual primordial knowing. [N-132],"Candidate only: exact EWTS match; construction, whole-expression precedence and proposal scope not certified by assembly."
U03032,gzhi,N-T09;N-T30,གསལ་བའི་ཚིག་འཇུག་གཞི་མ་སྡུད། །,"entering clear words, it gathers the foundation;","Candidate only: exact EWTS match; construction, whole-expression precedence and proposal scope not certified by assembly."
U03246,gzhi,N-T09;N-T30,གཞི་ལ་རྫོགས་པས་འགྲོ་འོང་མེད། །,"Complete in the Ground, there is no going or coming.","Candidate only: exact EWTS match; construction, whole-expression precedence and proposal scope not certified by assembly."
U03248,gzhi,N-T09;N-T30,གཞི་རྩ་མེད་པས་སྟོང་པར་གནས། །,"Without Ground or root, it abides empty.","Candidate only: exact EWTS match; construction, whole-expression precedence and proposal scope not certified by assembly."
U03251,gzhi,N-T09;N-T30,དུས་ཀྱིས་གྲོལ་བས་ལྟོས་གཞི་མེད། །,"Liberated through time, there is no basis of dependence.","Candidate only: exact EWTS match; construction, whole-expression precedence and proposal scope not certified by assembly."
U03255,gzhi,N-T09;N-T30,ཡེ་ནས་གྲོལ་བས་བསྐྱར་གཞི་མེད། །,"Liberated from the outset, there is nothing to repeat.","Candidate only: exact EWTS match; construction, whole-expression precedence and proposal scope not certified by assembly."
U03262,gzhi,N-T09;N-T30,གཞི་ལ་གནས་པའི་ཡེ་ཤེས་ཀྱིས། །,"Through primordial knowing that abides in the Ground,","Candidate only: exact EWTS match; construction, whole-expression precedence and proposal scope not certified by assembly."
U03263,gzhi,N-T09;N-T30,རང་བཞིན་ཤུགས་ཀྱིས་འཆང་གཞི་བྱེད། །,"intrinsic nature, by its own momentum, serves as a support for holding. [N-143]","Candidate only: exact EWTS match; construction, whole-expression precedence and proposal scope not certified by assembly."
U03269,gzhi,N-T09;N-T30,ཆོས་ཀྱི་སྐུ་ལ་གཞི་གནས་ཏེ། །,the Ground abides in the dharma embodiment.,"Candidate only: exact EWTS match; construction, whole-expression precedence and proposal scope not certified by assembly."
U03293,gzhi,N-T09;N-T30,དང་པོ་གཞི་ལ་ཁྱབ་ཚུལ་ལ། །,"first, its manner of pervading the Ground;","Candidate only: exact EWTS match; construction, whole-expression precedence and proposal scope not certified by assembly."
U03321,gzhi,N-T09;N-T30,ཐོག་མའི་གཞི་ལ་གནས་པ་དང་། །,"abiding in the initial Ground,","Candidate only: exact EWTS match; construction, whole-expression precedence and proposal scope not certified by assembly."
U03336,gzhi,N-T09;N-T30,སྣ་ཚོགས་སྣང་ཕྱིར་གཞི་ཞེས་བྱ། །,"and manifold [appearances] arise, it is called the Ground.","Candidate only: exact EWTS match; construction, whole-expression precedence and proposal scope not certified by assembly."
U03354,gzhi,N-T09;N-T30, ཀུན་གཞི་དང་ནི་ཆོས་སྐུའི་གནད། །,The crucial point of the all-basis and the dharma embodiment:,"Candidate only: exact EWTS match; construction, whole-expression precedence and proposal scope not certified by assembly."
U03355,gzhi,N-T09;N-T30,དེ་ལ་ཀུན་གཞི་རེ་ཞིག་བཤད། །,"first, the all-basis will be explained.","Candidate only: exact EWTS match; construction, whole-expression precedence and proposal scope not certified by assembly."
U03356,gzhi,N-T09;N-T30,ཆོས་དང་ཆོས་མིན་ཀུན་གྱི་གཞི། །,It is the basis of all phenomena and nonphenomena.,"Candidate only: exact EWTS match; construction, whole-expression precedence and proposal scope not certified by assembly."
U03360,gzhi,N-T09;N-T30,སྣ་ཚོགས་པ་དང་ཡེ་གཞིའོ། །,"the manifold, and the primordial Ground. [N-147]","Candidate only: exact EWTS match; construction, whole-expression precedence and proposal scope not certified by assembly."
U03362,gzhi,N-T09;N-T30,གཞི་ནི་ཚོགས་ཤིང་སོགས་པའོ། །,‘basis’ means assembling and accumulating.,"Candidate only: exact EWTS match; construction, whole-expression precedence and proposal scope not certified by assembly."
U03377,gzhi,N-T09;N-T30,དྲན་བསམ་རྣམས་ཀྱི་གཞི་པའོ། །,it is the Ground of mindfulness and reflection.,"Candidate only: exact EWTS match; construction, whole-expression precedence and proposal scope not certified by assembly."
U03494,gzhi,N-T09;N-T30,གཞི་ཡིས་བཞི་ཡང་བྱུང་འགྲོ་བའི་སྣང་བ་སྟོན། །,"through the Ground, reveal the appearances of beings. [Source variant: ‘Four also occurs.’] [N-152]","Candidate only: exact EWTS match; construction, whole-expression precedence and proposal scope not certified by assembly."
U03495,gzhi,N-T09;N-T30,གཞི་ཡི་གནས་དང་འགྲོ་བའི་ལམ། །,The place of the Ground and the path of going;,"Candidate only: exact EWTS match; construction, whole-expression precedence and proposal scope not certified by assembly."
U03545,gzhi,N-T09;N-T30,རྟོག་བཅས་འཁྲུལ་པའི་གཞི་མེད་པས། །,"Because there is no Ground of delusion accompanied by conceptual thought,","Candidate only: exact EWTS match; construction, whole-expression precedence and proposal scope not certified by assembly."
U03546,gzhi,N-T09;N-T30,ཀུན་གཞི་ཆོས་སྐུ་ཆེན་པོར་རྟོགས།,the all-basis is realized as the great dharma embodiment.,"Candidate only: exact EWTS match; construction, whole-expression precedence and proposal scope not certified by assembly."
U03698,gzhi,N-T09;N-T30,མ་བཅོས་གཞི་ལ་གནས་པའོ། །,one abides in the uncontrived Ground.,"Candidate only: exact EWTS match; construction, whole-expression precedence and proposal scope not certified by assembly."
U03738,gzhi,N-T09;N-T30,གཞི་དང་ཤེས་པ་སྦགས་པ་དང༌། །,"the Ground, knowing, contamination,","Candidate only: exact EWTS match; construction, whole-expression precedence and proposal scope not certified by assembly."
U03743,gzhi,N-T09;N-T30,གཞི་ནི་གང་ཡང་འབྱེད་མེད་ཅིང༌། །,"The Ground does not differentiate anything,","Candidate only: exact EWTS match; construction, whole-expression precedence and proposal scope not certified by assembly."
U03831,gzhi,N-T09;N-T30,གཞི་རྫོགས་ལམ་དང་འབྲས་བུའོ། །,"completion in the Ground, path, and result.","Candidate only: exact EWTS match; construction, whole-expression precedence and proposal scope not certified by assembly."
U03851,gzhi,N-T09;N-T30,དེ་ཡང་གཞི་ལ་རྫོ་གས་པའི་གནད། །,"This, too, is the crucial point of completion in the Ground. [N-167]","Candidate only: exact EWTS match; construction, whole-expression precedence and proposal scope not certified by assembly."
U03863,gzhi,N-T09;N-T30,བརྟགས་པས་མ་རྙེད་ཐ་སྙད་གཞིའོ། །,"not finding through examination, and the basis of convention. [N-168]","Candidate only: exact EWTS match; construction, whole-expression precedence and proposal scope not certified by assembly."
U03869,gzhi,N-T09;N-T30,ཀུན་གཞི་ཚོགས་པའི་སྣང་ཆར་ཤར། །,the gathering of the all-basis arises as aspects of appearance.,"Candidate only: exact EWTS match; construction, whole-expression precedence and proposal scope not certified by assembly."
U03892,gzhi,N-T09;N-T30,ཐ་སྙད་གཞི་ཡང་སྟོང་པའོ། །,"the basis of convention, too, is empty.","Candidate only: exact EWTS match; construction, whole-expression precedence and proposal scope not certified by assembly."
U03893,gzhi,N-T09;N-T30,གཞི་ནི་གཅིག་དང་གཉིས་སུ་མིན། །,The Ground is neither one nor two.,"Candidate only: exact EWTS match; construction, whole-expression precedence and proposal scope not certified by assembly."
U03927,gzhi,N-T09;N-T30,གཞི་ལ་གསུམ་བཞག་ཉེར་གཅིག་གིས། །,"Placing three in the Ground, through twenty-one,","Candidate only: exact EWTS match; construction, whole-expression precedence and proposal scope not certified by assembly."
U03952,gzhi,N-T09;N-T30,གནས་གཞན་རྩ་བ་བརྩེ་བ་བཞི་ཡང་གཞི་དག་ལས། །,From the root foundation of other places—[Source variant: ‘brtse ba bzhi also’; wording unresolved.] [N-170],"Candidate only: exact EWTS match; construction, whole-expression precedence and proposal scope not certified by assembly."
U04020,gzhi,N-T09;N-T30,སྣ་ཚོགས་རྫོགས་པའི་གཞི་མའོ། །,the foundation in which diversity is complete. [N-175],"Candidate only: exact EWTS match; construction, whole-expression precedence and proposal scope not certified by assembly."
U04024,gzhi,N-T09;N-T30,འདི་ལྟར་གཞི་ཞེས་མངོན་པར་གནས། །,Thus it manifestly abides as what is called ‘the Ground.’,"Candidate only: exact EWTS match; construction, whole-expression precedence and proposal scope not certified by assembly."
U04057,gzhi,N-T09;N-T30,གཞན་མེད་གྲོལ་གཞི་རྫོགས་པའོ། །,"With no other, the Ground of liberation is complete.","Candidate only: exact EWTS match; construction, whole-expression precedence and proposal scope not certified by assembly."
U04088,gzhi,N-T09;N-T30,རང་གྲོལ་རྫོགས་པའི་གཞི་སྣང་ལས། །,"From ground-appearance in which self-liberation is complete,","Candidate only: exact EWTS match; construction, whole-expression precedence and proposal scope not certified by assembly."
U04102,gzhi,N-T09;N-T30,གྲོལ་གཞི་ཆོས་ཉིད་དག་པ་ལ། །,"In the pure nature of phenomena, the Ground of liberation,","Candidate only: exact EWTS match; construction, whole-expression precedence and proposal scope not certified by assembly."
U04145,gzhi,N-T09;N-T30,སྣང་ཆས་བརྗོད་གཞི་བྲལ་བ་ལ། །,The appearance aspect is free from a basis for expression;,"Candidate only: exact EWTS match; construction, whole-expression precedence and proposal scope not certified by assembly."
U04155,gzhi,N-T09;N-T30,གཞི་ལ་གཡོ་བ་མེད་པའོ། །,of great uncontrived self-liberation. [N-178],"Candidate only: exact EWTS match; construction, whole-expression precedence and proposal scope not certified by assembly."
U04163,gzhi,N-T09;N-T30, གཞི་དང་སྙིང་པོ་མེ་ཏོག་གིས། །,"With Ground, core, and flowers,","Candidate only: exact EWTS match; construction, whole-expression precedence and proposal scope not certified by assembly."
U04166,gzhi,N-T09;N-T30,རང་སྣང་གཞི་ལ་སྟོན་པ་དང་། །,it shows self-appearance in the Ground,"Candidate only: exact EWTS match; construction, whole-expression precedence and proposal scope not certified by assembly."
U04254,gzhi,N-T09;N-T30,བརྗོད་གཞི་འགགས་པས་མཐའ་མི་གནས། །,"The basis of expression having ceased, one does not abide at an extreme.","Candidate only: exact EWTS match; construction, whole-expression precedence and proposal scope not certified by assembly."
U04259,gzhi,N-T09;N-T30,ལྟོས་གཞི་ཐམས་ཅད་ཟད་པའོ། །,all bases of dependence are exhausted.,"Candidate only: exact EWTS match; construction, whole-expression precedence and proposal scope not certified by assembly."
U04294,gzhi,N-T09;N-T30,གཞི་དང་འབྱེད་པ་དུས་མཉམ་པའི། །,"in an activity in which the Ground and differentiation are simultaneous,","Candidate only: exact EWTS match; construction, whole-expression precedence and proposal scope not certified by assembly."
U04340,gzhi,N-T09;N-T30,བརྗོད་པ་མེད་པའི་གཞི་ལ་ཤར། །,arose in the Ground free from expression. [N-186],"Candidate only: exact EWTS match; construction, whole-expression precedence and proposal scope not certified by assembly."
U04382,gzhi,N-T09;N-T30,ལྟོས་གཞི་རང་དག་འཁྲུལ་པ་དག །,"The basis of dependence is self-purified, and delusion is purified.","Candidate only: exact EWTS match; construction, whole-expression precedence and proposal scope not certified by assembly."
U04388,gzhi,N-T09;N-T30,སངས་རྒྱས་སེམས་ཅན་གཞི་མར་སྣང༌། །,"buddhas and sentient beings appear as a foundation,","Candidate only: exact EWTS match; construction, whole-expression precedence and proposal scope not certified by assembly."
U04400,gzhi,N-T09;N-T30,ཐད་ཀ་སོ་སོའི་གཞི་ལས་གྲོལ། །,each is directly liberated from its own Ground. [N-189],"Candidate only: exact EWTS match; construction, whole-expression precedence and proposal scope not certified by assembly."
U04553,gzhi,N-T09;N-T30,གཅིག་ཏུ་མི་གནས་རང་གསལ་གཞི། །,"not abiding in one place, a Ground of its own clarity.","Candidate only: exact EWTS match; construction, whole-expression precedence and proposal scope not certified by assembly."
U04601,gzhi,N-T09;N-T30,དངོས་གཞི་གནས་ལ་བསྒྱུར་བ་ཡིས། །,"and the abiding of the main practice,","Candidate only: exact EWTS match; construction, whole-expression precedence and proposal scope not certified by assembly."
U04675,gzhi,N-T09;N-T30,སྣ་ཚོགས་མིང་གི་གདགས་གཞི་ལས། །,"From the basis for assigning diverse names,","Candidate only: exact EWTS match; construction, whole-expression precedence and proposal scope not certified by assembly."
U04697,gzhi,N-T09;N-T30,ལྟ་སྒོམ་མེད་པའི་གཞི་ལ་བསྐྱལ། །,carried to a Ground without view and cultivation;,"Candidate only: exact EWTS match; construction, whole-expression precedence and proposal scope not certified by assembly."
U04734,gzhi,N-T09;N-T30,འདི་དག་རྣམས་ཀྱང་གཞི་ལས་ཤར། །,All of these arise from the Ground. [N-201],"Candidate only: exact EWTS match; construction, whole-expression precedence and proposal scope not certified by assembly."
U04736,gzhi,N-T09;N-T30,ཐ་སྙད་ཚིག་གི་གཞི་མར་ཤར། །,it arises as the foundation of conventional phrases.,"Candidate only: exact EWTS match; construction, whole-expression precedence and proposal scope not certified by assembly."
U04767,gzhi,N-T09;N-T30,བརྗོད་དུ་མེད་པའི་གཞི་མ་ལས། །,"from the inexpressible foundation,","Candidate only: exact EWTS match; construction, whole-expression precedence and proposal scope not certified by assembly."
U04908,gzhi,N-T09;N-T30,རང་བཞིན་དག་པའི་གཞི་སྣང་ངོ་། །,and there is ground-appearance of pure intrinsic nature.,"Candidate only: exact EWTS match; construction, whole-expression precedence and proposal scope not certified by assembly."
U04948,gzhi,N-T09;N-T30,ཆོས་ཀུན་མཉམ་པའི་གཞི་མེད་དང་། །,there is no Ground of the evenness of all phenomena;,"Candidate only: exact EWTS match; construction, whole-expression precedence and proposal scope not certified by assembly."
U04968,gzhi,N-T09;N-T30,དེ་ལྟར་གཞི་རྩ་གང་མེད་པས། །,"Thus, with no Ground or root whatsoever:","Candidate only: exact EWTS match; construction, whole-expression precedence and proposal scope not certified by assembly."
U04982,gzhi,N-T09;N-T30,སེམས་དང་མ་རིག་འཁྲུལ་པ་ཆོས་ཉིད་གཞི། །,"Ordinary mind, ignorance, and delusion are the Ground of the nature of phenomena.","Candidate only: exact EWTS match; construction, whole-expression precedence and proposal scope not certified by assembly."
U04992,gzhi,N-T09;N-T30,ཡང་དག་མ་ཡིན་མ་དག་གཞི། །,"An untrue, impure Ground—","Candidate only: exact EWTS match; construction, whole-expression precedence and proposal scope not certified by assembly."
U04993,gzhi,N-T09;N-T30,ཉོན་མོངས་དྲུག་གི་གཞི་མ་ལ། །,"in the foundation of the six afflictions,","Candidate only: exact EWTS match; construction, whole-expression precedence and proposal scope not certified by assembly."
U05022,gzhi,N-T09;N-T30,ཁམས་གསུམ་འཁོར་བའི་གཞི་སྟོངས་པས། །,"Emptying the Ground of samsara in the three realms,","Candidate only: exact EWTS match; construction, whole-expression precedence and proposal scope not certified by assembly."
U05100,gzhi,N-T09;N-T30,མ་རིག་གཞི་བཟློག་རང་རིག་གོ། །,Reverse the Ground of ignorance: self-awareness. [N-221],"Candidate only: exact EWTS match; construction, whole-expression precedence and proposal scope not certified by assembly."
U05103,gzhi,N-T09;N-T30,འབྲས་བུ་རང་རྫོགས་ཆོས་ཉིད་གཞི། །,"The result is self-complete, the Ground of the nature of phenomena;","Candidate only: exact EWTS match; construction, whole-expression precedence and proposal scope not certified by assembly."
U05106,gzhi,N-T09;N-T30,ཆོས་ཀྱི་འཁྲུལ་པས་ ཡེ་གཞི་ཡང་ཡས་གཞི་བྱས། །,Delusion concerning phenomena makes a primordial basis. [Source variant: ‘upper basis.’] [N-221],"Candidate only: exact EWTS match; construction, whole-expression precedence and proposal scope not certified by assembly."
U05110,gzhi,N-T09;N-T30,ཆོས་ཀུན་གཞི་མེད་རྩ་བ་སུ་ལ་སྲིད། །,All phenomena are without a Ground; for whom could a root exist?,"Candidate only: exact EWTS match; construction, whole-expression precedence and proposal scope not certified by assembly."
U05131,gzhi,N-T09;N-T30,རང་དག་པ་དང་གཞི་མ་དང༌། །,"Self-purity and the foundation,","Candidate only: exact EWTS match; construction, whole-expression precedence and proposal scope not certified by assembly."
U05132,gzhi,N-T09;N-T30,འཁོར་དང་འདྲེས་པའི་གཞི་མ་བརྟེན་པའི་གཞི་མ་དང་ཡང་བྱུང་དག །,and the foundation mixed with samsara—[Source variant: ‘foundation of reliance.’],"Candidate only: exact EWTS match; construction, whole-expression precedence and proposal scope not certified by assembly."
U05142,gzhi,N-T09;N-T30,འཁྲུལ་གཞི་ལྟོས་པ་ཐ་དད་ལས། །,"Through different dependencies upon the basis of delusion,","Candidate only: exact EWTS match; construction, whole-expression precedence and proposal scope not certified by assembly."
U05200,gzhi,N-T09;N-T30,སྒྲ་ཚིག་ཐ་སྙད་གཞི་མར་ཡང་། །,"also as a foundation for words, phrases, and conventions,","Candidate only: exact EWTS match; construction, whole-expression precedence and proposal scope not certified by assembly."
U02285,'khor 'das ru shan,N-T11,འཁོར་འདས་རུ་ཤན་འོག་བཞིན་དབྱེ། །,"distinguish samsara and nirvana through the secret preliminary, as below. [N-100]","Candidate only: exact EWTS match; construction, whole-expression precedence and proposal scope not certified by assembly."
U02360,'khor 'das ru shan,N-T11,འཁོར་འདས་རུ་ཤན་མ་ཕྱེས་ན། །,"Unless samsara and nirvana are distinguished through the secret preliminary,","Candidate only: exact EWTS match; construction, whole-expression precedence and proposal scope not certified by assembly."
U02363,'khor 'das ru shan,N-T11,འཁོར་འདས་རུ་ཤན་ཕྱེ་བ་བཤད། །,"Therefore, I explain distinguishing samsara and nirvana through the secret preliminary.","Candidate only: exact EWTS match; construction, whole-expression precedence and proposal scope not certified by assembly."
U00237,'dzin,N-T15,ཕྱི་རོལ་འབྱུང་རྟགས་གང་གིས་འཛིན། །,How are the outer elemental signs discerned?,"Candidate only: exact EWTS match; construction, whole-expression precedence and proposal scope not certified by assembly."
U00301,'dzin,N-T15,རྡོ་རྗེ་ཡང་འཛིན་འཁོར་རྣམས་ཉོན། །,"retinue who also hold the vajra, listen!","Candidate only: exact EWTS match; construction, whole-expression precedence and proposal scope not certified by assembly."
U00512,'dzin,N-T15,ཐལ་བ་འཛིན་ཞེས་བྱ་བ་ནི། །,that called Holder of Penetration,"Candidate only: exact EWTS match; construction, whole-expression precedence and proposal scope not certified by assembly."
U00698,'dzin,N-T15,ལུང་བསྟན་རྗེས་འཛིན་སེམས་ཀྱི་གནད། །,"prophecy, guidance, and the crucial point of ordinary mind,","Candidate only: exact EWTS match; construction, whole-expression precedence and proposal scope not certified by assembly."
U00770,'dzin,N-T15,དགེ་སློང་དག་གིས་འཛིན་པར་འགྱུར། །,will uphold it.,"Candidate only: exact EWTS match; construction, whole-expression precedence and proposal scope not certified by assembly."
U00782,'dzin,N-T15,བསྟན་པ་འདི་ནི་འཛིན་པར་འགྱུར། །,will uphold this teaching.,"Candidate only: exact EWTS match; construction, whole-expression precedence and proposal scope not certified by assembly."
U00793,'dzin,N-T15,རྒྱལ་པོ་ཉིད་ཀྱིས་བསྟན་པ་འཛིན། །,will uphold the teaching.,"Candidate only: exact EWTS match; construction, whole-expression precedence and proposal scope not certified by assembly."
U00804,'dzin,N-T15,བསྟན་པ་དམ་པ་འདི་འཛིན་ཏེ། །,will uphold this sacred teaching.,"Candidate only: exact EWTS match; construction, whole-expression precedence and proposal scope not certified by assembly."
U00805,'dzin,N-T15,དེ་ཡི་ཡོན་བདག་དཔའ་བོ་འཛིན། །,"His patron, Holder of Heroes,","Candidate only: exact EWTS match; construction, whole-expression precedence and proposal scope not certified by assembly."
U00814,'dzin,N-T15,འདི་ཉིད་བློ་གྲོས་བཟང་པོས་འཛིན། །,Excellent Intelligence will uphold it.,"Candidate only: exact EWTS match; construction, whole-expression precedence and proposal scope not certified by assembly."
U00837,'dzin,N-T15,དེ་འདས་དཔལ་འཛིན་དང་པོས་འཛིན། །,"After that, the first Glory-Holder will uphold it.","Candidate only: exact EWTS match; construction, whole-expression precedence and proposal scope not certified by assembly."
U00865,'dzin,N-T15,སྡེ་པ་རྩོད་ཅིང་མཚོན་ཆ་འཛིན། །,He will quarrel with groups and take up weapons.,"Candidate only: exact EWTS match; construction, whole-expression precedence and proposal scope not certified by assembly."
U00962,'dzin,N-T15,དུས་སུ་ཀློག་དང་འཛིན་བྱས་ན། །,"If one reads and retains it at the proper times,","Candidate only: exact EWTS match; construction, whole-expression precedence and proposal scope not certified by assembly."
U00990,'dzin,N-T15,འདིས་ནི་དམ་པའི་བསྟན་པ་འཛིན། །,will uphold the sacred teaching.,"Candidate only: exact EWTS match; construction, whole-expression precedence and proposal scope not certified by assembly."
U00994,'dzin,N-T15,ལོ་ནི་བདུན་ཅུ་རྩ་ལྔར་འཛིན། །,will uphold it for seventy-five years.,"Candidate only: exact EWTS match; construction, whole-expression precedence and proposal scope not certified by assembly."
U00998,'dzin,N-T15,ཞེས་པ་ཡིས་ནི་འཛིན་པར་འགྱུར། །,will uphold it.,"Candidate only: exact EWTS match; construction, whole-expression precedence and proposal scope not certified by assembly."
U00999,'dzin,N-T15,དེ་རྗེས་འཛིན་པ་གདོལ་པའི་རིགས། །,"After him, one of the outcaste class will uphold it—","Candidate only: exact EWTS match; construction, whole-expression precedence and proposal scope not certified by assembly."
U01000,'dzin,N-T15,ཛྙཱ་ན་སཱུ་ཏྲས་འདི་ཉིད་འཛིན། །,Jñānasūtra will uphold this very teaching. [N-049],"Candidate only: exact EWTS match; construction, whole-expression precedence and proposal scope not certified by assembly."
U01001,'dzin,N-T15,དེ་རྗེས་འཛིན་པ་ཁྱིམ་བདག་རིགས། །,"After him, one of the householder class—","Candidate only: exact EWTS match; construction, whole-expression precedence and proposal scope not certified by assembly."
U01002,'dzin,N-T15,ཕྱག་རྒྱ་རྒྱ་ཆེན་དག་གིས་འཛིན། །,Vast Seal—will uphold it. [N-050],"Candidate only: exact EWTS match; construction, whole-expression precedence and proposal scope not certified by assembly."
U01004,'dzin,N-T15,སྤྲུལ་པ་ཕྱག་བརྙན་བཅས་པས་འཛིན། །,"an emanation together with an attendant, will uphold it. [N-050]","Candidate only: exact EWTS match; construction, whole-expression precedence and proposal scope not certified by assembly."
U01007,'dzin,N-T15,དེ་རྗེས་སེདྷེ་ཤྭ་རས་འཛིན། །,"After him, Sedheśvara will uphold it.","Candidate only: exact EWTS match; construction, whole-expression precedence and proposal scope not certified by assembly."
U01009,'dzin,N-T15,བྱང་ཆུབ་སེམས་དཔའ་དག་གིས་འཛིན། །,bodhisattvas—will uphold it.,"Candidate only: exact EWTS match; construction, whole-expression precedence and proposal scope not certified by assembly."
U01011,'dzin,N-T15,སྤྲུལ་པ་བཛྲ་ཕ་ལས་འཛིན། །,"Vajraphala, will uphold it.","Candidate only: exact EWTS match; construction, whole-expression precedence and proposal scope not certified by assembly."
U01013,'dzin,N-T15,བཟང་པོ་དག་གིས་འཛིན་པའོ། །,the Good One—will uphold it. [N-050],"Candidate only: exact EWTS match; construction, whole-expression precedence and proposal scope not certified by assembly."
U01014,'dzin,N-T15,དེ་འོག་སྒྲ་མཁན་དཔལ་འཛིན་ནོ། །,"After that, Glorious Word-Specialist will uphold it.","Candidate only: exact EWTS match; construction, whole-expression precedence and proposal scope not certified by assembly."
U01015,'dzin,N-T15,དེ་འོག་ཡོ་གི་པྲ་བྷས་འཛིན། །,"After that, Yogi Prabha will uphold it.","Candidate only: exact EWTS match; construction, whole-expression precedence and proposal scope not certified by assembly."
U01018,'dzin,N-T15,དེ་ནས་བློ་གྲོས་མཆོག་གི་འཛིན། །,then Supreme Intelligence will uphold it.,"Candidate only: exact EWTS match; construction, whole-expression precedence and proposal scope not certified by assembly."
U01019,'dzin,N-T15,དེ་ནས་མཁའ་འགྲོ་དཔལ་འཛིན་མས། །,"Then the ḍākinī Glory-Holder,","Candidate only: exact EWTS match; construction, whole-expression precedence and proposal scope not certified by assembly."
U01331,'dzin,N-T15,འཛིན་ཆགས་མེད་པས་ཅི་དགར་རོལ། །,"Without grasping or attachment, one plays as one pleases.","Candidate only: exact EWTS match; construction, whole-expression precedence and proposal scope not certified by assembly."
U01339,'dzin,N-T15,བསྟན་པ་དམ་པའི་གཞི་མ་འཛིན། །,he upholds the foundation of the sacred teaching. [N-065],"Candidate only: exact EWTS match; construction, whole-expression precedence and proposal scope not certified by assembly."
U01359,'dzin,N-T15,མཁའ་འགྲོ་མ་ཡི་སྒྲ་དབྱངས་འཛིན། །,holds the melody of the ḍākinīs.,"Candidate only: exact EWTS match; construction, whole-expression precedence and proposal scope not certified by assembly."
U01413,'dzin,N-T15,གང་གིས་རལ་གྲི་འཛིན་འདོད་ན། །,"Whoever wishes to become a sword-holder,","Candidate only: exact EWTS match; construction, whole-expression precedence and proposal scope not certified by assembly."
U01419,'dzin,N-T15,རལ་གྲི་འཛིན་པ་ཆེན་པོར་འགྱུར། །,one becomes a great sword-holder.,"Candidate only: exact EWTS match; construction, whole-expression precedence and proposal scope not certified by assembly."
U01460,'dzin,N-T15,རྡོ་རྗེ་འཛིན་པའི་སྐུ་ཉིད་འགྲུབ། །,one accomplishes the embodiment of the vajra-holder.,"Candidate only: exact EWTS match; construction, whole-expression precedence and proposal scope not certified by assembly."
U01651,'dzin,N-T15,འདི་དག་ངང་དུ་འཛིན་པར་འགྱུར། །,comes to be held within this condition. [N-077],"Candidate only: exact EWTS match; construction, whole-expression precedence and proposal scope not certified by assembly."
U01725,'dzin,N-T15,སྣ་ཚོགས་ཏིང་ངེ་འཛིན་གྱིས་བསྒྱུར། །,"transform through manifold deep absorptions,","Candidate only: exact EWTS match; construction, whole-expression precedence and proposal scope not certified by assembly."
U02016,'dzin,N-T15,གང་ལ་ཞེན་དང་འཛིན་མེད་པར། །,"Without attachment or holding to anything,","Candidate only: exact EWTS match; construction, whole-expression precedence and proposal scope not certified by assembly."
U02027,'dzin,N-T15,འགྱུ་ཞིང་འཛིན་པར་བྱེད་པས་ན། །,"because there is movement and holding,","Candidate only: exact EWTS match; construction, whole-expression precedence and proposal scope not certified by assembly."
U02198,'dzin,N-T15,རྫོགས་པའི་བྱང་ཆུབ་གཞི་འཛིན་པའོ། །,and upholds the Ground of complete awakening. [N-097],"Candidate only: exact EWTS match; construction, whole-expression precedence and proposal scope not certified by assembly."
U02221,'dzin,N-T15,འདི་དག་རྣམས་ཀྱང་འཛིན་པ་སྟེ། །,hold these as well.,"Candidate only: exact EWTS match; construction, whole-expression precedence and proposal scope not certified by assembly."
U02343,'dzin,N-T15,ཡིད་དཔྱོད་འཛིན་པའི་ཚིག་ལས་འདས། །,one transcends words held through mental examination. [N-103],"Candidate only: exact EWTS match; construction, whole-expression precedence and proposal scope not certified by assembly."
U02404,'dzin,N-T15,བརྟེན་ནས་ནང་རླུང་འཛིན་འདོད་པས། །,one wishing to retain the inner wind:,"Candidate only: exact EWTS match; construction, whole-expression precedence and proposal scope not certified by assembly."
U02405,'dzin,N-T15,རླུང་འཛིན་སྤྱོད་པ་ཉེར་གཅིག་ནི། །,the twenty-one activities of retaining wind— [N-105],"Candidate only: exact EWTS match; construction, whole-expression precedence and proposal scope not certified by assembly."
U02414,'dzin,N-T15,སེམས་འཛིན་བསླབ་པ་ཉེར་གཅིག་གིས། །,"Through twenty-one trainings in retaining ordinary mind,","Candidate only: exact EWTS match; construction, whole-expression precedence and proposal scope not certified by assembly."
U02692,'dzin,N-T15,དམིགས་པར་འཛིན་པའི་ཡུལ་ཤར་ཏེ། །,an object held as a focus arose.,"Candidate only: exact EWTS match; construction, whole-expression precedence and proposal scope not certified by assembly."
U02693,'dzin,N-T15,རྟོག་འཛིན་ལས་ནི་ཐ་དད་སྣང༌། །,"From conceptualizing and holding, distinct appearances [arose].","Candidate only: exact EWTS match; construction, whole-expression precedence and proposal scope not certified by assembly."
U02694,'dzin,N-T15,དམིགས་འཛིན་འབྲེལ་པ་བཅུ་གཉིས་སུ། །,"In the twelve connections of focusing and holding,","Candidate only: exact EWTS match; construction, whole-expression precedence and proposal scope not certified by assembly."
U02725,'dzin,N-T15,གྲུབ་ཅིང་འཛིན་པ་བརྒྱ་དང་ལྔ། །,establishing and holding: one hundred and five.,"Candidate only: exact EWTS match; construction, whole-expression precedence and proposal scope not certified by assembly."
U02796,'dzin,N-T15,འཛིན་རྟོག་བྲལ་ནས་ཡེ་སངས་རྒྱས། །,"Free from holding and conceptualizing, there is primordial buddhahood.","Candidate only: exact EWTS match; construction, whole-expression precedence and proposal scope not certified by assembly."
U02810,'dzin,N-T15,ཡོངས་སུ་རྫོགས་པའི་ཏིང་འཛིན་གནས། །,one abides in fully complete deep absorption.,"Candidate only: exact EWTS match; construction, whole-expression precedence and proposal scope not certified by assembly."
U02818,'dzin,N-T15,རྟོག་འཛིན་སྣང་བས་ཡིད་ཕྲོག་སྟེ། །,the appearance of conceptualizing and holding captivates the mental faculty.,"Candidate only: exact EWTS match; construction, whole-expression precedence and proposal scope not certified by assembly."
U02823,'dzin,N-T15,འགྱུ་ཞིང་འཛིན་པ་ཙམ་དུ་གྱུར། །,come to be mere movement and holding.,"Candidate only: exact EWTS match; construction, whole-expression precedence and proposal scope not certified by assembly."
U02869,'dzin,N-T15,འགྱུ་བྱེད་རྟོག་པ་རགས་འཛིན་པ། །,"the conceptual thought that causes movement and holds coarsely,","Candidate only: exact EWTS match; construction, whole-expression precedence and proposal scope not certified by assembly."
U02930,'dzin,N-T15,ལས་རླུང་བཟློག་ཅིང་ཡེ་ཤེས་འཛིན། །,It reverses karmic wind and retains primordial knowing.,"Candidate only: exact EWTS match; construction, whole-expression precedence and proposal scope not certified by assembly."
U02947,'dzin,N-T15,གཉིས་ཀྱི་ཆ་འཛིན་སྣང་བ་སྟོན། །,"Holding the two portions, it reveals appearances. [N-128]","Candidate only: exact EWTS match; construction, whole-expression precedence and proposal scope not certified by assembly."
U02956,'dzin,N-T15,རིག་ཅིང་གཟུགས་རྣམས་འཛིན་པ་དང༌། །,"It is aware and holds forms,","Candidate only: exact EWTS match; construction, whole-expression precedence and proposal scope not certified by assembly."
U02977,'dzin,N-T15,བསྡུས་ཏེ་རང་སྣང་འཛིན་པར་བྱེད། །,and holds self-appearance.,"Candidate only: exact EWTS match; construction, whole-expression precedence and proposal scope not certified by assembly."
U02980,'dzin,N-T15,རིག་པའི་སྐུ་རྣམས་འཛིན་པ་དང༌། །,"and retaining the embodiments of awareness,","Candidate only: exact EWTS match; construction, whole-expression precedence and proposal scope not certified by assembly."
U02985,'dzin,N-T15,རང་སྣང་ཡུལ་རྣམས་འཛིན་པའོ། །,the objects of self-appearance are held. [N-129],"Candidate only: exact EWTS match; construction, whole-expression precedence and proposal scope not certified by assembly."
U03026,'dzin,N-T15,མི་རྟོག་ཡེ་ཤེས་གཞི་མ་འཛིན། །,they hold the foundation of non-conceptual primordial knowing. [N-132],"Candidate only: exact EWTS match; construction, whole-expression precedence and proposal scope not certified by assembly."
U03030,'dzin,N-T15,འཛིན་འཇུག་མཆེད་དང་བྱེད་པའོ། །,"It holds, enters, spreads, and acts. [N-132]","Candidate only: exact EWTS match; construction, whole-expression precedence and proposal scope not certified by assembly."
U03042,'dzin,N-T15,ཟུང་གཉིས་ཆ་ལས་སྐུ་གཉིས་འཛིན། །,"from the two paired portions, it holds two embodiments","Candidate only: exact EWTS match; construction, whole-expression precedence and proposal scope not certified by assembly."
U03054,'dzin,N-T15,གཟུང་འཛིན་འཕྲང་ལ་བརྒལ་ནས་ནི། །,"Crossing the precipice of apprehended object and apprehending subject,","Candidate only: exact EWTS match; construction, whole-expression precedence and proposal scope not certified by assembly."
U03069,'dzin,N-T15,སྡུད་ཅིང་འཛིན་ལ་འཕེན་པར་བྱེད། །,"It gathers, holds, and projects [them].","Candidate only: exact EWTS match; construction, whole-expression precedence and proposal scope not certified by assembly."
U03084,'dzin,N-T15,ཡང་ཞིང་གཡོ་བའི་བདག་ཉིད་འཛིན། །,"light, and moving—it holds these identities.","Candidate only: exact EWTS match; construction, whole-expression precedence and proposal scope not certified by assembly."
U03159,'dzin,N-T15,ས་ཡིས་ས་ནི་ཚིགས་དང་ཡན་ལག་རྒྱས་པར་འཛིན། །,Earth's earth extensively holds joints and limbs. [N-136],"Candidate only: exact EWTS match; construction, whole-expression precedence and proposal scope not certified by assembly."
U03165,'dzin,N-T15,ཆུ་ཡིས་ཏིང་འཛིན་དམིགས་པ་གསལ། །,[Wind's] water makes the object of deep absorption clear.,"Candidate only: exact EWTS match; construction, whole-expression precedence and proposal scope not certified by assembly."
U03167,'dzin,N-T15,རླུང་གི་རླུང་གིས་རྟོག་དཔྱོད་འཛིན། །,Wind's wind holds conceptual thought and examination. [N-136],"Candidate only: exact EWTS match; construction, whole-expression precedence and proposal scope not certified by assembly."
U03264,'dzin,N-T15,མཚན་ཉིད་འཛིན་པའི་ཡེ་ཤེས་ཀྱིས། །,"Through primordial knowing that holds characteristics,","Candidate only: exact EWTS match; construction, whole-expression precedence and proposal scope not certified by assembly."
U03276,'dzin,N-T15,ལོངས་སྐུའི་ཡེ་ཤེས་མཚན་ཉིད་འཛིན། །,The primordial knowing of the complete enjoyment embodiment holds characteristics.,"Candidate only: exact EWTS match; construction, whole-expression precedence and proposal scope not certified by assembly."
U03349,'dzin,N-T15,རྟོག་ཅིང་འཛིན་པའི་ཡུལ་མི་སྣང༌། །,No object of conceptualizing and holding appears.,"Candidate only: exact EWTS match; construction, whole-expression precedence and proposal scope not certified by assembly."
U03350,'dzin,N-T15,འགྱུ་དང་འཛིན་པ་ཡེ་ནས་སྟོང༌། །,Movement and holding are empty from the outset.,"Candidate only: exact EWTS match; construction, whole-expression precedence and proposal scope not certified by assembly."
U03364,'dzin,N-T15,རང་གར་འཛིན་པའི་མཚན་མ་མེད། །,There are no characteristics of arbitrary holding.,"Candidate only: exact EWTS match; construction, whole-expression precedence and proposal scope not certified by assembly."
U03636,'dzin,N-T15,གཟུང་དང་འཛིན་པ་ཅི་ཡི་ཕྱིར། །,Why are there an apprehended object and an apprehending subject?,"Candidate only: exact EWTS match; construction, whole-expression precedence and proposal scope not certified by assembly."
U03683,'dzin,N-T15,རྟོག་པ་འཛིན་པ་སྟོང་ཚིགས་ལའོ། །,Conceptual thought and holding are at the thousand-junctures. [N-160],"Candidate only: exact EWTS match; construction, whole-expression precedence and proposal scope not certified by assembly."
U03733,'dzin,N-T15,རྟོག་འཛིན་བྱེད་པའི་རྟགས་དང་ནི། །,"through the signs of conceptualizing and holding as agents,","Candidate only: exact EWTS match; construction, whole-expression precedence and proposal scope not certified by assembly."
U03746,'dzin,N-T15,མཆེད་པར་འཛིན་པ་རྣམས་ཡིན་ནོ། །,and holds [what] spreads.,"Candidate only: exact EWTS match; construction, whole-expression precedence and proposal scope not certified by assembly."
U03747,'dzin,N-T15,སྦགས་པ་དྲི་མར་འཛིན་པ་སྟེ། །,Contamination is holding as a stain:,"Candidate only: exact EWTS match; construction, whole-expression precedence and proposal scope not certified by assembly."
U03752,'dzin,N-T15,རྟག་འཛིན་ཡུལ་དེར་སྣང་བའོ། །,appear in that object held as permanent.,"Candidate only: exact EWTS match; construction, whole-expression precedence and proposal scope not certified by assembly."
U03766,'dzin,N-T15,གསལ་དང་སྟོང་པ་རགས་པ་འཛིན། །,"clarity, emptiness, the coarse, the apprehending subject,","Candidate only: exact EWTS match; construction, whole-expression precedence and proposal scope not certified by assembly."
U03767,'dzin,N-T15,རྣམ་ཤེས་འཛིན་པའི་གཟུགས་ཅན་ནོ། །,"consciousness, and what possesses form. [N-165]","Candidate only: exact EWTS match; construction, whole-expression precedence and proposal scope not certified by assembly."
U03775,'dzin,N-T15,འཛིན་ཅིང་མཆེད་པ་སྡུད་པར་བྱེད། །,"It holds, spreads, and gathers,","Candidate only: exact EWTS match; construction, whole-expression precedence and proposal scope not certified by assembly."
U03785,'dzin,N-T15,འཛིན་པ་དབང་པོའི་ཡུལ་དག་ལ། །,"The apprehending subject, toward the objects of the faculties,","Candidate only: exact EWTS match; construction, whole-expression precedence and proposal scope not certified by assembly."
U03837,'dzin,N-T15,ཕྱི་ནི་སྤྲིན་བྲལ་མཁའ་ལ་འཛིན། །,Outer: hold [the focus] in cloud-free space.,"Candidate only: exact EWTS match; construction, whole-expression precedence and proposal scope not certified by assembly."
U03858,'dzin,N-T15,ཤེས་འཛིན་རྟོག་པ་ཀུན་ཟད་པའོ། །,"knowing, holding, and conceptual thought are all exhausted. [N-167]","Candidate only: exact EWTS match; construction, whole-expression precedence and proposal scope not certified by assembly."
U03963,'dzin,N-T15,ཡུལ་དང་འཛིན་དང་ཞེན་པའོ། །,"object, apprehending subject, and clinging.","Candidate only: exact EWTS match; construction, whole-expression precedence and proposal scope not certified by assembly."
U03979,'dzin,N-T15,འཛིན་པ་མིག་ལ་སོགས་པ་ཡིས། །,"The apprehending subject: through eyes and so forth,","Candidate only: exact EWTS match; construction, whole-expression precedence and proposal scope not certified by assembly."
U03983,'dzin,N-T15,དེ་ལས་འབྱུང་བས་འཛིན་ཆགས་སོ། །,"Arising from this, there are holding and attachment. [N-171]","Candidate only: exact EWTS match; construction, whole-expression precedence and proposal scope not certified by assembly."
U03986,'dzin,N-T15,གཟུང་དང་འཛིན་པ་གཉིས་སུ་ཤར། །,apprehended object and apprehending subject arise as two.,"Candidate only: exact EWTS match; construction, whole-expression precedence and proposal scope not certified by assembly."
U03987,'dzin,N-T15,གཟུང་བ་ཡུལ་ལ་འཛིན་པ་སེམས། །,The apprehended object is the object; the apprehending subject is ordinary mind.,"Candidate only: exact EWTS match; construction, whole-expression precedence and proposal scope not certified by assembly."
U04006,'dzin,N-T15,གཟུང་འཛིན་མིང་གི་མཐའ་ཟད་པའོ། །,the limits of the names ‘apprehended object and apprehending subject’ are exhausted.,"Candidate only: exact EWTS match; construction, whole-expression precedence and proposal scope not certified by assembly."
U04047,'dzin,N-T15,དེ་ལས་མཚན་ཉིད་འཛིན་པ་ཡི། །,Then I shall explain the characteristic-holding,"Candidate only: exact EWTS match; construction, whole-expression precedence and proposal scope not certified by assembly."
U04056,'dzin,N-T15,གྲོལ་འཛིན་མཐའ་ཡི་རྟོག་པ་ཟད། །,conceptual thought at the limits of liberation and grasping is exhausted.,"Candidate only: exact EWTS match; construction, whole-expression precedence and proposal scope not certified by assembly."
U04225,'dzin,N-T15,གང་གིས་འཛིན་པར་འདོད་པ་ཡི། །,one who wishes to hold these,"Candidate only: exact EWTS match; construction, whole-expression precedence and proposal scope not certified by assembly."
U04226,'dzin,N-T15,འཛིན་བྱུང་སྐུ་ཡི་སྣང་བ་བཟུང༌། །,holds the appearance of embodiment arising from holding. [N-181],"Candidate only: exact EWTS match; construction, whole-expression precedence and proposal scope not certified by assembly."
U04417,'dzin,N-T15,སོ་སོའི་རིགས་ཀྱི་མཚན་ཉིད་འཛིན། །,they hold the characteristics of their respective families.,"Candidate only: exact EWTS match; construction, whole-expression precedence and proposal scope not certified by assembly."
U04421,'dzin,N-T15,མྱ་ངན་འདས་པའི་མཚན་ཉིད་འཛིན། །,the characteristics of passing beyond sorrow are held.,"Candidate only: exact EWTS match; construction, whole-expression precedence and proposal scope not certified by assembly."
U04441,'dzin,N-T15,མིག་ལས་རླུང་གཉིས་གཟུང་དང་འཛིན། །,"From the eyes, the two winds of apprehended object and apprehending subject:","Candidate only: exact EWTS match; construction, whole-expression precedence and proposal scope not certified by assembly."
U04443,'dzin,N-T15,གཡོན་པས་འཛིན་པས་ཁ་དོག་རྫོགས། །,"through the left, the apprehending aspect, colors are complete. [N-191]","Candidate only: exact EWTS match; construction, whole-expression precedence and proposal scope not certified by assembly."
U04447,'dzin,N-T15,གང་དང་གང་རྣམས་འཛིན་པར་བྱེད། །,holds each respective [sound].,"Candidate only: exact EWTS match; construction, whole-expression precedence and proposal scope not certified by assembly."
U04450,'dzin,N-T15,རིག་པའི་སྐུ་ཡང་འཛིན་པའོ། །,also holds the embodiments of awareness. [N-191],"Candidate only: exact EWTS match; construction, whole-expression precedence and proposal scope not certified by assembly."
U04514,'dzin,N-T15,ཕྲ་ཞིང་འཁྲིལ་པས་སྣང་བ་འཛིན། །,"subtle and entwining, hold appearance.","Candidate only: exact EWTS match; construction, whole-expression precedence and proposal scope not certified by assembly."
U04581,'dzin,N-T15,རྟོག་མེད་ཏིང་འཛིན་རང་གནས་ཏེ། །,Deep absorption free from conceptualization abides of itself.,"Candidate only: exact EWTS match; construction, whole-expression precedence and proposal scope not certified by assembly."
U04587,'dzin,N-T15,བྱ་བ་བྱེད་དང་མཚན་ཉིད་འཛིན། །,"doing doings and holding characteristics,","Candidate only: exact EWTS match; construction, whole-expression precedence and proposal scope not certified by assembly."
U04589,'dzin,N-T15,སོ་སོའི་རིགས་རྣམས་འཛིན་པའོ། །,and holding the respective classes.,"Candidate only: exact EWTS match; construction, whole-expression precedence and proposal scope not certified by assembly."
U04642,'dzin,N-T15,འདི་ལ་མཆེད་དང་འཛིན་ཤེས་ན། །,"Knowing how to spread and hold them,","Candidate only: exact EWTS match; construction, whole-expression precedence and proposal scope not certified by assembly."
U04694,'dzin,N-T15,འཛིན་པ་མེད་པའི་སེམས་ཤར་བ། །,ordinary mind arises without an apprehending subject.,"Candidate only: exact EWTS match; construction, whole-expression precedence and proposal scope not certified by assembly."
U04774,'dzin,N-T15,གང་གིས་འཛིན་པར་འགྱུར་བ་ལགས། །,be held?,"Candidate only: exact EWTS match; construction, whole-expression precedence and proposal scope not certified by assembly."
U04786,'dzin,N-T15,རྡོ་རྗེ་འཛིན་པས་བདག་ལ་གསུང་། །,"Vajra-holder, speak to me.’","Candidate only: exact EWTS match; construction, whole-expression precedence and proposal scope not certified by assembly."
U04794,'dzin,N-T15,བལྟ་བ་བསྒོམ་པ་འཛིན་པ་ནི། །,Those who hold view and cultivation,"Candidate only: exact EWTS match; construction, whole-expression precedence and proposal scope not certified by assembly."
U04798,'dzin,N-T15,འགྱུར་མེད་རབ་ཏུ་བརྟན་པས་འཛིན། །,"unchanging and utterly stable, they hold it.","Candidate only: exact EWTS match; construction, whole-expression precedence and proposal scope not certified by assembly."
U04803,'dzin,N-T15,ཤེས་རབ་ལྡན་པས་འཛིན་པར་འགྱུར། །,"and possesses discerning knowing, will hold it. [N-205]","Candidate only: exact EWTS match; construction, whole-expression precedence and proposal scope not certified by assembly."
U04868,'dzin,N-T15,གྲོལ་བའི་ཆོས་ལ་རྣམ་འཛིན་བྲལ། །,"In liberated phenomena, differentiated grasping is absent.","Candidate only: exact EWTS match; construction, whole-expression precedence and proposal scope not certified by assembly."
U04879,'dzin,N-T15,ཡིད་དཔྱོད་འཛིན་པ་ཉིད་དུ་འདོད། །,mental examination and grasping are maintained. [N-209],"Candidate only: exact EWTS match; construction, whole-expression precedence and proposal scope not certified by assembly."
U04888,'dzin,N-T15,གཟུང་དང་འཛིན་པ་འགག་པའོ། །,and ceasing apprehended object and apprehending subject.,"Candidate only: exact EWTS match; construction, whole-expression precedence and proposal scope not certified by assembly."
U04896,'dzin,N-T15,ཏིང་ངེ་འཛིན་ཞེས་བཤད་པ་ལ། །,are explained as deep absorption.,"Candidate only: exact EWTS match; construction, whole-expression precedence and proposal scope not certified by assembly."
U04905,'dzin,N-T15,གོ་བས་སེམས་ཉིད་འཛིན་པ་དང༌། །,"Through understanding, the nature of ordinary mind is held,","Candidate only: exact EWTS match; construction, whole-expression precedence and proposal scope not certified by assembly."
U04921,'dzin,N-T15,འཛིན་ཆ་ནང་དུ་རྒྱུན་བདེ་དང་། །,an apprehending aspect with a continuous inward ease;,"Candidate only: exact EWTS match; construction, whole-expression precedence and proposal scope not certified by assembly."
U04922,'dzin,N-T15,ཆ་ལུགས་གསལ་བའི་འཛིན་ཆ་དང༌། །,an apprehending aspect clear in its manner of parts;,"Candidate only: exact EWTS match; construction, whole-expression precedence and proposal scope not certified by assembly."
U04930,'dzin,N-T15,གཟུང་དང་འཛིན་པའི་མཐའ་ཟད་དང༌། །,the limits of apprehended object and apprehending subject are exhausted;,"Candidate only: exact EWTS match; construction, whole-expression precedence and proposal scope not certified by assembly."
U05021,'dzin,N-T15,གཞན་ཡང་ཡུལ་འཛིན་བལྟ་བ་བཤད། །,"Furthermore, I shall explain the view that apprehends objects.","Candidate only: exact EWTS match; construction, whole-expression precedence and proposal scope not certified by assembly."
U05115,'dzin,N-T15,ང་མེད་བདག་མེད་གཟུང་དང་འཛིན་པ་མེད་པའོ།,"There is no I, no self, no apprehended object and no apprehending subject. [N-221]","Candidate only: exact EWTS match; construction, whole-expression precedence and proposal scope not certified by assembly."
U05258,'dzin,N-T15,བཅུད་འདུས་བསྟན་པ་འཛིན་པས་ན། །,"By holding the teaching in which vital content is gathered,","Candidate only: exact EWTS match; construction, whole-expression precedence and proposal scope not certified by assembly."
U05428,'dzin,N-T15,བྲི་ཞིང་འཛིན་པ་ཉིད་དུ་སྟེ། །,write it and hold it;,"Candidate only: exact EWTS match; construction, whole-expression precedence and proposal scope not certified by assembly."
U01142,bcud kyis len pa,N-T16,དྲིས་ནི་བཅུད་ཀྱིས་ལེན་པ་འགྲུབ། །,"Through smell, taking nourishment from vital essences is accomplished. [N-T16]","Candidate only: exact EWTS match; construction, whole-expression precedence and proposal scope not certified by assembly."
U01452,bcud kyis len pa,N-T16,བཅུད་ཀྱིས་ལེན་པ་ཆེན་པོར་ཡང་། །,there is no doubt that it becomes,"Candidate only: exact EWTS match; construction, whole-expression precedence and proposal scope not certified by assembly."
U02511,bcud kyis len pa,N-T16,བཅུད་ཀྱིས་ལེན་པ་འདི་ལྟ་བུ། །,Taking nourishment from vital essences is like this:,"Candidate only: exact EWTS match; construction, whole-expression precedence and proposal scope not certified by assembly."
U00299,rgyun,N-T17,མངལ་གྱི་རྒྱུན་གཅོད་ངན་སོང་ཕྱག །,"the cutter of the succession of wombs, the sweeper of the lower destinies. [N-022]","Candidate only: exact EWTS match; construction, whole-expression precedence and proposal scope not certified by assembly."
U00540,rgyun,N-T17,ཐལ་བའི་རྒྱུན་ཞེས་བྱ་བ་ནི། །,that called Flow of Penetration,"Candidate only: exact EWTS match; construction, whole-expression precedence and proposal scope not certified by assembly."
U01072,rgyun,N-T17,སེམས་ཅན་འཁོར་བ་རྒྱུན་ཆད་ནས། །,"the flow of sentient beings' samsara having been cut off, [N-T17]","Candidate only: exact EWTS match; construction, whole-expression precedence and proposal scope not certified by assembly."
U01323,rgyun,N-T17,རྒྱུན་དུ་གནས་པས་འབྲལ་བ་མེད། །,"Abiding continuously, there is no separation.","Candidate only: exact EWTS match; construction, whole-expression precedence and proposal scope not certified by assembly."
U01327,rgyun,N-T17,འགྲོ་དྲུག་ལམ་གྱི་རྒྱུན་གཅོད་དོ། །,one cuts the flow of the paths of the six destinies.,"Candidate only: exact EWTS match; construction, whole-expression precedence and proposal scope not certified by assembly."
U01463,rgyun,N-T17,རྟེན་འབྲེལ་རྒྱུན་དུ་བསྟན་པ་ཡིས། །,"and continually teaching dependent connections,","Candidate only: exact EWTS match; construction, whole-expression precedence and proposal scope not certified by assembly."
U01484,rgyun,N-T17,བརྗོད་པའི་རྒྱུན་རྣམས་གཅད་པ་གནད། །,The crucial point is to cut the flows of expression.,"Candidate only: exact EWTS match; construction, whole-expression precedence and proposal scope not certified by assembly."
U01899,rgyun,N-T17,ཕྱི་ནང་དབུགས་ནི་རྒྱུན་བཅད་ནས། །,"Having cut the flow of outer and inner breath, [Editorial note: Do not attempt breath cessation from this draft.] [N-085]","Candidate only: exact EWTS match; construction, whole-expression precedence and proposal scope not certified by assembly."
U02087,rgyun,N-T17,ཡང་ན་ཐུན་དྲུག་རྒྱུན་བརྟེན་ན། །,"or relying continuously on six sessions,","Candidate only: exact EWTS match; construction, whole-expression precedence and proposal scope not certified by assembly."
U02331,rgyun,N-T17,རྒྱུན་དུ་འདའ་བར་མི་བྱའོ། །,one should never depart from them. [N-103],"Candidate only: exact EWTS match; construction, whole-expression precedence and proposal scope not certified by assembly."
U02349,rgyun,N-T17,ཁམས་གསུམ་འཁོར་བའི་རྒྱུན་ཐག་བཅད། །,one cuts the flow of samsara of the three realms.,"Candidate only: exact EWTS match; construction, whole-expression precedence and proposal scope not certified by assembly."
U02373,rgyun,N-T17,ཅི་ལྟར་བརྩམས་པ་ཕྱིས་རྒྱུན་ཆད། །,"whatever is undertaken, its flow is later cut. [N-104]","Candidate only: exact EWTS match; construction, whole-expression precedence and proposal scope not certified by assembly."
U02396,rgyun,N-T17,ཕྱི་ནས་སྐྱེ་རྒྱུན་འཆད་པར་ངེས། །,"afterward, its flow of arising will definitely be cut. [N-104]","Candidate only: exact EWTS match; construction, whole-expression precedence and proposal scope not certified by assembly."
U02423,rgyun,N-T17,སེམས་ཀྱི་རྟོག་པ་རྒྱུན་ཆད་དོ། །,the flow of ordinary mind's conceptual thought is cut. [N-105],"Candidate only: exact EWTS match; construction, whole-expression precedence and proposal scope not certified by assembly."
U02488,rgyun,N-T17,འཁོར་བའི་གཡང་ས་རྒྱུན་བཅད་པས། །,"By cutting the flow of samsara's precipice,","Candidate only: exact EWTS match; construction, whole-expression precedence and proposal scope not certified by assembly."
U02496,rgyun,N-T17,སྐུ་དང་ཡེ་ཤེས་རྒྱུན་ཆད་པས། །,"Because the flow of embodiments and primordial knowing is cut,","Candidate only: exact EWTS match; construction, whole-expression precedence and proposal scope not certified by assembly."
U02501,rgyun,N-T17,འཁོར་བའི་རྒྱུན་ཐག་གཅད་འདོད་པས། །,"One wishing to cut the flow of samsara,","Candidate only: exact EWTS match; construction, whole-expression precedence and proposal scope not certified by assembly."
U02509,rgyun,N-T17,དེས་ནི་འཁོར་བའི་རྒྱུན་ཆད་དོ། །,This cuts the flow of samsara. [N-109],"Candidate only: exact EWTS match; construction, whole-expression precedence and proposal scope not certified by assembly."
U02527,rgyun,N-T17,འབྱུང་བ་རྒྱུན་གཅོད་ཅེས་བྱ་བའི། །,What is called cutting the flow of the elements,"Candidate only: exact EWTS match; construction, whole-expression precedence and proposal scope not certified by assembly."
U02548,rgyun,N-T17,ཡང་ནི་ལུས་འབྱུང་རྒྱུན་གཅོད་པའི། །,"Next, for cutting the flow of the body's elements,","Candidate only: exact EWTS match; construction, whole-expression precedence and proposal scope not certified by assembly."
U02550,rgyun,N-T17,དྲི་ཆེན་རྒྱུན་དུ་བསྐོར་ལྡོག་པས། །,"By continually circulating and reversing ‘great odor’ (dri chen), [N-112]","Candidate only: exact EWTS match; construction, whole-expression precedence and proposal scope not certified by assembly."
U02554,rgyun,N-T17,འབྱུང་བའི་རྒྱུན་རྣམས་ཆད་པར་འགྱུར། །,the flows of the elements are cut.,"Candidate only: exact EWTS match; construction, whole-expression precedence and proposal scope not certified by assembly."
U02555,rgyun,N-T17,ལུས་ཀྱི་འབྱུང་བ་རྒྱུན་ཆད་པས། །,"Because the flow of the body's elements is cut,","Candidate only: exact EWTS match; construction, whole-expression precedence and proposal scope not certified by assembly."
U02978,rgyun,N-T17,འདིས་ནི་བག་ཆགས་འབྲེལ་རྒྱུན་གཅོད། །,This cuts the connected flow of habitual tendencies.,"Candidate only: exact EWTS match; construction, whole-expression precedence and proposal scope not certified by assembly."
U03005,rgyun,N-T17,འདི་ལྟར་རྒྱུན་དུ་སུས་བྱས་པ། །,Whoever continually does this,"Candidate only: exact EWTS match; construction, whole-expression precedence and proposal scope not certified by assembly."
U03006,rgyun,N-T17,འཁྲུལ་པའི་སྣང་བ་རྒྱུན་ཆད་དེ། །,cuts the flow of delusive appearances.,"Candidate only: exact EWTS match; construction, whole-expression precedence and proposal scope not certified by assembly."
U03015,rgyun,N-T17,དེ་ལྟར་ལུས་འབྱུང་རྒྱུན་ཆད་པས། །,"Thus, because the flow of the body's elements is cut,","Candidate only: exact EWTS match; construction, whole-expression precedence and proposal scope not certified by assembly."
U03063,rgyun,N-T17,ཡེ་ཤེས་འདུས་པས་སེམས་རྒྱུན་འགགས། །,"Through primordial knowing gathering, ordinary mind's flow stops.","Candidate only: exact EWTS match; construction, whole-expression precedence and proposal scope not certified by assembly."
U03547,rgyun,N-T17,འཁྲུལ་པའི་རང་རྟོག་རྒྱུན་ཆད་དོ། །,The flow of delusion's own conceptual thought is cut.,"Candidate only: exact EWTS match; construction, whole-expression precedence and proposal scope not certified by assembly."
U03835,rgyun,N-T17,ཚིག་བྱུང་འཁྲུལ་པ་རྒྱུན་ཆད་པའོ། །,The flow of delusion arising through words is cut. [N-167],"Candidate only: exact EWTS match; construction, whole-expression precedence and proposal scope not certified by assembly."
U04148,rgyun,N-T17,རང་དོན་རྟོགས་པས་འཁྲུལ་རྒྱུན་ཟད། །,"and realizing one's own benefit, the flow of delusion is exhausted.","Candidate only: exact EWTS match; construction, whole-expression precedence and proposal scope not certified by assembly."
U04210,rgyun,N-T17,ཡེ་ཤེས་རྫོགས་པས་འཁྲུལ་རྒྱུན་ཆད། །,"Primordial knowing being complete, the flow of delusion is cut;","Candidate only: exact EWTS match; construction, whole-expression precedence and proposal scope not certified by assembly."
U04223,rgyun,N-T17,སྒོ་ལྔའི་ཞེན་རྒྱུན་གཅོད་པའོ། །,and cuts the flow of clinging at the five gates.,"Candidate only: exact EWTS match; construction, whole-expression precedence and proposal scope not certified by assembly."
U04288,rgyun,N-T17,ཁམས་གསུམ་འཁྲུལ་འཁོར་རྒྱུན་ཆད་དོ། །,and the flow of the machinery of delusion in the three realms is cut.,"Candidate only: exact EWTS match; construction, whole-expression precedence and proposal scope not certified by assembly."
U04917,rgyun,N-T17,བདེ་བ་རྒྱུན་ཆགས་མ་ཡིན་དང་། །,it is not a continuous succession of bliss;,"Candidate only: exact EWTS match; construction, whole-expression precedence and proposal scope not certified by assembly."
U04921,rgyun,N-T17,འཛིན་ཆ་ནང་དུ་རྒྱུན་བདེ་དང་། །,an apprehending aspect with a continuous inward ease;,"Candidate only: exact EWTS match; construction, whole-expression precedence and proposal scope not certified by assembly."
U05046,rgyun,N-T17,སྔགས་དང་ཕྱག་རྒྱ་རྒྱུན་མི་བཅད། །,Do not interrupt the flow of mantra and gestures.,"Candidate only: exact EWTS match; construction, whole-expression precedence and proposal scope not certified by assembly."
U05053,rgyun,N-T17,ཚོགས་དང་མཆོད་པ་རྒྱུན་མི་གཅད། །,do not cut the flow of gathering offerings and other offerings.,"Candidate only: exact EWTS match; construction, whole-expression precedence and proposal scope not certified by assembly."
U05077,rgyun,N-T17,བླ་མ་བསྟེན་པས་འཁོར་རྒྱུན་འགགས། །,relying on the lama ceases the flow of samsara;,"Candidate only: exact EWTS match; construction, whole-expression precedence and proposal scope not certified by assembly."
U05097,rgyun,N-T17,གཞན་ཡང་འཁྲུལ་པའི་ཞེན་རྒྱུན་བཅད། །,"Furthermore, cut the flow of deluded clinging.","Candidate only: exact EWTS match; construction, whole-expression precedence and proposal scope not certified by assembly."
U05282,rgyun,N-T17,ཐུགས་ནི་རྒྱུན་མེད་གཟིགས་པ་དང༌། །,"Awakened mind is seeing without a flow,","Candidate only: exact EWTS match; construction, whole-expression precedence and proposal scope not certified by assembly."
U02240,mngon shes,N-T19,འཇིག་རྟེན་མངོན་ཤེས་ངེས་འགྲུབ་པོ། །,and worldly higher knowing is definitely accomplished. [N-098],"Candidate only: exact EWTS match; construction, whole-expression precedence and proposal scope not certified by assembly."
U02581,mngon shes,N-T19,རྫུ་འཕྲུལ་རྣམས་དང་མངོན་ཤེས་ཀྱང་། །,"Miracles and higher knowing, too,","Candidate only: exact EWTS match; construction, whole-expression precedence and proposal scope not certified by assembly."
U05285,mngon shes,N-T19,དགོངས་གསལ་མངོན་ཤེས་རྫོགས་པའོ། །,clear enlightened intent and higher knowing are complete.,"Candidate only: exact EWTS match; construction, whole-expression precedence and proposal scope not certified by assembly."
U00114,chos nyid,N-T20,དེ་ནས་ཆོས་ཉིད་ནམ་མཁའ་ལས། །,"Then, from the space of the nature of phenomena,","Candidate only: exact EWTS match; construction, whole-expression precedence and proposal scope not certified by assembly."
U00379,chos nyid,N-T20,ཆོས་ཉིད་མངོན་སུམ་ལམ་བྱས་ཏེ། །,direct perception of the nature of phenomena is made the path.,"Candidate only: exact EWTS match; construction, whole-expression precedence and proposal scope not certified by assembly."
U00687,chos nyid,N-T20,བཞི་པ་ཆོས་ཉིད་བཀོད་པ་ལ། །,"The fourth, the Array of the Nature of Phenomena,","Candidate only: exact EWTS match; construction, whole-expression precedence and proposal scope not certified by assembly."
U01110,chos nyid,N-T20,ཆོས་ཉིད་བཀོད་པ་སུམ་ཅུ་གཉིས། །,"thirty-two arrays of the nature of phenomena,","Candidate only: exact EWTS match; construction, whole-expression precedence and proposal scope not certified by assembly."
U01597,chos nyid,N-T20,ཐིག་ལེའི་ཆོས་ཉིད་བརྟན་འདོད་པས། །,One wishing to stabilize the nature of phenomena of the sphere: [N-076],"Candidate only: exact EWTS match; construction, whole-expression precedence and proposal scope not certified by assembly."
U02017,chos nyid,N-T20,ཡང་དག་ཆོས་ཉིད་རོ་མྱངས་ནས། །,"having tasted the authentic nature of phenomena,","Candidate only: exact EWTS match; construction, whole-expression precedence and proposal scope not certified by assembly."
U02039,chos nyid,N-T20,སྣང་ཤེས་ཆོས་ཉིད་ཟུང་འཇུག་པས། །,"Through uniting appearance and knowing with the nature of phenomena,","Candidate only: exact EWTS match; construction, whole-expression precedence and proposal scope not certified by assembly."
U02159,chos nyid,N-T20,ཆོས་ཉིད་སྟོང་པ་ཀུན་ཁྱབ་ཕྱིར། །,"and the empty nature of phenomena pervades all,","Candidate only: exact EWTS match; construction, whole-expression precedence and proposal scope not certified by assembly."
U02324,chos nyid,N-T20,རང་རིག་ངེས་པའི་ཆོས་ཉིད་ནི། །,the definite nature of phenomena of self-awareness,"Candidate only: exact EWTS match; construction, whole-expression precedence and proposal scope not certified by assembly."
U02342,chos nyid,N-T20,ཆོས་ཉིད་མངོན་སུམ་སྣང་བ་ཡིས། །,"Through the vision of the direct perception of the nature of phenomena,","Candidate only: exact EWTS match; construction, whole-expression precedence and proposal scope not certified by assembly."
U02348,chos nyid,N-T20,ཆོས་ཉིད་ཟད་པའི་སྣང་བ་ཡིས། །,"Through the vision of the exhaustion of nature of phenomena,","Candidate only: exact EWTS match; construction, whole-expression precedence and proposal scope not certified by assembly."
U02417,chos nyid,N-T20,གསུམ་པ་ཆོས་ཉིད་མཐོང་བའོ། །,"third, see the nature of phenomena.","Candidate only: exact EWTS match; construction, whole-expression precedence and proposal scope not certified by assembly."
U02441,chos nyid,N-T20,ཆོས་ཉིད་མངོན་སུམ་གནད་ཀྱིས་ཀྱང་། །,"Through the crucial point of directly perceiving the nature of phenomena, too,","Candidate only: exact EWTS match; construction, whole-expression precedence and proposal scope not certified by assembly."
U02447,chos nyid,N-T20,ཚིག་གིས་ཆོས་ཉིད་མི་མཐོང་བས། །,"Because words do not reveal the nature of phenomena,","Candidate only: exact EWTS match; construction, whole-expression precedence and proposal scope not certified by assembly."
U02633,chos nyid,N-T20,ཆོས་ཉིད་དབྱིངས་ལས་དབྱེར་མེད་པའོ། །,inseparable from the basic space of the nature of phenomena. [N-115],"Candidate only: exact EWTS match; construction, whole-expression precedence and proposal scope not certified by assembly."
U02817,chos nyid,N-T20,ཆོས་ཉིད་རང་གདངས་སྣང་བ་ལས། །,"From the appearance of the nature of phenomena's own radiance,","Candidate only: exact EWTS match; construction, whole-expression precedence and proposal scope not certified by assembly."
U02960,chos nyid,N-T20,ཆོས་ཉིད་དག་པའི་རང་སྣང་ཡུལ། །,"in the self-appearing object of the pure nature of phenomena,","Candidate only: exact EWTS match; construction, whole-expression precedence and proposal scope not certified by assembly."
U02963,chos nyid,N-T20, དོན་དམ་ཆོས་ཉིད་འབྱུང་བ་ལས། །,"From the arising of the ultimate nature of phenomena,","Candidate only: exact EWTS match; construction, whole-expression precedence and proposal scope not certified by assembly."
U02966,chos nyid,N-T20,ཆོས་ཉིད་ཡུལ་སྣང་སྡུད་པའོ། །,they gather the nature of phenomena's appearance as object. [N-129],"Candidate only: exact EWTS match; construction, whole-expression precedence and proposal scope not certified by assembly."
U02990,chos nyid,N-T20,ཆོས་ཉིད་ལམ་དུ་བཟུང་བའི་ཕྱིར། །,"because the nature of phenomena is taken as the path,","Candidate only: exact EWTS match; construction, whole-expression precedence and proposal scope not certified by assembly."
U02991,chos nyid,N-T20,ཡེ་ཤེས་རྫོགས་པའི་ཆོས་ཉིད་དག །,the nature of phenomena in which primordial knowing is complete—,"Candidate only: exact EWTS match; construction, whole-expression precedence and proposal scope not certified by assembly."
U03012,chos nyid,N-T20,རྫོགས་པའི་ཆོས་ཉིད་ཐོབ་པའོ། །,The complete nature of phenomena is attained.,"Candidate only: exact EWTS match; construction, whole-expression precedence and proposal scope not certified by assembly."
U03013,chos nyid,N-T20,འདི་ལྟར་གོམས་པས་ཆོས་ཉིད་སྟོབས། །,"Through familiarity in this way, the power of the nature of phenomena","Candidate only: exact EWTS match; construction, whole-expression precedence and proposal scope not certified by assembly."
U03060,chos nyid,N-T20,འདི་དང་མ་བྲལ་ཆོས་ཉིད་དོ། །,Not separate from this is the nature of phenomena. [N-134],"Candidate only: exact EWTS match; construction, whole-expression precedence and proposal scope not certified by assembly."
U03085,chos nyid,N-T20,དོན་དམ་ཆོས་ཉིད་འབྱུང་བའོ། །,These are the elements of the ultimate nature of phenomena. [N-134],"Candidate only: exact EWTS match; construction, whole-expression precedence and proposal scope not certified by assembly."
U03090,chos nyid,N-T20,མཉམ་རྫོགས་ཆོས་ཉིད་དག་པའོ། །,the pure nature of phenomena is complete in evenness.,"Candidate only: exact EWTS match; construction, whole-expression precedence and proposal scope not certified by assembly."
U03104,chos nyid,N-T20,ཆོས་ཉིད་ལ་ནི་བརྟེན་པའོ། །,and the nature of phenomena.,"Candidate only: exact EWTS match; construction, whole-expression precedence and proposal scope not certified by assembly."
U03117,chos nyid,N-T20,ཆོས་ཉིད་མ་ལ་སྤྱོད་པའོ། །,one engages in the mother nature of phenomena.,"Candidate only: exact EWTS match; construction, whole-expression precedence and proposal scope not certified by assembly."
U03119,chos nyid,N-T20,ཆོས་ཉིད་མངོན་སུམ་སྣང་བ་ལ། །,"relying on the vision of the direct perception of the nature of phenomena,","Candidate only: exact EWTS match; construction, whole-expression precedence and proposal scope not certified by assembly."
U03127,chos nyid,N-T20,འདིས་ནི་ཆོས་ཉིད་ཡུར་བར་འདྲོངས། །,"through this, the nature of phenomena is led into an irrigation channel.","Candidate only: exact EWTS match; construction, whole-expression precedence and proposal scope not certified by assembly."
U03132,chos nyid,N-T20,ཆོས་ཉིད་དག་པའི་ཡུལ་མཐོང་བས། །,"through seeing the object of the pure nature of phenomena,","Candidate only: exact EWTS match; construction, whole-expression precedence and proposal scope not certified by assembly."
U03211,chos nyid,N-T20,རེག་པ་ཙམ་གྱིས་ཆོས་ཉིད་ལ། །,"through mere touch, in the nature of phenomena,","Candidate only: exact EWTS match; construction, whole-expression precedence and proposal scope not certified by assembly."
U03233,chos nyid,N-T20,ཆོས་ཉིད་བར་དོའི་སྐུ་དང་ཡང༌། །,"In the intermediate state of the nature of phenomena: embodiments,","Candidate only: exact EWTS match; construction, whole-expression precedence and proposal scope not certified by assembly."
U03236,chos nyid,N-T20,ཅིར་སྣང་ཆོས་ཉིད་གཞལ་ཡས་སོ། །,Whatever appears is the immeasurable palace of the nature of phenomena. [N-140],"Candidate only: exact EWTS match; construction, whole-expression precedence and proposal scope not certified by assembly."
U03411,chos nyid,N-T20,བྱེད་ལས་ཆོས་ཉིད་བརྟན་པ་དང་། །,"its activity stabilizes the nature of phenomena,","Candidate only: exact EWTS match; construction, whole-expression precedence and proposal scope not certified by assembly."
U03425,chos nyid,N-T20,བྱེད་ལས་ཆོས་ཉིད་གསལ་བ་དང༌། །,Its activity makes the nature of phenomena clear,"Candidate only: exact EWTS match; construction, whole-expression precedence and proposal scope not certified by assembly."
U03443,chos nyid,N-T20,ཆོས་ཉིད་མངོན་སུམ་སྣང་བའོ། །,is the vision of the direct perception of the nature of phenomena.,"Candidate only: exact EWTS match; construction, whole-expression precedence and proposal scope not certified by assembly."
U03451,chos nyid,N-T20,ཆོས་ཉིད་དག་པའི་སྣང་བ་ལས། །,"and the appearance of the pure nature of phenomena,","Candidate only: exact EWTS match; construction, whole-expression precedence and proposal scope not certified by assembly."
U03492,chos nyid,N-T20,དྲུག་ཅུ་རྩ་བརྒྱད་ཆོས་ཉིད་སྦྱོར། །,Sixty-eight join with the nature of phenomena.,"Candidate only: exact EWTS match; construction, whole-expression precedence and proposal scope not certified by assembly."
U03507,chos nyid,N-T20,མ་འཁྲུལ་པ་ལ་ཆོས་ཉིད་དང་། །,"in freedom from error, [these] reveal the nature of phenomena","Candidate only: exact EWTS match; construction, whole-expression precedence and proposal scope not certified by assembly."
U03560,chos nyid,N-T20,བྱ་བྱེད་ཐམས་ཅད་ཆོས་ཉིད་དོ། །,all actions and agents are the nature of phenomena.,"Candidate only: exact EWTS match; construction, whole-expression precedence and proposal scope not certified by assembly."
U03568,chos nyid,N-T20,དེ་ལྟར་ཐམས་ཅད་ཆོས་ཉིད་ལས། །,"Thus, in the nature of phenomena of everything,","Candidate only: exact EWTS match; construction, whole-expression precedence and proposal scope not certified by assembly."
U03571,chos nyid,N-T20,གོང་དུ་མེད་པའི་ཆོས་ཉིད་དོ། །,It is the nature of phenomena with nothing above it.,"Candidate only: exact EWTS match; construction, whole-expression precedence and proposal scope not certified by assembly."
U03586,chos nyid,N-T20,ཆོས་ཉིད་མངོན་སུམ་ཁྱད་པར་གྱིས། །,"Through the distinction of directly perceiving the nature of phenomena,","Candidate only: exact EWTS match; construction, whole-expression precedence and proposal scope not certified by assembly."
U03610,chos nyid,N-T20,དེ་ཡང་ཆོས་ཉིད་མངོན་སུམ་གནད། །,"Furthermore, the crucial point of directly perceiving the nature of phenomena:","Candidate only: exact EWTS match; construction, whole-expression precedence and proposal scope not certified by assembly."
U03626,chos nyid,N-T20,ཆོས་ཉིད་གནས་པ་ཇི་ལྟར་ལགས། །,‘How does the nature of phenomena abide?,"Candidate only: exact EWTS match; construction, whole-expression precedence and proposal scope not certified by assembly."
U03658,chos nyid,N-T20,ཆོས་ཉིད་གནས་པ་ཞེས་བྱ་བ། །,What is called the abiding of the nature of phenomena:,"Candidate only: exact EWTS match; construction, whole-expression precedence and proposal scope not certified by assembly."
U03663,chos nyid,N-T20,དུས་ཀྱི་གནས་པའི་ཆོས་ཉིད་ནི། །,The nature of phenomena's abiding in time:,"Candidate only: exact EWTS match; construction, whole-expression precedence and proposal scope not certified by assembly."
U03673,chos nyid,N-T20,འདི་དུས་ཆོས་ཉིད་སྦྱང་སྦྱར་ཡང་བྱུང་བར་བྱའོ། །,"At this time, train in the nature of phenomena. [Source variant: ‘Apply also occurs.’] [N-160]","Candidate only: exact EWTS match; construction, whole-expression precedence and proposal scope not certified by assembly."
U03682,chos nyid,N-T20,ཆོས་ཉིད་གནས་པའི་འཕོ་བ་སྟེ། །,there is a shift in the abiding of the nature of phenomena.,"Candidate only: exact EWTS match; construction, whole-expression precedence and proposal scope not certified by assembly."
U03693,chos nyid,N-T20,ཡེ་ནས་གནས་པའི་ཆོས་ཉིད་ནི། །,The nature of phenomena that abides from the outset:,"Candidate only: exact EWTS match; construction, whole-expression precedence and proposal scope not certified by assembly."
U03705,chos nyid,N-T20,ཀུན་ལ་ཁྱབ་ཕྱིར་ཆོས་ཉིད་ངང་། །,"because it pervades all, is in the condition of the nature of phenomena;","Candidate only: exact EWTS match; construction, whole-expression precedence and proposal scope not certified by assembly."
U03758,chos nyid,N-T20,ཆོས་ཉིད་རང་ངོ་མ་ཤེས་པས། །,"because the nature of phenomena's own identity is not known,","Candidate only: exact EWTS match; construction, whole-expression precedence and proposal scope not certified by assembly."
U03829,chos nyid,N-T20,ཆོས་ཉིད་དབྱིངས་དང་རང་ངོ་དང་། །,"the nature of phenomena, basic space, and own identity;","Candidate only: exact EWTS match; construction, whole-expression precedence and proposal scope not certified by assembly."
U03832,chos nyid,N-T20,ཆོས་ཉིད་སུས་ཀྱང་བཅོས་སུ་མེད། །,The nature of phenomena cannot be contrived by anyone.,"Candidate only: exact EWTS match; construction, whole-expression precedence and proposal scope not certified by assembly."
U03884,chos nyid,N-T20,ཡང་དག་ཆོས་ཉིད་རྟོག་བྲལ་ལ། །,"In the authentic nature of phenomena, free from conceptual thought,","Candidate only: exact EWTS match; construction, whole-expression precedence and proposal scope not certified by assembly."
U03897,chos nyid,N-T20,དེ་ཕྱིར་ཆོས་ཉིད་སྟོང་པའོ། །,"Therefore, the nature of phenomena is empty. [N-168]","Candidate only: exact EWTS match; construction, whole-expression precedence and proposal scope not certified by assembly."
U04002,chos nyid,N-T20,གང་དུ་མ་ཕྱེ་ཆོས་ཉིད་ལས། །,"In the nature of phenomena, undivided anywhere,","Candidate only: exact EWTS match; construction, whole-expression precedence and proposal scope not certified by assembly."
U04064,chos nyid,N-T20,མཉམ་པ་ཞེས་བྱ་ཆོས་ཉིད་ལ། །,"What is called ‘even’ is, in the nature of phenomena,","Candidate only: exact EWTS match; construction, whole-expression precedence and proposal scope not certified by assembly."
U04091,chos nyid,N-T20,གང་གིས་མ་ཕྱེ་ཆོས་ཉིད་དོ། །,"it is the nature of phenomena, divided by no one.","Candidate only: exact EWTS match; construction, whole-expression precedence and proposal scope not certified by assembly."
U04102,chos nyid,N-T20,གྲོལ་གཞི་ཆོས་ཉིད་དག་པ་ལ། །,"In the pure nature of phenomena, the Ground of liberation,","Candidate only: exact EWTS match; construction, whole-expression precedence and proposal scope not certified by assembly."
U04169,chos nyid,N-T20,རྟོག་བྲལ་ཆོས་ཉིད་རང་གདངས་ལས། །,"from the self-radiance of the nature of phenomena, free from conceptual thought,","Candidate only: exact EWTS match; construction, whole-expression precedence and proposal scope not certified by assembly."
U04180,chos nyid,N-T20,རིག་ལྡན་ཆོས་ཉིད་ཅི་བཞིན་དུ། །,"just as the nature of phenomena endowed with awareness,","Candidate only: exact EWTS match; construction, whole-expression precedence and proposal scope not certified by assembly."
U04209,chos nyid,N-T20,མེད་ཕྱིར་ཆོས་ཉིད་དངོས་པོ་མིན། །,"Because there is nothing, the nature of phenomena is not a thing.","Candidate only: exact EWTS match; construction, whole-expression precedence and proposal scope not certified by assembly."
U04295,chos nyid,N-T20,ལས་སུ་ཆོས་ཉིད་སྟོན་པར་བྱེད། །,the nature of phenomena is shown. [N-185],"Candidate only: exact EWTS match; construction, whole-expression precedence and proposal scope not certified by assembly."
U04308,chos nyid,N-T20,ཆོས་ཉིད་བཀོད་པའི་རང་བཞིན་ཞུས། །,about the intrinsic nature of the Array of the Nature of Phenomena.,"Candidate only: exact EWTS match; construction, whole-expression precedence and proposal scope not certified by assembly."
U04317,chos nyid,N-T20,ཆོས་ཉིད་བཀོད་པ་མཉམ་པར་འཚལ། །,I seek the Array of the Nature of Phenomena in evenness. [N-186],"Candidate only: exact EWTS match; construction, whole-expression precedence and proposal scope not certified by assembly."
U04318,chos nyid,N-T20,གནས་པའི་ཆོས་ཉིད་གང་ལ་བགྱི། །,Where is the nature of phenomena of abiding to be applied?,"Candidate only: exact EWTS match; construction, whole-expression precedence and proposal scope not certified by assembly."
U04320,chos nyid,N-T20,དུས་ཀྱི་ཆོས་ཉིད་ཅི་ལྟར་དབྱེ། །,How is the nature of phenomena of time distinguished?,"Candidate only: exact EWTS match; construction, whole-expression precedence and proposal scope not certified by assembly."
U04321,chos nyid,N-T20,སངས་རྒྱས་ཆོས་ཉིད་ཅི་ལྟ་བུ། །,What is the nature of phenomena of buddhas like?,"Candidate only: exact EWTS match; construction, whole-expression precedence and proposal scope not certified by assembly."
U04329,chos nyid,N-T20,རྒྱུ་འབྲས་ཆོས་ཉིད་ཅི་ཡིས་བསྒྲུབ། །,By what is the nature of phenomena of cause and result accomplished?,"Candidate only: exact EWTS match; construction, whole-expression precedence and proposal scope not certified by assembly."
U04330,chos nyid,N-T20,རང་སར་དེངས་པའི་ཆོས་ཉིད་གང་། །,What is the nature of phenomena that clears in its own place?,"Candidate only: exact EWTS match; construction, whole-expression precedence and proposal scope not certified by assembly."
U04331,chos nyid,N-T20,ཆོས་ཉིད་ངེས་པའི་ཚིག་གང་ལགས། །,What are the definitive phrases of the nature of phenomena?,"Candidate only: exact EWTS match; construction, whole-expression precedence and proposal scope not certified by assembly."
U04332,chos nyid,N-T20,གནད་ཀྱི་ཆོས་ཉིད་གང་དང་གང༌། །,What are its crucial points?,"Candidate only: exact EWTS match; construction, whole-expression precedence and proposal scope not certified by assembly."
U04334,chos nyid,N-T20,བར་དོའི་ཆོས་ཉིད་ཅི་ལྟ་བུ། །,What is the nature of phenomena of the intermediate state like?,"Candidate only: exact EWTS match; construction, whole-expression precedence and proposal scope not certified by assembly."
U04345,chos nyid,N-T20,གནས་པའི་ཆོས་ཉིད་འདི་ལྟ་སྟེ། །,The nature of phenomena of abiding is as follows:,"Candidate only: exact EWTS match; construction, whole-expression precedence and proposal scope not certified by assembly."
U04351,chos nyid,N-T20,འགྱུ་མཚམས་ཆོས་ཉིད་འདི་ལྟ་བུ། །,The nature of phenomena of the intervals of movement is like this:,"Candidate only: exact EWTS match; construction, whole-expression precedence and proposal scope not certified by assembly."
U04362,chos nyid,N-T20,ཕྲ་འགྱུར་ཆོས་ཉིད་རྩིས་ཀྱིས་བཟུང༌། །,the subtle movement of the nature of phenomena is held through reckoning.,"Candidate only: exact EWTS match; construction, whole-expression precedence and proposal scope not certified by assembly."
U04367,chos nyid,N-T20,ཆོས་ཉིད་མཉམ་པ་རེ་རེའོ། །,there is one evenness of the nature of phenomena.,"Candidate only: exact EWTS match; construction, whole-expression precedence and proposal scope not certified by assembly."
U04369,chos nyid,N-T20,དུས་ཀྱི་ཆོས་ཉིད་འདི་ལྟ་སྟེ། །,The nature of phenomena of time is as follows:,"Candidate only: exact EWTS match; construction, whole-expression precedence and proposal scope not certified by assembly."
U04373,chos nyid,N-T20,དུས་ཀྱི་ཆོས་ཉིད་གནས་པ་སྟོན། །,showing the abiding of the nature of phenomena of time.,"Candidate only: exact EWTS match; construction, whole-expression precedence and proposal scope not certified by assembly."
U04379,chos nyid,N-T20,སངས་རྒྱས་རྣམས་ཀྱི་ཆོས་ཉིད་ནི། །,The nature of phenomena of buddhas:,"Candidate only: exact EWTS match; construction, whole-expression precedence and proposal scope not certified by assembly."
U04404,chos nyid,N-T20,དེས་ན་ཆོས་ཉིད་རྟོགས་པ་སྟེ། །,"Thus the nature of phenomena is realized,","Candidate only: exact EWTS match; construction, whole-expression precedence and proposal scope not certified by assembly."
U04409,chos nyid,N-T20,མ་བཅོས་དག་པའི་ཆོས་ཉིད་གནས། །,"the pure, uncontrived nature of phenomena abides there. [N-190]","Candidate only: exact EWTS match; construction, whole-expression precedence and proposal scope not certified by assembly."
U04411,chos nyid,N-T20,ཆོས་ཉིད་རླུང་གི་ཚུལ་དུ་ཁྱབ། །,the nature of phenomena pervades in the manner of wind.,"Candidate only: exact EWTS match; construction, whole-expression precedence and proposal scope not certified by assembly."
U04430,chos nyid,N-T20,ཆོས་ཉིད་དུ་མ་གཅིག་ཏུ་སྡུད། །,the manifold nature of phenomena is gathered into one.,"Candidate only: exact EWTS match; construction, whole-expression precedence and proposal scope not certified by assembly."
U04475,chos nyid,N-T20,ཆོས་ཉིད་རྣམ་པར་ལོངས་སྤྱོད་ནས། །,one fully enjoys the nature of phenomena,"Candidate only: exact EWTS match; construction, whole-expression precedence and proposal scope not certified by assembly."
U04479,chos nyid,N-T20,ཆོས་ཉིད་རྣམ་པར་རང་སྤྲུལ་པས། །,"the nature of phenomena emanates of itself,","Candidate only: exact EWTS match; construction, whole-expression precedence and proposal scope not certified by assembly."
U04558,chos nyid,N-T20,རྒྱུ་དང་འབྲས་བུའི་ཆོས་ཉིད་ནི། །,The nature of phenomena of cause and result:,"Candidate only: exact EWTS match; construction, whole-expression precedence and proposal scope not certified by assembly."
U04562,chos nyid,N-T20,རླུ་ལས་བྱུང་བའི་ཆོས་ཉིད་དོ། །,It is the nature of phenomena arising from wind. [N-196],"Candidate only: exact EWTS match; construction, whole-expression precedence and proposal scope not certified by assembly."
U04567,chos nyid,N-T20,འབྲས་བུ་ཆོས་ཉིད་ཡིན་པར་འདོད། །,this is held to be the nature of phenomena of the result. [N-196],"Candidate only: exact EWTS match; construction, whole-expression precedence and proposal scope not certified by assembly."
U04569,chos nyid,N-T20,རང་སར་དེངས་པའི་ཆོས་ཉིད་ནི། །,The nature of phenomena that clears in its own place:,"Candidate only: exact EWTS match; construction, whole-expression precedence and proposal scope not certified by assembly."
U04585,chos nyid,N-T20,དེ་ལྟར་ཆོས་ཉིད་ངེས་པའི་ཚིག །,The definitive phrase ‘nature of phenomena’ is thus:,"Candidate only: exact EWTS match; construction, whole-expression precedence and proposal scope not certified by assembly."
U04595,chos nyid,N-T20,གནད་ཀྱི་ཆོས་ཉིད་འདི་ལྟ་སྟེ། །,The nature of phenomena of the crucial points is as follows:,"Candidate only: exact EWTS match; construction, whole-expression precedence and proposal scope not certified by assembly."
U04602,chos nyid,N-T20,རྟོག་པ་བྲལ་བའི་ཆོས་ཉིད་ལ། །,"in the nature of phenomena free from conceptual thought,","Candidate only: exact EWTS match; construction, whole-expression precedence and proposal scope not certified by assembly."
U04611,chos nyid,N-T20,ཆོས་ཉིད་འདི་ལ་འབྱུང་དུས་བརྒྱད། །,"This nature of phenomena has eight times of arising,","Candidate only: exact EWTS match; construction, whole-expression precedence and proposal scope not certified by assembly."
U04621,chos nyid,N-T20,བར་དོའི་ཆོས་ཉིད་འདི་ལྟ་བུ། །,The nature of phenomena of the intermediate state is like this:,"Candidate only: exact EWTS match; construction, whole-expression precedence and proposal scope not certified by assembly."
U04622,chos nyid,N-T20,རབ་ཏུ་གསང་བའི་ཆོས་ཉིད་བཤད། །,I shall explain the most secret nature of phenomena.,"Candidate only: exact EWTS match; construction, whole-expression precedence and proposal scope not certified by assembly."
U04624,chos nyid,N-T20,འདིར་ནི་ཆོས་ཉིད་བར་དོ་བཤད། །,here I shall explain the intermediate state of the nature of phenomena.,"Candidate only: exact EWTS match; construction, whole-expression precedence and proposal scope not certified by assembly."
U04661,chos nyid,N-T20,གཞན་ཡང་ཆོས་ཉིད་ངོ་བོ་ནི། །,"Furthermore, the essence of the nature of phenomena","Candidate only: exact EWTS match; construction, whole-expression precedence and proposal scope not certified by assembly."
U04672,chos nyid,N-T20,གཞན་ཡང་ཆོས་ཉིད་རང་བཞིན་བཤད། །,"Furthermore, I shall explain the intrinsic nature of the nature of phenomena.","Candidate only: exact EWTS match; construction, whole-expression precedence and proposal scope not certified by assembly."
U04681,chos nyid,N-T20,གཞན་ཡང་ཆོས་ཉིད་ཐུགས་རྗེ་བཤད། །,"Furthermore, I shall explain the compassionate responsiveness of the nature of phenomena.","Candidate only: exact EWTS match; construction, whole-expression precedence and proposal scope not certified by assembly."
U04688,chos nyid,N-T20,གཞན་ཡང་ཆོས་ཉིད་སྣང་བ་བཤད། །,"Furthermore, I shall explain the appearance of the nature of phenomena.","Candidate only: exact EWTS match; construction, whole-expression precedence and proposal scope not certified by assembly."
U04696,chos nyid,N-T20,ཆོས་ཉིད་མེད་པའི་ལམ་ནས་དྲངས། །,drawn along a path without a nature of phenomena;,"Candidate only: exact EWTS match; construction, whole-expression precedence and proposal scope not certified by assembly."
U04700,chos nyid,N-T20,གཞན་ཡང་རིག་པའི་ཆོས་ཉིད་བཤད། །,"Furthermore, I shall explain the nature of phenomena of awareness.","Candidate only: exact EWTS match; construction, whole-expression precedence and proposal scope not certified by assembly."
U04716,chos nyid,N-T20,གཞན་ཡང་རྒྱུད་ཀྱི་ཆོས་ཉིད་བཤད། །,"Furthermore, I shall explain the nature of phenomena of the continuum.","Candidate only: exact EWTS match; construction, whole-expression precedence and proposal scope not certified by assembly."
U04717,chos nyid,N-T20,ཡང་དག་ཆོས་ཉིད་སྒྲ་ལས་ཐལ། །,The true nature of phenomena penetrates beyond words;,"Candidate only: exact EWTS match; construction, whole-expression precedence and proposal scope not certified by assembly."
U04720,chos nyid,N-T20,ཆོས་ཉིད་དག་པས་བཀྲ་ཤིས་མཛེས། །,"With the nature of phenomena pure, auspiciousness is beautiful.","Candidate only: exact EWTS match; construction, whole-expression precedence and proposal scope not certified by assembly."
U04735,chos nyid,N-T20,འདི་ལྟར་ཆོས་ཉིད་བརྗོད་མེད་པས། །,"Thus, because the nature of phenomena is inexpressible,","Candidate only: exact EWTS match; construction, whole-expression precedence and proposal scope not certified by assembly."
U04740,chos nyid,N-T20,གཞན་ཡང་གྲོལ་བའི་ཆོས་ཉིད་བཤད། །,"Furthermore, I shall explain the nature of phenomena of liberation.","Candidate only: exact EWTS match; construction, whole-expression precedence and proposal scope not certified by assembly."
U04752,chos nyid,N-T20,སྲིད་མཐའ་གྲོལ་བའི་ཆོས་ཉིད་དོ། །,This is the nature of phenomena liberated from the limits of existence.,"Candidate only: exact EWTS match; construction, whole-expression precedence and proposal scope not certified by assembly."
U04753,chos nyid,N-T20,གཞན་ཡང་བྱ་བྲལ་ཆོས་ཉིད་ནི། །,"Furthermore, the nature of phenomena free from doing:","Candidate only: exact EWTS match; construction, whole-expression precedence and proposal scope not certified by assembly."
U04763,chos nyid,N-T20, ཆོས་ཉིད་བཀོད་པ་སེམས་སྣང་གི་རྩ་བ་བསྟན་པའི་ལེའུ་སྟེ་བཞི་པའོ།། །།,"the fourth chapter, the Array of the Nature of Phenomena, teaching the root of ordinary mind's appearance.","Candidate only: exact EWTS match; construction, whole-expression precedence and proposal scope not certified by assembly."
U04766,chos nyid,N-T20,ཆོས་ཉིད་སྤྲོས་བྲལ་ནམ་མཁའ་ལས། །,"from the space of the nature of phenomena, free from conceptual elaborations,","Candidate only: exact EWTS match; construction, whole-expression precedence and proposal scope not certified by assembly."
U04835,chos nyid,N-T20,དོན་ནི་ཆོས་ཉིད་མངོན་སུམ་ལ། །,"Meaning is viewed in direct perception of the nature of phenomena,","Candidate only: exact EWTS match; construction, whole-expression precedence and proposal scope not certified by assembly."
U04842,chos nyid,N-T20,ཆོས་ཉིད་མཐོང་བས་དག་པས་ན། །,"Because seeing the nature of phenomena purifies,","Candidate only: exact EWTS match; construction, whole-expression precedence and proposal scope not certified by assembly."
U04844,chos nyid,N-T20,ཆོས་ཉིད་སྟོང་པ་རིས་མེད་པས། །,The nature of phenomena is empty and without divisions;,"Candidate only: exact EWTS match; construction, whole-expression precedence and proposal scope not certified by assembly."
U04848,chos nyid,N-T20,ཆོས་ཉིད་ཟད་ཅིང་མཐར་ཕྱིན་པས། །,"When the nature of phenomena is exhausted and its limit reached,","Candidate only: exact EWTS match; construction, whole-expression precedence and proposal scope not certified by assembly."
U04869,chos nyid,N-T20,ཅིར་སྣང་རང་གི་ཆོས་ཉིད་ལས། །,Whatever appears is one's own nature of phenomena;,"Candidate only: exact EWTS match; construction, whole-expression precedence and proposal scope not certified by assembly."
U04870,chos nyid,N-T20,བཅོས་མའི་ཆོས་ཉིད་ལོགས་ན་མེད། །,there is no separate contrived nature of phenomena.,"Candidate only: exact EWTS match; construction, whole-expression precedence and proposal scope not certified by assembly."
U04880,chos nyid,N-T20,ནང་ནི་ཆོས་ཉིད་ལ་བལྟས་པས། །,"The inner: viewing the nature of phenomena,","Candidate only: exact EWTS match; construction, whole-expression precedence and proposal scope not certified by assembly."
U04907,chos nyid,N-T20,ཆོས་ཉིད་སྟོང་པའི་ལམ་རྙེད་དང་། །,"the path of the empty nature of phenomena is found,","Candidate only: exact EWTS match; construction, whole-expression precedence and proposal scope not certified by assembly."
U04931,chos nyid,N-T20,ཆོས་ཉིད་རང་ངོ་དག་པའོ། །,and the nature of phenomena is pure in its own identity.,"Candidate only: exact EWTS match; construction, whole-expression precedence and proposal scope not certified by assembly."
U04938,chos nyid,N-T20,དེ་ལ་ཟད་པའི་ཆོས་ཉིད་དོ། །,There is the nature of phenomena of exhaustion. [N-212],"Candidate only: exact EWTS match; construction, whole-expression precedence and proposal scope not certified by assembly."
U04952,chos nyid,N-T20,གཞན་ཡང་ཆོས་ཉིད་འཁོར་ལོ་བཤད། །,"Furthermore, I shall explain the wheel of the nature of phenomena.","Candidate only: exact EWTS match; construction, whole-expression precedence and proposal scope not certified by assembly."
U04957,chos nyid,N-T20,རྫོགས་འབྱུང་ཆོས་ཉིད་སྟོང་པའོ། །,"Completely arisen, the nature of phenomena is empty.","Candidate only: exact EWTS match; construction, whole-expression precedence and proposal scope not certified by assembly."
U04982,chos nyid,N-T20,སེམས་དང་མ་རིག་འཁྲུལ་པ་ཆོས་ཉིད་གཞི། །,"Ordinary mind, ignorance, and delusion are the Ground of the nature of phenomena.","Candidate only: exact EWTS match; construction, whole-expression precedence and proposal scope not certified by assembly."
U05103,chos nyid,N-T20,འབྲས་བུ་རང་རྫོགས་ཆོས་ཉིད་གཞི། །,"The result is self-complete, the Ground of the nature of phenomena;","Candidate only: exact EWTS match; construction, whole-expression precedence and proposal scope not certified by assembly."
U05121,chos nyid,N-T20,བྱས་པ་མེད་པའི་ཆོས་ཉིད་ལ། །,"In the nature of phenomena in which nothing is done,","Candidate only: exact EWTS match; construction, whole-expression precedence and proposal scope not certified by assembly."
U05126,chos nyid,N-T20,འབྱུང་བ་མེད་པའི་ཆོས་ཉིད་དོ། །,there is the nature of phenomena without arising.,"Candidate only: exact EWTS match; construction, whole-expression precedence and proposal scope not certified by assembly."
U05145,chos nyid,N-T20,ཆོས་ཉིད་མངོན་སུམ་སྣང་བ་ནི། །,The vision of the direct perception of the nature of phenomena,"Candidate only: exact EWTS match; construction, whole-expression precedence and proposal scope not certified by assembly."
U05157,chos nyid,N-T20,ཆོས་ཉིད་ཟད་པའི་སྣང་བ་ནི། །,The vision of the exhaustion of nature of phenomena:,"Candidate only: exact EWTS match; construction, whole-expression precedence and proposal scope not certified by assembly."
U05215,chos nyid,N-T20,རང་བཞིན་ཆོས་ཉིད་སྐུ་རྣམས་ཅི། །,What are the embodiments of intrinsic nature and the nature of phenomena?,"Candidate only: exact EWTS match; construction, whole-expression precedence and proposal scope not certified by assembly."
U05221,chos nyid,N-T20,ཆོས་ཉིད་རང་སྣང་ནམ་མཁའ་ལས། །,"from the space of the nature of phenomena's self-appearance,","Candidate only: exact EWTS match; construction, whole-expression precedence and proposal scope not certified by assembly."
U05329,chos nyid,N-T20,སྐུ་ཡི་རང་བཞིན་ཆོས་ཉིད་ནི། །,The intrinsic nature and nature of phenomena of embodiment:,"Candidate only: exact EWTS match; construction, whole-expression precedence and proposal scope not certified by assembly."
U05332,chos nyid,N-T20,སྐུ་ཡི་ཆོས་ཉིད་རྫོགས་པ་དང༌། །,The nature of phenomena of embodiment is complete;,"Candidate only: exact EWTS match; construction, whole-expression precedence and proposal scope not certified by assembly."
U04936,rigs pa,N-T20,འབྱུང་བའི་རིགས་པ་དག་པ་དང་། །,the order of the elements is purified;,"Candidate only: exact EWTS match; construction, whole-expression precedence and proposal scope not certified by assembly."
U00004,thal 'gyur,N-T21, རིན་པོ་ཆེ་འབྱུང་བར་བྱེད་པ་སྒྲ་ཐལ་འགྱུར་ཆེན་པོའི་རྒྱུད་ཅེས་བྱ་བ་བཞུགས།,"Here is the Continuum of the Great All-Penetrating Word, Which Brings Forth Jewels. [N-T01]","Candidate only: exact EWTS match; construction, whole-expression precedence and proposal scope not certified by assembly."
U00008,thal 'gyur,N-T21, རིན་པོ་ཆེ་འབྱུང་བར་བྱེད་པ་སྒྲ་ཐལ་འགྱུར་ཆེན་པོའི་རྒྱུད་ཅེས་བྱ་བ།,"The Continuum of the Great All-Penetrating Word, Which Brings Forth Jewels.","Candidate only: exact EWTS match; construction, whole-expression precedence and proposal scope not certified by assembly."
U00160,thal 'gyur,N-T21,རྩ་བའི་སྒྲ་ཚིག་ཐལ་འགྱུར་ལས། །,"from the root words and phrases of the All-Penetrating,","Candidate only: exact EWTS match; construction, whole-expression precedence and proposal scope not certified by assembly."
U02634,thal 'gyur,N-T21,ཞེས་སྒྲ་ཐལ་འགྱུར་ཆེན་པོ་ཆོས་རྣམས་ཀུན་གྱི་རྩ་བ་ལས།,"Thus, from The Great All-Penetrating Word, the Root of All Phenomena,","Candidate only: exact EWTS match; construction, whole-expression precedence and proposal scope not certified by assembly."
U03621,thal 'gyur,N-T21,ཞེས་སྒྲ་ཐལ་འགྱུར་ཆེན་པོ་ཆོས་རྣམས་ཀུན་གྱི་རྩ་བ་ལས།,"Thus, from The Great All-Penetrating Word, the Root of All Phenomena,","Candidate only: exact EWTS match; construction, whole-expression precedence and proposal scope not certified by assembly."
U04304,thal 'gyur,N-T21,ཞེས་སྒྲ་ཐལ་འགྱུར་ཆེན་པོ་ཆོས་རྣམས་ཀུན་གྱི་རྩ་བ་ལས།,"Thus, from the Great All-Penetrating Word, Root of All Phenomena:","Candidate only: exact EWTS match; construction, whole-expression precedence and proposal scope not certified by assembly."
U04762,thal 'gyur,N-T21,ཞེས་སྒྲ་ཐལ་འགྱུར་ཆེན་པོ་ཆོས་རྣམས་ཀུན་གྱི་རྩ་བ་ལས།,"Thus, from the Great All-Penetrating Word, Root of All Phenomena:","Candidate only: exact EWTS match; construction, whole-expression precedence and proposal scope not certified by assembly."
U05196,thal 'gyur,N-T21,ཞེས་སྒྲ་ཐལ་འགྱུར་ཆེན་པོ་ཆོས་རྣམས་ཀུན་གྱི་རྩ་བ་ལས།,"Thus, from the Great All-Penetrating Word, Root of All Phenomena:","Candidate only: exact EWTS match; construction, whole-expression precedence and proposal scope not certified by assembly."
U05256,thal 'gyur,N-T21,ཐལ་འགྱུར་ལས་ནི་ངེས་འཕྲོས་ནས། །,definitely proliferate from Thal Gyur,"Candidate only: exact EWTS match; construction, whole-expression precedence and proposal scope not certified by assembly."
U05422,thal 'gyur,N-T21,རྒྱུད་ཀྱི་རྒྱལ་པོ་ཐལ་འགྱུར་ཉིད། །,"this king of continua, Thal Gyur itself,","Candidate only: exact EWTS match; construction, whole-expression precedence and proposal scope not certified by assembly."
U05450,thal 'gyur,N-T21, སྒྲ་ཐལ་འགྱུར་ཆེན་པོ་ཆོས་རྣམས་ཀུན་གྱི་རྩ་བར་བསྟན་པའི་རྒྱུད་ཅེས་བྱ་བ།,"the continuum called the Great All-Penetrating Word, Taught as the Root of All Phenomena,","Candidate only: exact EWTS match; construction, whole-expression precedence and proposal scope not certified by assembly."
U05465,thal 'gyur,N-T21, ཐལ་འགྱུར་རྒྱུད་ལ་མ་བུ་བདུན།།,The Thal Gyur continuum has seven mother-and-child [texts]. [N-238],"Candidate only: exact EWTS match; construction, whole-expression precedence and proposal scope not certified by assembly."
U00191,thal ba,N-T21,ཐལ་བའི་གནས་ནི་དུ་ཙམ་མཆིས། །,How many sites of penetration are there?,"Candidate only: exact EWTS match; construction, whole-expression precedence and proposal scope not certified by assembly."
U00493,thal ba,N-T21,ཐལ་བའི་གནས་ནི་རྣམ་པ་བརྒྱད། །,There are eight aspects of the sites of penetration:,"Candidate only: exact EWTS match; construction, whole-expression precedence and proposal scope not certified by assembly."
U00498,thal ba,N-T21,འདི་རྣམས་ཐལ་བའི་གནས་སུ་འདོད། །,These are held to be the sites of penetration.,"Candidate only: exact EWTS match; construction, whole-expression precedence and proposal scope not certified by assembly."
U00505,thal ba,N-T21,ཐལ་བའི་དབྱངས་ཞེས་བྱ་བའི་ཡུལ། །,"is the realm called Melody of Penetration,","Candidate only: exact EWTS match; construction, whole-expression precedence and proposal scope not certified by assembly."
U00512,thal ba,N-T21,ཐལ་བ་འཛིན་ཞེས་བྱ་བ་ནི། །,that called Holder of Penetration,"Candidate only: exact EWTS match; construction, whole-expression precedence and proposal scope not certified by assembly."
U00517,thal ba,N-T21,ཐལ་བ་སྐྱོབ་ཅེས་བྱ་བ་ནི། །,that called Protector of Penetration,"Candidate only: exact EWTS match; construction, whole-expression precedence and proposal scope not certified by assembly."
U00523,thal ba,N-T21,ཐལ་བ་བརྡལ་ཞེས་བྱ་བ་ནི། །,that called Spreading Penetration,"Candidate only: exact EWTS match; construction, whole-expression precedence and proposal scope not certified by assembly."
U00533,thal ba,N-T21,ཐལ་བའི་བེ་ཅོན་ཞེས་བྱ་བ། །,is that called Club of Penetration.,"Candidate only: exact EWTS match; construction, whole-expression precedence and proposal scope not certified by assembly."
U00540,thal ba,N-T21,ཐལ་བའི་རྒྱུན་ཞེས་བྱ་བ་ནི། །,that called Flow of Penetration,"Candidate only: exact EWTS match; construction, whole-expression precedence and proposal scope not certified by assembly."
U00553,thal ba,N-T21,ཐལ་བའི་སྒྲ་ཞེས་བྱ་བ་ཡི། །,"is that called Sound of Penetration,","Candidate only: exact EWTS match; construction, whole-expression precedence and proposal scope not certified by assembly."
U00561,thal ba,N-T21,དྲུག་འདས་འོག་ན་ཐལ་བའི་རླུང་། །,"six worlds away and below, is Wind of Penetration.","Candidate only: exact EWTS match; construction, whole-expression precedence and proposal scope not certified by assembly."
U00568,thal ba,N-T21,རིན་ཆེན་ཐལ་བ་ཞེས་བྱ་ན། །,"is that called Jewel Penetration,","Candidate only: exact EWTS match; construction, whole-expression precedence and proposal scope not certified by assembly."
U00576,thal ba,N-T21,འདུ་བའི་ཐལ་བ་ཞེས་བྱ་བ། །,"is that called Gathering Penetration,","Candidate only: exact EWTS match; construction, whole-expression precedence and proposal scope not certified by assembly."
U00583,thal ba,N-T21,དུང་ལྡན་ཐལ་བའི་ལྷ་ཞེས་པ། །,"is that called Conch-Endowed Deity of Penetration,","Candidate only: exact EWTS match; construction, whole-expression precedence and proposal scope not certified by assembly."
U00590,thal ba,N-T21,སྐར་མའི་ཐལ་བ་ཞེས་བྱ་བ། །,is that called Star Penetration.,"Candidate only: exact EWTS match; construction, whole-expression precedence and proposal scope not certified by assembly."
U01036,thal ba,N-T21,དེ་ལྟར་གསུམ་པོ་ཐལ་བའི་འོག །,after those three [hundreds] have thus passed—,"Candidate only: exact EWTS match; construction, whole-expression precedence and proposal scope not certified by assembly."
U00755,grags pa,N-T21,ཐུན་མོང་པ་ཞེས་གྲགས་པའོ།།,it is known as ‘common.’,"Candidate only: exact EWTS match; construction, whole-expression precedence and proposal scope not certified by assembly."
U01817,grags pa,N-T21,ཚེས་ཞེས་རྣམ་གྲངས་གྲགས་པ་ལས། །,"Among the categories known as dates,","Candidate only: exact EWTS match; construction, whole-expression precedence and proposal scope not certified by assembly."
U01857,grags pa,N-T21,བསྟན་པ་གཞན་དུ་མ་གྲགས་པའི། །,"not known in other teachings,","Candidate only: exact EWTS match; construction, whole-expression precedence and proposal scope not certified by assembly."
U04342,grags pa,N-T21,ཞིང་ཁམས་གཞན་དུ་མ་གྲགས་པའི། །,I shall teach an expression of wonder,"Candidate only: exact EWTS match; construction, whole-expression precedence and proposal scope not certified by assembly."
U02469,sems nyid,N-T22,ལུས་སྦྱངས་སེམས་ཉིད་གདུལ་བ་དང་། །,"Training the body, taming the nature of ordinary mind,","Candidate only: exact EWTS match; construction, whole-expression precedence and proposal scope not certified by assembly."
U02471,sems nyid,N-T22,སེམས་ཉིད་ལམ་དུ་ཞུགས་པའོ། །,the nature of ordinary mind enters the path.,"Candidate only: exact EWTS match; construction, whole-expression precedence and proposal scope not certified by assembly."
U02477,sems nyid,N-T22,སེམས་ཉིད་ཆོས་དང་བསྲེ་བའི་ཕྱིར། །,"In order to mix the nature of ordinary mind with phenomena,","Candidate only: exact EWTS match; construction, whole-expression precedence and proposal scope not certified by assembly."
U03122,sems nyid,N-T22,རྟོག་དཔྱོད་ཟད་པའི་སེམས་ཉིད་ཀྱིས། །,"Through the nature of ordinary mind in which conceptual thought and examination are exhausted,","Candidate only: exact EWTS match; construction, whole-expression precedence and proposal scope not certified by assembly."
U03190,sems nyid,N-T22,དྲི་མ་མེད་པའི་སེམས་ཉིད་ཀྱང༌། །,"the stainless nature of ordinary mind, too,","Candidate only: exact EWTS match; construction, whole-expression precedence and proposal scope not certified by assembly."
U03260,sems nyid,N-T22,དེ་ལྟར་གྲོལ་བའི་སེམས་ཉིད་ལ། །,"In the nature of ordinary mind liberated in this way,","Candidate only: exact EWTS match; construction, whole-expression precedence and proposal scope not certified by assembly."
U03268,sems nyid,N-T22,དེ་ཡང་སེམས་ཉིད་སྨིན་པའི་ཚེ། །,"Furthermore, when the nature of ordinary mind matures,","Candidate only: exact EWTS match; construction, whole-expression precedence and proposal scope not certified by assembly."
U03686,sems nyid,N-T22,དེ་ལ་སེམས་ཉིད་གནས་པའི་ཐབས། །,The method of making the nature of ordinary mind abide there:,"Candidate only: exact EWTS match; construction, whole-expression precedence and proposal scope not certified by assembly."
U04068,sems nyid,N-T22,སེམས་ཉིད་རྟོག་པ་ཀུན་ཟད་པའོ། །,"In the nature of ordinary mind, all conceptual thought is exhausted.","Candidate only: exact EWTS match; construction, whole-expression precedence and proposal scope not certified by assembly."
U04905,sems nyid,N-T22,གོ་བས་སེམས་ཉིད་འཛིན་པ་དང༌། །,"Through understanding, the nature of ordinary mind is held,","Candidate only: exact EWTS match; construction, whole-expression precedence and proposal scope not certified by assembly."
U00674,lung,N-T23,ལུང་སྡེབ་ཡ་སྡེབ་སྡོམ་གཅིག་པ། །,"‘Transmission-pairing,’ single-sided pairing, and one common grouping [N-040]","Candidate only: exact EWTS match; construction, whole-expression precedence and proposal scope not certified by assembly."
U00698,lung,N-T23,ལུང་བསྟན་རྗེས་འཛིན་སེམས་ཀྱི་གནད། །,"prophecy, guidance, and the crucial point of ordinary mind,","Candidate only: exact EWTS match; construction, whole-expression precedence and proposal scope not certified by assembly."
U00754,lung,N-T23,གཞན་དང་ ལུང་ཙམ་སྒོ་མཐུན་ཕྱིར། །,"because it accords with others merely in the form of transmission,","Candidate only: exact EWTS match; construction, whole-expression precedence and proposal scope not certified by assembly."
U02298,lung,N-T23,མངོན་སུམ་རིག་པ་ལུང་གི་བརྡའོ། །,Directly perceived awareness is the sign of authoritative transmission. [N-100],"Candidate only: exact EWTS match; construction, whole-expression precedence and proposal scope not certified by assembly."
U02465,lung,N-T23,སེམས་ཀྱི་ལུང་གིས་ངེས་སྦྱར་ཏེ། །,Definitely relate [this] through the authoritative transmission of ordinary mind.,"Candidate only: exact EWTS match; construction, whole-expression precedence and proposal scope not certified by assembly."
U04285,lung,N-T23,ཆོས་ནི་བླ་མའི་ལུང་དང་བསྟུན། །,"Concerning phenomena, accord with the lama's authoritative transmission.","Candidate only: exact EWTS match; construction, whole-expression precedence and proposal scope not certified by assembly."
U04863,lung,N-T23,ལུང་དང་བླ་མའི་མན་ངག་ལས། །,Neither authoritative transmission nor the lama's pith instructions,"Candidate only: exact EWTS match; construction, whole-expression precedence and proposal scope not certified by assembly."
U04988,lung,N-T23,ལུང་ལས་མ་བྱུང་གྲུབ་པའི་མཐའ། །,"With tenets not arising from authoritative transmission,","Candidate only: exact EWTS match; construction, whole-expression precedence and proposal scope not certified by assembly."
U02443,snying thig,N-T24,སྙིང་ཐིག་ངེས་པར་བསྡུ་བ་ཡིས། །,"Through definitely gathering the heart-sphere,","Candidate only: exact EWTS match; construction, whole-expression precedence and proposal scope not certified by assembly."
U00919,byang chub sems,N-T25,ཐམས་ཅད་བྱང་ཆུབ་སེམས་ཆེན་པོ། །,"All will be great bodhisattvas,","Candidate only: exact EWTS match; construction, whole-expression precedence and proposal scope not certified by assembly."
U01009,byang chub sems,N-T25,བྱང་ཆུབ་སེམས་དཔའ་དག་གིས་འཛིན། །,bodhisattvas—will uphold it.,"Candidate only: exact EWTS match; construction, whole-expression precedence and proposal scope not certified by assembly."
U01062,byang chub sems,N-T25,བྱང་ཆུབ་སེམས་དཔའ་ཆེན་པོའི་འཁོར། །,a retinue of great bodhisattvas—,"Candidate only: exact EWTS match; construction, whole-expression precedence and proposal scope not certified by assembly."
U05289,byang chub sems,N-T25,བྱང་ཆུབ་སེམས་དཔའ་རྣམས་ལ་ཡང་། །,"and for bodhisattvas too,","Candidate only: exact EWTS match; construction, whole-expression precedence and proposal scope not certified by assembly."
U03404,byang sems,N-T25,དོན་དམ་བྱང་སེམས་སྤེལ་བ་དང༌། །,"increases ultimate awakening ordinary mind, [N-149] [N-T82]","Candidate only: exact EWTS match; construction, whole-expression precedence and proposal scope not certified by assembly."
U04978,gti mug,N-T26,འདོད་ཆགས་ཞེ་སྡང་གཏི་མུག་བྱང་ཆུབ་བཞི། །,"Desire, hatred, dull confusion, and awakening—four. [N-214]","Candidate only: exact EWTS match; construction, whole-expression precedence and proposal scope not certified by assembly."
U00208,byer zug snyoms,N-T27,བྱེར་ཟུག་སྙོམས་པའི་མཐའ་ཅིར་འགྱུར། །,"What is the endpoint of dispersal, penetration, and balance? [N-014]","Candidate only: exact EWTS match; construction, whole-expression precedence and proposal scope not certified by assembly."
U01760,byer zug snyoms,N-T27,བྱེར་ཟུག་སྙོམས་པའི་བྱེད་ལས་ཀྱི། །,"When the activities of dispersal, penetration, and equalizing","Candidate only: exact EWTS match; construction, whole-expression precedence and proposal scope not certified by assembly."
U01783,byer zug snyoms,N-T27,བྱེར་ཟུག་སྙོམས་པའི་དུས་ཀྱིས་ཀྱང་། །,"through the times of dispersal, penetration, and equalizing,","Candidate only: exact EWTS match; construction, whole-expression precedence and proposal scope not certified by assembly."
U01828,byer zug snyoms,N-T27,ཟླ་བ་ལོ་སྟེ་བྱེར་ཟུག་སྙོམས། །,"months and years: dispersal, penetration, and equalizing.","Candidate only: exact EWTS match; construction, whole-expression precedence and proposal scope not certified by assembly."
U01883,ngo bo nyid kyi sku,N-T28,ཆོས་སྐུ་ངོ་བོ་ཉིད་ཀྱི་སྐུ། །,"one joins the dharma embodiment and the embodiment of essence itself,","Candidate only: exact EWTS match; construction, whole-expression precedence and proposal scope not certified by assembly."
U04371,kho na nyid,N-T29,ཁོ་ན་ཉིད་དང་བཞི་ཡིན་ནོ། །,and suchness—four.,"Candidate only: exact EWTS match; construction, whole-expression precedence and proposal scope not certified by assembly."
U04376,kho na nyid,N-T29,ཁོ་ན་ཉིད་ནི་རླུང་གིས་བཟུང་། །,Suchness is held through wind.,"Candidate only: exact EWTS match; construction, whole-expression precedence and proposal scope not certified by assembly."
U04884,kho na nyid,N-T29,ཁོ་ན་ཉིད་ནི་དབྱིངས་རིག་གོ། །,Suchness is basic space and awareness. [N-209],"Candidate only: exact EWTS match; construction, whole-expression precedence and proposal scope not certified by assembly."
U00151,gzhi ma,N-T30;N-T69;N-T77,སྒྲ་དང་ཚིག་གི་གཞི་མའོ། །,are the foundation of words and phrases.,"Candidate only: exact EWTS match; construction, whole-expression precedence and proposal scope not certified by assembly."
U00324,gzhi ma,N-T30;N-T69;N-T77,སས་ནི་གཞི་མ་འཛིན་པ་དང༌། །,Earth supports the foundation,"Candidate only: exact EWTS match; construction, whole-expression precedence and proposal scope not certified by assembly."
U00686,gzhi ma,N-T30;N-T69;N-T77,སྒྲ་བརྡའ་མཚོན་པའི་གཞི་མ་སྟོན། །,shows the foundation for indication by words and signs.,"Candidate only: exact EWTS match; construction, whole-expression precedence and proposal scope not certified by assembly."
U00773,gzhi ma,N-T30;N-T69;N-T77,བསྟན་པ་གསོ་བའི་གཞི་མ་བྱེད། །,will provide the basis for restoring the teaching.,"Candidate only: exact EWTS match; construction, whole-expression precedence and proposal scope not certified by assembly."
U04020,gzhi ma,N-T30;N-T69;N-T77,སྣ་ཚོགས་རྫོགས་པའི་གཞི་མའོ། །,the foundation in which diversity is complete. [N-175],"Candidate only: exact EWTS match; construction, whole-expression precedence and proposal scope not certified by assembly."
U04767,gzhi ma,N-T30;N-T69;N-T77,བརྗོད་དུ་མེད་པའི་གཞི་མ་ལས། །,"from the inexpressible foundation,","Candidate only: exact EWTS match; construction, whole-expression precedence and proposal scope not certified by assembly."
U04993,gzhi ma,N-T30;N-T69;N-T77,ཉོན་མོངས་དྲུག་གི་གཞི་མ་ལ། །,"in the foundation of the six afflictions,","Candidate only: exact EWTS match; construction, whole-expression precedence and proposal scope not certified by assembly."
U05131,gzhi ma,N-T30;N-T69;N-T77,རང་དག་པ་དང་གཞི་མ་དང༌། །,"Self-purity and the foundation,","Candidate only: exact EWTS match; construction, whole-expression precedence and proposal scope not certified by assembly."
U05132,gzhi ma,N-T30;N-T69;N-T77,འཁོར་དང་འདྲེས་པའི་གཞི་མ་བརྟེན་པའི་གཞི་མ་དང་ཡང་བྱུང་དག །,and the foundation mixed with samsara—[Source variant: ‘foundation of reliance.’],"Candidate only: exact EWTS match; construction, whole-expression precedence and proposal scope not certified by assembly."
U00205,'pho ba,N-T32,དུས་ཀྱི་འཕོ་བ་གང་དང་གང༌། །,What are the transitions of time?,"Candidate only: exact EWTS match; construction, whole-expression precedence and proposal scope not certified by assembly."
U00220,'pho ba,N-T32,འཕོ་བའི་རྣམ་པའི་ལས་གང་ལགས། །,What is the activity belonging to the aspects of transference?,"Candidate only: exact EWTS match; construction, whole-expression precedence and proposal scope not certified by assembly."
U00625,'pho ba,N-T32,འཕེན་ལ་རླུང་སྟེ་འཕོ་བའི་ལས། །,"Projection is wind, the activity of transference.","Candidate only: exact EWTS match; construction, whole-expression precedence and proposal scope not certified by assembly."
U01155,'pho ba,N-T32,སེམས་ཅན་རླུང་སེམས་འཕོ་བའི་དུས། །,This is the time of sentient beings' wind-mind shifting.,"Candidate only: exact EWTS match; construction, whole-expression precedence and proposal scope not certified by assembly."
U01220,'pho ba,N-T32,དུས་ཀྱི་འཕོ་བ་འདི་ལྟ་སྟེ། །,The shifting of times is as follows.,"Candidate only: exact EWTS match; construction, whole-expression precedence and proposal scope not certified by assembly."
U01728,'pho ba,N-T32,འབྱུང་བའི་འཕོ་བ་འདི་ལྟ་བུ། །,The shifting of the elements is like this:,"Candidate only: exact EWTS match; construction, whole-expression precedence and proposal scope not certified by assembly."
U01739,'pho ba,N-T32,སོ་སོའི་དུས་ངེས་འཕོ་བའི་མཚམས། །,"Their respective definite times, the intervals of shifting,","Candidate only: exact EWTS match; construction, whole-expression precedence and proposal scope not certified by assembly."
U01741,'pho ba,N-T32,འཕོ་བའི་དུས་ལ་འཕོ་བ་སྟེ། །,"at the time of shifting, there is shifting;","Candidate only: exact EWTS match; construction, whole-expression precedence and proposal scope not certified by assembly."
U01746,'pho ba,N-T32,འཕོ་བའི་གནས་ནི་མཁས་པས་དཔྱད། །,The places of shifting are examined by the skilled person.,"Candidate only: exact EWTS match; construction, whole-expression precedence and proposal scope not certified by assembly."
U03660,'pho ba,N-T32,འཕོ་བ་ངེས་པའི་ཚད་ཀྱིས་གནས། །,and through the definite measure of shifting;,"Candidate only: exact EWTS match; construction, whole-expression precedence and proposal scope not certified by assembly."
U03678,'pho ba,N-T32,འཕོ་བ་ངེས་པའི་ཚད་གནས་ནི། །,Abiding in the definite measure of shifting:,"Candidate only: exact EWTS match; construction, whole-expression precedence and proposal scope not certified by assembly."
U03682,'pho ba,N-T32,ཆོས་ཉིད་གནས་པའི་འཕོ་བ་སྟེ། །,there is a shift in the abiding of the nature of phenomena.,"Candidate only: exact EWTS match; construction, whole-expression precedence and proposal scope not certified by assembly."
U04544,'pho ba,N-T32,སྐར་མདའ་འཕོ་བའི་ཚུལ་གྱིས་ཀྱང༌། །,"In the manner of a shooting star passing across,","Candidate only: exact EWTS match; construction, whole-expression precedence and proposal scope not certified by assembly."
U04618,'pho ba,N-T32,དུས་ནི་འཕོ་བའི་གྲངས་ཀྱིས་བཟུང་། །,Time is held through the number of transitions;,"Candidate only: exact EWTS match; construction, whole-expression precedence and proposal scope not certified by assembly."
U00069,bsam gtan,N-T33,བསམ་གཏན་དང་པོར་གནས་པ་བཞིན། །,"as though abiding in the first meditative absorption,","Candidate only: exact EWTS match; construction, whole-expression precedence and proposal scope not certified by assembly."
U03419,bsam gtan,N-T33,གཉིད་ཀྱི་བསམ་གཏན་བསྒོམ་པ་དང་། །,"Through cultivating the meditative stabilization of sleep,","Candidate only: exact EWTS match; construction, whole-expression precedence and proposal scope not certified by assembly."
U03565,bsam gtan,N-T33,བསམ་གཏན་ཡིན་པར་ཅི་མ་ཤེས། །,why are they not known to be meditative stabilization?,"Candidate only: exact EWTS match; construction, whole-expression precedence and proposal scope not certified by assembly."
U04890,bsam gtan,N-T33,བསམ་གཏན་དག་ཏུ་བརྗོད་པར་བྱ། །,is to be called meditative stabilization.,"Candidate only: exact EWTS match; construction, whole-expression precedence and proposal scope not certified by assembly."
U00082,rang bzhin,N-T35,རང་བཞིན་གྱིས་ནི་བདེ་བ་རྙེད། །,I found bliss through intrinsic nature. [N-T05],"Candidate only: exact EWTS match; construction, whole-expression precedence and proposal scope not certified by assembly."
U00170,rang bzhin,N-T35,མི་འབྱེད་རང་བཞིན་རྣམ་དག་པ། །,intrinsic nature was undivided and perfectly pure.,"Candidate only: exact EWTS match; construction, whole-expression precedence and proposal scope not certified by assembly."
U00177,rang bzhin,N-T35,རང་བཞིན་རྫོགས་པ་ཆེན་པོ་ཡི། །,and in the Great Perfection of intrinsic nature,"Candidate only: exact EWTS match; construction, whole-expression precedence and proposal scope not certified by assembly."
U00181,rang bzhin,N-T35,རང་བཞིན་དག་པའི་འཁོར་རྣམས་ལས། །,"From among the retinue whose intrinsic nature was pure,","Candidate only: exact EWTS match; construction, whole-expression precedence and proposal scope not certified by assembly."
U00186,rang bzhin,N-T35,ཚིག་གི་རང་བཞིན་འདི་ལྟ་སྟེ། །,the intrinsic nature of its phrases is thus:,"Candidate only: exact EWTS match; construction, whole-expression precedence and proposal scope not certified by assembly."
U00274,rang bzhin,N-T35,རང་བཞིན་བཅོས་མེད་ནམ་མཁའ་ལ། །,"in space whose intrinsic nature is uncontrived,","Candidate only: exact EWTS match; construction, whole-expression precedence and proposal scope not certified by assembly."
U00295,rang bzhin,N-T35,རང་བཞིན་གསང་བ་རྫོགས་པ་ཆེ། །,"the great perfection whose intrinsic nature is secret,","Candidate only: exact EWTS match; construction, whole-expression precedence and proposal scope not certified by assembly."
U00312,rang bzhin,N-T35,རང་བཞིན་བཅོས་མེད་ནམ་མཁའ་ལ། །,"in space whose intrinsic nature is uncontrived,","Candidate only: exact EWTS match; construction, whole-expression precedence and proposal scope not certified by assembly."
U00507,rang bzhin,N-T35,རྒྱུ་དང་རྐྱེན་དང་རང་བཞིན་དང༌། །,"Its causes, conditions, and intrinsic nature,","Candidate only: exact EWTS match; construction, whole-expression precedence and proposal scope not certified by assembly."
U00547,rang bzhin,N-T35,དམིགས་པ་དག་པའི་རང་བཞིན་དུ། །,"In the intrinsic nature of a pure object of focus,","Candidate only: exact EWTS match; construction, whole-expression precedence and proposal scope not certified by assembly."
U00711,rang bzhin,N-T35,རང་བཞིན་རྫོགས་པས་རྫོགས་པ་ཆེ། །,is complete in intrinsic nature; thus it is the Great Perfection.,"Candidate only: exact EWTS match; construction, whole-expression precedence and proposal scope not certified by assembly."
U01322,rang bzhin,N-T35,རང་བཞིན་དག་པས་གཡེངས་པ་མེད། །,"With intrinsic nature pure, there is no distraction.","Candidate only: exact EWTS match; construction, whole-expression precedence and proposal scope not certified by assembly."
U01333,rang bzhin,N-T35,རང་བཞིན་ཡིན་པས་ཐབས་ལས་འདས། །,"Being intrinsic nature, it is beyond methods.","Candidate only: exact EWTS match; construction, whole-expression precedence and proposal scope not certified by assembly."
U01918,rang bzhin,N-T35,སྟོང་ཉིད་གསལ་བའི་རང་བཞིན་ལ། །,"In emptiness, whose intrinsic nature is clarity,","Candidate only: exact EWTS match; construction, whole-expression precedence and proposal scope not certified by assembly."
U02037,rang bzhin,N-T35,རང་བཞིན་རྫོགས་པ་ཆེན་པོའི་མཐའ། །,The culmination of the Great Perfection of intrinsic nature:,"Candidate only: exact EWTS match; construction, whole-expression precedence and proposal scope not certified by assembly."
U02378,rang bzhin,N-T35,བརྗོད་པ་རྟོག་པའི་རང་བཞིན་ཕྱིར། །,"Because expression has the intrinsic nature of conceptual thought,","Candidate only: exact EWTS match; construction, whole-expression precedence and proposal scope not certified by assembly."
U02438,rang bzhin,N-T35,རང་བཞིན་རྫོགས་པ་ཆེན་པོ་ལ། །,"In the Great Perfection of intrinsic nature,","Candidate only: exact EWTS match; construction, whole-expression precedence and proposal scope not certified by assembly."
U02632,rang bzhin,N-T35,རང་བཞིན་སྤྲོས་པ་མེད་པར་གྱུར། །,"intrinsic nature became free from elaborations,","Candidate only: exact EWTS match; construction, whole-expression precedence and proposal scope not certified by assembly."
U02678,rang bzhin,N-T35,རང་བཞིན་བཅོས་མེད་ནམ་མཁའ་ནས། །,"from the space of uncontrived intrinsic nature,","Candidate only: exact EWTS match; construction, whole-expression precedence and proposal scope not certified by assembly."
U02682,rang bzhin,N-T35,རང་བཞིན་སྤྲོས་མེད་རྫོགས་ཆེན་ལས། །,"from the Great Perfection of intrinsic nature free from conceptual elaborations,","Candidate only: exact EWTS match; construction, whole-expression precedence and proposal scope not certified by assembly."
U02688,rang bzhin,N-T35,གདོད་ནས་བྱས་མེད་རང་བཞིན་ལས། །,"from intrinsic nature, unmade from the outset,","Candidate only: exact EWTS match; construction, whole-expression precedence and proposal scope not certified by assembly."
U02774,rang bzhin,N-T35,རང་བཞིན་དུ་ཡང་འདི་ཉིད་ཡུལ། །,"in its intrinsic nature, too, has this very object:","Candidate only: exact EWTS match; construction, whole-expression precedence and proposal scope not certified by assembly."
U02785,rang bzhin,N-T35,རང་སྣང་རང་བཞིན་མེད་པར་ཤེས། །,they know self-appearance to be without intrinsic nature.,"Candidate only: exact EWTS match; construction, whole-expression precedence and proposal scope not certified by assembly."
U02794,rang bzhin,N-T35,རང་བཞིན་ཡེ་གདངས་མ་གཡོས་པས། །,"Because the primordial radiance of intrinsic nature has not stirred,","Candidate only: exact EWTS match; construction, whole-expression precedence and proposal scope not certified by assembly."
U02812,rang bzhin,N-T35,རང་བཞིན་གཡོས་པ་མེད་ཕྱིར་རོ། །,for intrinsic nature has not stirred. [N-123],"Candidate only: exact EWTS match; construction, whole-expression precedence and proposal scope not certified by assembly."
U02876,rang bzhin,N-T35,ཐམས་ཅད་ལྔ་ལྔའི་རང་བཞིན་ནོ། །,All have the intrinsic nature of fivefold groups. [N-125],"Candidate only: exact EWTS match; construction, whole-expression precedence and proposal scope not certified by assembly."
U03036,rang bzhin,N-T35,ཟླུམ་ཞིང་རང་བཞིན་ཀུན་གསལ་བ། །,"round, with intrinsic nature entirely clear,","Candidate only: exact EWTS match; construction, whole-expression precedence and proposal scope not certified by assembly."
U03053,rang bzhin,N-T35,སྐུ་གསུམ་ཟད་སར་རང་བཞིན་གྲོལ། །,"Where the three embodiments are exhausted, intrinsic nature is liberated.","Candidate only: exact EWTS match; construction, whole-expression precedence and proposal scope not certified by assembly."
U03226,rang bzhin,N-T35,རང་བཞིན་མེད་པས་ནུས་པ་ཟད། །,"Because there is no intrinsic nature, their capacities are exhausted. [N-139]","Candidate only: exact EWTS match; construction, whole-expression precedence and proposal scope not certified by assembly."
U03229,rang bzhin,N-T35,རང་བཞིན་གནས་པའི་ཕུང་པོ་དང༌། །,"the aggregates of abiding in intrinsic nature,","Candidate only: exact EWTS match; construction, whole-expression precedence and proposal scope not certified by assembly."
U03263,rang bzhin,N-T35,རང་བཞིན་ཤུགས་ཀྱིས་འཆང་གཞི་བྱེད། །,"intrinsic nature, by its own momentum, serves as a support for holding. [N-143]","Candidate only: exact EWTS match; construction, whole-expression precedence and proposal scope not certified by assembly."
U03273,rang bzhin,N-T35,རང་བཞིན་འདི་འདྲ་ངེས་པ་མེད། །,Intrinsic nature is not determined as ‘like this.’,"Candidate only: exact EWTS match; construction, whole-expression precedence and proposal scope not certified by assembly."
U03323,rang bzhin,N-T35,ཐོག་མའི་ངོ་བོ་རང་བཞིན་དང་། །,"The initial [abiding] is as essence, intrinsic nature,","Candidate only: exact EWTS match; construction, whole-expression precedence and proposal scope not certified by assembly."
U03330,rang bzhin,N-T35,རང་བཞིན་འཆར་བྱེད་འོད་ཀྱི་ཚུལ། །,Intrinsic nature makes appearances arise in the manner of light:,"Candidate only: exact EWTS match; construction, whole-expression precedence and proposal scope not certified by assembly."
U03430,rang bzhin,N-T35,དེ་ཡི་རང་བཞིན་འཇུག་པ་ཡིས། །,"entering its intrinsic nature,","Candidate only: exact EWTS match; construction, whole-expression precedence and proposal scope not certified by assembly."
U03532,rang bzhin,N-T35,རང་གི་རང་བཞིན་མཐོང་བར་འགྱུར། །,one comes to see one's own intrinsic nature.,"Candidate only: exact EWTS match; construction, whole-expression precedence and proposal scope not certified by assembly."
U03543,rang bzhin,N-T35,སྣང་བ་འཁྲུལ་པའི་རང་བཞིན་ནི། །,the intrinsic nature of delusive appearance,"Candidate only: exact EWTS match; construction, whole-expression precedence and proposal scope not certified by assembly."
U03593,rang bzhin,N-T35, རང་གི་རང་བཞིན་གཤིས་ཀྱི་གནད།།,"the crucial point of the condition of one's own intrinsic nature,","Candidate only: exact EWTS match; construction, whole-expression precedence and proposal scope not certified by assembly."
U03616,rang bzhin,N-T35,ཐིམ་ནས་རང་བཞིན་དམིགས་མེད་ལྟར། །,"dissolves, with intrinsic nature without an object of focus,","Candidate only: exact EWTS match; construction, whole-expression precedence and proposal scope not certified by assembly."
U03631,rang bzhin,N-T35,རང་བཞིན་རྫོགས་པའི་གནས་སྐབས་གང༌། །,What is the state in which intrinsic nature is complete?,"Candidate only: exact EWTS match; construction, whole-expression precedence and proposal scope not certified by assembly."
U03638,rang bzhin,N-T35,རང་བཞིན་ལྷུན་གྲུབ་ཅི་ཡི་ཕྱིར། །,and intrinsic nature as spontaneous presence—why are these so?,"Candidate only: exact EWTS match; construction, whole-expression precedence and proposal scope not certified by assembly."
U03653,rang bzhin,N-T35,རང་བཞིན་རྟོག་པ་གང་མེད་པར། །,"intrinsically without any conceptual thought,","Candidate only: exact EWTS match; construction, whole-expression precedence and proposal scope not certified by assembly."
U03659,rang bzhin,N-T35,དུས་ཀྱི་གནས་དང་རང་བཞིན་དང་། །,"abiding in time, in intrinsic nature,","Candidate only: exact EWTS match; construction, whole-expression precedence and proposal scope not certified by assembly."
U03674,rang bzhin,N-T35,རང་བཞིན་དུ་ནི་གནས་པ་དག །,As for abiding in intrinsic nature:,"Candidate only: exact EWTS match; construction, whole-expression precedence and proposal scope not certified by assembly."
U03695,rang bzhin,N-T35,རང་བཞིན་བཅོས་པ་མེད་པར་གནས། །,intrinsic nature abides without contrivance.,"Candidate only: exact EWTS match; construction, whole-expression precedence and proposal scope not certified by assembly."
U03776,rang bzhin,N-T35,གཉིས་འཇུག་ཁྱབ་པའི་རང་བཞིན་ཅན། །,with the intrinsic nature of paired entry and pervasion.,"Candidate only: exact EWTS match; construction, whole-expression precedence and proposal scope not certified by assembly."
U03828,rang bzhin,N-T35,རང་བཞིན་རྫོགས་པའི་གནས་སྐབས་ནི། །,The state in which intrinsic nature is complete:,"Candidate only: exact EWTS match; construction, whole-expression precedence and proposal scope not certified by assembly."
U03833,rang bzhin,N-T35,རང་བཞིན་དག་པ་སྤྲོས་པ་བྲལ། །,"Intrinsic nature is pure, free from conceptual elaborations,","Candidate only: exact EWTS match; construction, whole-expression precedence and proposal scope not certified by assembly."
U03852,rang bzhin,N-T35,རང་བཞིན་མ་བཅོས་མངོན་དུ་སྣང་། །,Uncontrived intrinsic nature appears manifestly.,"Candidate only: exact EWTS match; construction, whole-expression precedence and proposal scope not certified by assembly."
U03908,rang bzhin,N-T35,མཁའ་ལ་སྤྲིན་གྱི་རང་བཞིན་ཉིད། །,like the intrinsic nature of clouds in space,"Candidate only: exact EWTS match; construction, whole-expression precedence and proposal scope not certified by assembly."
U04015,rang bzhin,N-T35,རང་བཞིན་ལྷུན་གྲུབ་ཡེ་ཤེས་ཞེས། །,What is called primordial knowing of intrinsic nature's spontaneous presence,"Candidate only: exact EWTS match; construction, whole-expression precedence and proposal scope not certified by assembly."
U04025,rang bzhin,N-T35,རང་བཞིན་ཙམ་དུ་གནས་པ་ལས། །,"Abiding merely as intrinsic nature,","Candidate only: exact EWTS match; construction, whole-expression precedence and proposal scope not certified by assembly."
U04034,rang bzhin,N-T35,ཆོས་སྐུ་སྟོང་པའི་རང་བཞིན་ལས། །,"From the empty intrinsic nature of the dharma embodiment,","Candidate only: exact EWTS match; construction, whole-expression precedence and proposal scope not certified by assembly."
U04040,rang bzhin,N-T35,རང་བཞིན་ཤུགས་ཀྱིས་ཐུགས་རྗེ་ཉིད། །,"through the force of intrinsic nature, compassionate responsiveness itself","Candidate only: exact EWTS match; construction, whole-expression precedence and proposal scope not certified by assembly."
U04067,rang bzhin,N-T35,རང་བཞིན་གནས་པ་ངོ་བོ་སྟོང་། །,Intrinsic nature abides; essence is empty.,"Candidate only: exact EWTS match; construction, whole-expression precedence and proposal scope not certified by assembly."
U04092,rang bzhin,N-T35,རང་བཞིན་རྫོགས་པས་སྣང་མཐའ་ཟད། །,"Intrinsic nature being complete, the limits of appearance are exhausted.","Candidate only: exact EWTS match; construction, whole-expression precedence and proposal scope not certified by assembly."
U04105,rang bzhin,N-T35,རང་བཞིན་གསལ་ཞིང་དྭངས་པའོ། །,Intrinsic nature is clear and limpid.,"Candidate only: exact EWTS match; construction, whole-expression precedence and proposal scope not certified by assembly."
U04115,rang bzhin,N-T35,དབྱེར་མེད་རང་བཞིན་མེད་པར་ཁྱབ། །,"indivisibly, without intrinsic nature.","Candidate only: exact EWTS match; construction, whole-expression precedence and proposal scope not certified by assembly."
U04136,rang bzhin,N-T35,ཆོས་རྣམས་རང་བཞིན་ཤེས་པའོ། །,one knows the intrinsic nature of phenomena.,"Candidate only: exact EWTS match; construction, whole-expression precedence and proposal scope not certified by assembly."
U04159,rang bzhin,N-T35,རང་བཞིན་གསལ་སྟོང་དབྱེར་མི་ཕྱེད། །,"intrinsic nature is clarity-emptiness, indivisible,","Candidate only: exact EWTS match; construction, whole-expression precedence and proposal scope not certified by assembly."
U04204,rang bzhin,N-T35,དྲན་བསམ་འདུས་པའི་རང་བཞིན་ལས། །,"From the intrinsic nature of gathered mindfulness and reflection,","Candidate only: exact EWTS match; construction, whole-expression precedence and proposal scope not certified by assembly."
U04234,rang bzhin,N-T35,མཐའ་བྲལ་སྟོང་པའི་རང་བཞིན་ནོ། །,an empty intrinsic nature free from extremes.,"Candidate only: exact EWTS match; construction, whole-expression precedence and proposal scope not certified by assembly."
U04236,rang bzhin,N-T35,རང་བཞིན་གང་དུ་མ་ཕྱེ་བས། །,"its intrinsic nature not differentiated anywhere,","Candidate only: exact EWTS match; construction, whole-expression precedence and proposal scope not certified by assembly."
U04297,rang bzhin,N-T35,རང་བཞིན་དག་པའི་དཀྱིལ་དང་འཁོར། །,"the center and surrounding of pure intrinsic nature,","Candidate only: exact EWTS match; construction, whole-expression precedence and proposal scope not certified by assembly."
U04303,rang bzhin,N-T35,རང་བཞིན་དག་པས་སྐུ་གསུམ་བཞིའོ། །,"Through pure intrinsic nature, the embodiments are ‘three, four.’ [N-185]","Candidate only: exact EWTS match; construction, whole-expression precedence and proposal scope not certified by assembly."
U04308,rang bzhin,N-T35,ཆོས་ཉིད་བཀོད་པའི་རང་བཞིན་ཞུས། །,about the intrinsic nature of the Array of the Nature of Phenomena.,"Candidate only: exact EWTS match; construction, whole-expression precedence and proposal scope not certified by assembly."
U04313,rang bzhin,N-T35,རང་བཞིན་སྣང་བའི་ཡུལ་ཡང་མཐོང་། །,I have also seen the object of intrinsic nature's appearance.,"Candidate only: exact EWTS match; construction, whole-expression precedence and proposal scope not certified by assembly."
U04338,rang bzhin,N-T35,རང་བཞིན་དག་པའི་ནམ་མཁའ་ལས། །,from the space of pure intrinsic nature—,"Candidate only: exact EWTS match; construction, whole-expression precedence and proposal scope not certified by assembly."
U04395,rang bzhin,N-T35,དབང་པོ་ཡུལ་ལ་རང་བཞིན་ནོ། །,intrinsic nature at the faculties' objects. [N-189],"Candidate only: exact EWTS match; construction, whole-expression precedence and proposal scope not certified by assembly."
U04419,rang bzhin,N-T35,རང་བཞིན་སྣང་བའི་ཆོས་རྣམས་སྡུད། །,gather the phenomena of intrinsic nature's appearance.,"Candidate only: exact EWTS match; construction, whole-expression precedence and proposal scope not certified by assembly."
U04458,rang bzhin,N-T35,རང་བཞིན་ཉིད་དང་ངོ་བོ་ཉིད། །,intrinsic nature itself and essence itself—,"Candidate only: exact EWTS match; construction, whole-expression precedence and proposal scope not certified by assembly."
U04482,rang bzhin,N-T35,རང་བཞིན་སྣང་བའི་ཡེ་ཤེས་ལྔ། །,one sees the five primordial knowings of intrinsic nature's appearance,"Candidate only: exact EWTS match; construction, whole-expression precedence and proposal scope not certified by assembly."
U04535,rang bzhin,N-T35,རང་བཞིན་མི་གཡོ་སྟོང་གསལ་མཉམ། །,Intrinsic nature does not move; emptiness and clarity are even.,"Candidate only: exact EWTS match; construction, whole-expression precedence and proposal scope not certified by assembly."
U04563,rang bzhin,N-T35,ཀ་ནས་དག་པའི་རང་བཞིན་ལ། །,"In intrinsic nature, pure from the beginning,","Candidate only: exact EWTS match; construction, whole-expression precedence and proposal scope not certified by assembly."
U04603,rang bzhin,N-T35,རང་བཞིན་གནས་པས་འགྱུ་བ་ཟད། །,intrinsic nature abides and movement is exhausted.,"Candidate only: exact EWTS match; construction, whole-expression precedence and proposal scope not certified by assembly."
U04605,rang bzhin,N-T35,རང་བཞིན་གནས་དང་བཅོས་མ་ལས། །,"through intrinsic abiding and contrived [practice],","Candidate only: exact EWTS match; construction, whole-expression precedence and proposal scope not certified by assembly."
U04616,rang bzhin,N-T35,རང་བཞིན་དག་པའི་གནད་ཤེས་ནས། །,"Knowing the crucial point of pure intrinsic nature,","Candidate only: exact EWTS match; construction, whole-expression precedence and proposal scope not certified by assembly."
U04655,rang bzhin,N-T35,བསམ་ངོ་རང་བཞིན་དག་པར་སྣང་། །,appear pure in the intrinsic nature of what is envisaged. [N-198],"Candidate only: exact EWTS match; construction, whole-expression precedence and proposal scope not certified by assembly."
U04657,rang bzhin,N-T35,འདི་ཡི་རང་བཞིན་རང་ཤེས་ན། །,"when one oneself knows their intrinsic nature,","Candidate only: exact EWTS match; construction, whole-expression precedence and proposal scope not certified by assembly."
U04662,rang bzhin,N-T35,རང་བཞིན་ཉིད་ལས་ངོ་བོར་གྲུབ། །,is established as essence from intrinsic nature itself.,"Candidate only: exact EWTS match; construction, whole-expression precedence and proposal scope not certified by assembly."
U04672,rang bzhin,N-T35,གཞན་ཡང་ཆོས་ཉིད་རང་བཞིན་བཤད། །,"Furthermore, I shall explain the intrinsic nature of the nature of phenomena.","Candidate only: exact EWTS match; construction, whole-expression precedence and proposal scope not certified by assembly."
U04680,rang bzhin,N-T35,རང་བཞིན་དག་པ་ལྟར་སྣང་ངོ་། །,its intrinsic nature appears pure. [N-199],"Candidate only: exact EWTS match; construction, whole-expression precedence and proposal scope not certified by assembly."
U04713,rang bzhin,N-T35,ལུ་གུ་རྒྱུད་ཀྱི་རང་བཞིན་ནོ། །,is the intrinsic nature of vajra chains.,"Candidate only: exact EWTS match; construction, whole-expression precedence and proposal scope not certified by assembly."
U04745,rang bzhin,N-T35,ཡོངས་སུ་གྲོལ་བས་རང་བཞིན་དག །,"Completely liberated, intrinsic nature is pure.","Candidate only: exact EWTS match; construction, whole-expression precedence and proposal scope not certified by assembly."
U04747,rang bzhin,N-T35,རང་བཞིན་གྲོལ་བས་མ་བཅོས་པའོ། །,"Liberated through intrinsic nature, it is uncontrived.","Candidate only: exact EWTS match; construction, whole-expression precedence and proposal scope not certified by assembly."
U04764,rang bzhin,N-T35,དེ་ནས་རང་བཞིན་རྣམ་དག་པས། །,"Then, through completely pure intrinsic nature,","Candidate only: exact EWTS match; construction, whole-expression precedence and proposal scope not certified by assembly."
U04778,rang bzhin,N-T35,ལྟ་བའི་ངོ་བོ་རང་བཞིན་གང་། །,What are the essence and intrinsic nature of view?,"Candidate only: exact EWTS match; construction, whole-expression precedence and proposal scope not certified by assembly."
U04801,rang bzhin,N-T35,རྟོགས་པ་ཆུང་ཞིང་རང་བཞིན་དལ། །,"whose realization is small and whose intrinsic nature is quiet,","Candidate only: exact EWTS match; construction, whole-expression precedence and proposal scope not certified by assembly."
U04834,rang bzhin,N-T35,ཉོན་མོངས་རང་བཞིན་གྲོལ་བར་འདོད། །,and afflictions held to be liberated in intrinsic nature. [N-207],"Candidate only: exact EWTS match; construction, whole-expression precedence and proposal scope not certified by assembly."
U04866,rang bzhin,N-T35,ལྟ་བའི་རང་བཞིན་སྣོད་བཅུད་ལ། །,The intrinsic nature of view pervades environment and inhabitants;,"Candidate only: exact EWTS match; construction, whole-expression precedence and proposal scope not certified by assembly."
U04881,rang bzhin,N-T35,ངོ་བོ་རང་བཞིན་སྒྱུ་མར་མཐོང༌། །,one sees essence and intrinsic nature as illusion.,"Candidate only: exact EWTS match; construction, whole-expression precedence and proposal scope not certified by assembly."
U04889,rang bzhin,N-T35,རང་བཞིན་བབ་ལས་བྱུང་བ་ནི། །,What arises from intrinsic nature's own disposition,"Candidate only: exact EWTS match; construction, whole-expression precedence and proposal scope not certified by assembly."
U04908,rang bzhin,N-T35,རང་བཞིན་དག་པའི་གཞི་སྣང་ངོ་། །,and there is ground-appearance of pure intrinsic nature.,"Candidate only: exact EWTS match; construction, whole-expression precedence and proposal scope not certified by assembly."
U04929,rang bzhin,N-T35,རང་བཞིན་གང་དང་མ་འདྲེས་པ། །,its intrinsic nature is mixed with nothing;,"Candidate only: exact EWTS match; construction, whole-expression precedence and proposal scope not certified by assembly."
U04933,rang bzhin,N-T35,རྒྱུ་རྐྱེན་དག་པའི་རང་བཞིན་ལ། །,"In the intrinsic nature of pure causes and conditions,","Candidate only: exact EWTS match; construction, whole-expression precedence and proposal scope not certified by assembly."
U04947,rang bzhin,N-T35,འབྲས་བུའི་རང་བཞིན་མ་ཤེས་དང་། །,the intrinsic nature of the result is not known;,"Candidate only: exact EWTS match; construction, whole-expression precedence and proposal scope not certified by assembly."
U04954,rang bzhin,N-T35,རང་བཞིན་དག་པས་འཁོར་འདས་ཕྱེད། །,"With intrinsic nature pure, samsara and nirvana are distinguished.","Candidate only: exact EWTS match; construction, whole-expression precedence and proposal scope not certified by assembly."
U04974,rang bzhin,N-T35,གཞན་ཡང་རང་བཞིན་བལྟ་བ་ནི། །,"Furthermore, the view of intrinsic nature:","Candidate only: exact EWTS match; construction, whole-expression precedence and proposal scope not certified by assembly."
U04975,rang bzhin,N-T35,དངོས་མེད་རང་བཞིན་རྫོགས་པ་ཆེ། །,"the Great Perfection of intrinsic nature, without things.","Candidate only: exact EWTS match; construction, whole-expression precedence and proposal scope not certified by assembly."
U05112,rang bzhin,N-T35,རང་བཞིན་མ་བཅོས་བརྗོད་ལས་འདས། །,"uncontrived in intrinsic nature, is beyond expression.","Candidate only: exact EWTS match; construction, whole-expression precedence and proposal scope not certified by assembly."
U05129,rang bzhin,N-T35,གཅིག་མ་གྲུབ་པས་རང་བཞིན་དག །,One is not established; intrinsic nature is pure.,"Candidate only: exact EWTS match; construction, whole-expression precedence and proposal scope not certified by assembly."
U05130,rang bzhin,N-T35,རང་བཞིན་གསལ་བས་དོན་གྲུབ་པའོ། །,"Intrinsic nature being clear, meaning is accomplished.","Candidate only: exact EWTS match; construction, whole-expression precedence and proposal scope not certified by assembly."
U05135,rang bzhin,N-T35,གཞན་ཡང་རང་བཞིན་འཁྲུལ་པ་བཤད། །,"Furthermore, I shall explain the delusion of intrinsic nature.","Candidate only: exact EWTS match; construction, whole-expression precedence and proposal scope not certified by assembly."
U05215,rang bzhin,N-T35,རང་བཞིན་ཆོས་ཉིད་སྐུ་རྣམས་ཅི། །,What are the embodiments of intrinsic nature and the nature of phenomena?,"Candidate only: exact EWTS match; construction, whole-expression precedence and proposal scope not certified by assembly."
U05222,rang bzhin,N-T35,བརྗོད་དུ་མེད་པའི་རང་བཞིན་ལས། །,"from inexpressible intrinsic nature,","Candidate only: exact EWTS match; construction, whole-expression precedence and proposal scope not certified by assembly."
U05229,rang bzhin,N-T35,རང་བཞིན་རྫོགས་པ་ཆེན་པོ་ལས། །,"From the Great Perfection of intrinsic nature,","Candidate only: exact EWTS match; construction, whole-expression precedence and proposal scope not certified by assembly."
U05264,rang bzhin,N-T35,མཚན་མ་མེད་པའི་རང་བཞིན་ནོ། །,an intrinsic nature without signs.,"Candidate only: exact EWTS match; construction, whole-expression precedence and proposal scope not certified by assembly."
U05271,rang bzhin,N-T35,རང་བཞིན་བཅོས་པ་མེད་པའོ། །,and intrinsic nature is uncontrived.,"Candidate only: exact EWTS match; construction, whole-expression precedence and proposal scope not certified by assembly."
U05278,rang bzhin,N-T35,སྐུ་ནི་སྣང་ལ་རང་བཞིན་མེད། །,Embodiment appears but has no intrinsic nature.,"Candidate only: exact EWTS match; construction, whole-expression precedence and proposal scope not certified by assembly."
U05314,rang bzhin,N-T35,གོ་བ་རང་བཞིན་དག་པ་དང་། །,Understanding: intrinsic nature is pure;,"Candidate only: exact EWTS match; construction, whole-expression precedence and proposal scope not certified by assembly."
U05321,rang bzhin,N-T35,གསལ་བའི་རང་བཞིན་རྫོགས་པའི་ཕྱིར། །,"because the intrinsic nature of clarity is complete,","Candidate only: exact EWTS match; construction, whole-expression precedence and proposal scope not certified by assembly."
U05322,rang bzhin,N-T35,སྣང་ལ་རང་བཞིན་མེད་པ་དང༌། །,it appears but has no intrinsic nature;,"Candidate only: exact EWTS match; construction, whole-expression precedence and proposal scope not certified by assembly."
U05329,rang bzhin,N-T35,སྐུ་ཡི་རང་བཞིན་ཆོས་ཉིད་ནི། །,The intrinsic nature and nature of phenomena of embodiment:,"Candidate only: exact EWTS match; construction, whole-expression precedence and proposal scope not certified by assembly."
U05330,rang bzhin,N-T35,རང་བཞིན་སྟོང་དང་གསལ་བ་དང་། །,"intrinsic nature is emptiness and clarity,","Candidate only: exact EWTS match; construction, whole-expression precedence and proposal scope not certified by assembly."
U05389,rang bzhin,N-T35,གཞན་ཡང་རྟགས་དང་རང་བཞིན་བཤད། །,"Furthermore, I shall explain signs and intrinsic nature.","Candidate only: exact EWTS match; construction, whole-expression precedence and proposal scope not certified by assembly."
U05408,rang bzhin,N-T35,སྐུ་ཡི་རང་བཞིན་ཡོངས་ཤེས་པས། །,"Through fully knowing embodiment's intrinsic nature,","Candidate only: exact EWTS match; construction, whole-expression precedence and proposal scope not certified by assembly."
U05425,rang bzhin,N-T35,རང་བཞིན་སྣང་བའི་འཁོར་རྣམས་ཀུན། །,"All the retinues appearing through intrinsic nature,","Candidate only: exact EWTS match; construction, whole-expression precedence and proposal scope not certified by assembly."
U05439,rang bzhin,N-T35,རང་བཞིན་རྫོགས་པ་ཆེན་པོ་ཡི། །,they become even with freedom from conceptual elaborations,"Candidate only: exact EWTS match; construction, whole-expression precedence and proposal scope not certified by assembly."
U05451,rang bzhin,N-T35, རང་བཞིན་རྫོགས་པ་ཆེན་པོ་ཤོ་ལོ་ཀ་འབུམ་ཕྲག་དྲུག་ཅུ་རྩ་བཞི་ལས་ཁྱད་པར་དུ་བཀོད་པ་རྫོགས་སོ།། །།,"specially arrayed from the sixty-four hundred-thousand ślokas of the Great Perfection of intrinsic nature, is complete. [N-236]","Candidate only: exact EWTS match; construction, whole-expression precedence and proposal scope not certified by assembly."
U01740,rten 'brel,N-T37,རྟེན་འབྲེལ་ལ་སོགས་འབྱུང་བའི་གནས། །,and the places of the elements in dependent connections and so forth:,"Candidate only: exact EWTS match; construction, whole-expression precedence and proposal scope not certified by assembly."
U02166,rten 'brel,N-T37,རྩ་བ་ཡི་ནི་རྟེན་འབྲེལ་ལས། །,"From the root dependent connections,","Candidate only: exact EWTS match; construction, whole-expression precedence and proposal scope not certified by assembly."
U02168,rten 'brel,N-T37,རྟེན་འབྲེལ་འཁོར་ལོའི་འབྲེལ་སོ་ཡིས། །,"and the linkages of the wheel of dependent connections,","Candidate only: exact EWTS match; construction, whole-expression precedence and proposal scope not certified by assembly."
U02409,rten 'brel,N-T37,གནས་སུ་རྟེན་འབྲེལ་འཁོར་ལོ་བྱ། །,make a wheel of dependent connections at the place.,"Candidate only: exact EWTS match; construction, whole-expression precedence and proposal scope not certified by assembly."
U02538,rten 'brel,N-T37,རླུང་དང་རྟེན་འབྲེལ་ཟབ་མོས་བྱ། །,perform it through wind and profound dependent connections.,"Candidate only: exact EWTS match; construction, whole-expression precedence and proposal scope not certified by assembly."
U02588,rten 'brel,N-T37,སྒྲ་དང་བཟོ་དང་རྟེན་འབྲེལ་དང༌། །,"Word, craft, and dependent connections;","Candidate only: exact EWTS match; construction, whole-expression precedence and proposal scope not certified by assembly."
U02815,rten 'brel,N-T37,རྩ་བའི་རྟེན་འབྲེལ་ལ་འཁྱལ་པས། །,"the root dependent connections taught above,","Candidate only: exact EWTS match; construction, whole-expression precedence and proposal scope not certified by assembly."
U02835,rten 'brel,N-T37,རྟེན་འབྲེལ་ཚོགས་པ་དུ་མ་ལས། །,"From the many gatherings of dependent connections,","Candidate only: exact EWTS match; construction, whole-expression precedence and proposal scope not certified by assembly."
U03181,rten 'brel,N-T37,རྟེན་འབྲེལ་སྔགས་པས་འབད་དེ་བརྟེན། །,the mantra practitioner should diligently rely on dependent connections.,"Candidate only: exact EWTS match; construction, whole-expression precedence and proposal scope not certified by assembly."
U03204,rten 'brel,N-T37,ཡིད་མཐུན་རྟེན་འབྲེལ་ཟབ་མོས་བྱ། །,"and act through profound, agreeable dependent connections.","Candidate only: exact EWTS match; construction, whole-expression precedence and proposal scope not certified by assembly."
U03207,rten 'brel,N-T37,རྟེན་འབྲེལ་ཡན་ལག་སྦྱོར་བའོ། །,Join the branches of dependent connections. [N-138],"Candidate only: exact EWTS match; construction, whole-expression precedence and proposal scope not certified by assembly."
U03667,rten 'brel,N-T37,འདི་དུས་རྟེན་འབྲེལ་ཟབ་མོ་བསྟན། །,"At this time, profound dependent connections are taught.","Candidate only: exact EWTS match; construction, whole-expression precedence and proposal scope not certified by assembly."
U03994,rten 'brel,N-T37,རྩ་ནི་རྟེན་འབྲེལ་འཁོར་ལོ་ཡིས། །,"The channels, through the wheel of dependent connections,","Candidate only: exact EWTS match; construction, whole-expression precedence and proposal scope not certified by assembly."
U04561,rten 'brel,N-T37,རྟེན་འབྲེལ་རླུང་ཉིད་རྣམ་དག་པ། །,dependent connections and wind itself are completely pure.,"Candidate only: exact EWTS match; construction, whole-expression precedence and proposal scope not certified by assembly."
U00221,rten cing 'brel,N-T37,རྟེན་ཅིང་འབྲེལ་པ་ཅི་ཡི་རྒྱུ། །,Of what is dependent connection the cause?,"Candidate only: exact EWTS match; construction, whole-expression precedence and proposal scope not certified by assembly."
U02543,rten cing 'brel,N-T37,རྟེན་ཅིང་འབྲེལ་བའི་སྦྱོར་ཀ་ཡིས། །,"Through the application of dependent connections,","Candidate only: exact EWTS match; construction, whole-expression precedence and proposal scope not certified by assembly."
U02580,rten cing 'brel,N-T37,རྟེན་ཅིང་འབྲེལ་པའི་ཡན་ལག་རྫོགས། །,The branches of dependent connections are complete.,"Candidate only: exact EWTS match; construction, whole-expression precedence and proposal scope not certified by assembly."
U03877,rten cing 'brel,N-T37,མིང་དང་རྟེན་ཅིང་འབྲེལ་པས་བྱའོ། །,are performed through names and dependent connections.,"Candidate only: exact EWTS match; construction, whole-expression precedence and proposal scope not certified by assembly."
U00230,grub mtha',N-T38,གྲུབ་མཐའ་དགོངས་པ་གང་གིས་འགྲུབ། །,By what is the enlightened intent of the tenets established?,"Candidate only: exact EWTS match; construction, whole-expression precedence and proposal scope not certified by assembly."
U00640,grub mtha',N-T38,གྲུབ་མཐའ་བློ་ལ་བརྟེན་པ་ཡིས། །,"Tenets depend on the conceptual mind,","Candidate only: exact EWTS match; construction, whole-expression precedence and proposal scope not certified by assembly."
U05047,grub mtha',N-T38,གྲུབ་མཐའ་མི་སྤང་ཆོས་མི་སྤང་། །,Do not reject tenets; do not reject Dharma.,"Candidate only: exact EWTS match; construction, whole-expression precedence and proposal scope not certified by assembly."
U00021,thabs,N-T39,བདེ་ཆེན་འདུས་པའི་ཐབས་ཀྱི་འཁོར། །,the retinue of methods in which great bliss is gathered—,"Candidate only: exact EWTS match; construction, whole-expression precedence and proposal scope not certified by assembly."
U00024,thabs,N-T39,རྩ་རླུང་ཐབས་ཀྱི་བདེ་ཆེན་ཆོས། །,The teaching of great bliss through the methods of channels and winds,"Candidate only: exact EWTS match; construction, whole-expression precedence and proposal scope not certified by assembly."
U00178,thabs,N-T39,དཀྱིལ་འཁོར་གཅིག་ཏུ་ཐབས་ཅིག་འཁོད། །,abided together in a single maṇḍala.,"Candidate only: exact EWTS match; construction, whole-expression precedence and proposal scope not certified by assembly."
U00229,thabs,N-T39,གནད་རྣམས་རང་བཟློག་ཐབས་གང་ལགས། །,What method reverses the crucial points themselves?,"Candidate only: exact EWTS match; construction, whole-expression precedence and proposal scope not certified by assembly."
U00236,thabs,N-T39,བླ་མ་བསྟེན་པའི་ཐབས་གང་ལགས། །,What is the method of relying on a lama?,"Candidate only: exact EWTS match; construction, whole-expression precedence and proposal scope not certified by assembly."
U00390,thabs,N-T39,སྣ་ཚོགས་ཐབས་ལ་བསླབ་གྱུར་ནས། །,"having trained in diverse methods,","Candidate only: exact EWTS match; construction, whole-expression precedence and proposal scope not certified by assembly."
U00697,thabs,N-T39,བདེ་བ་ཐབས་ཀྱི་སྐུ་ཉིད་ཀྱང༌། །,"also the embodiment of the method of bliss,","Candidate only: exact EWTS match; construction, whole-expression precedence and proposal scope not certified by assembly."
U01333,thabs,N-T39,རང་བཞིན་ཡིན་པས་ཐབས་ལས་འདས། །,"Being intrinsic nature, it is beyond methods.","Candidate only: exact EWTS match; construction, whole-expression precedence and proposal scope not certified by assembly."
U01443,thabs,N-T39,བདུད་རྩི་རྣམ་ལྔ་སྦྱར་བའི་ཐབས། །,"the method of combining the five nectars,","Candidate only: exact EWTS match; construction, whole-expression precedence and proposal scope not certified by assembly."
U01587,thabs,N-T39,དེ་ཡི་གནད་ཀྱིས་སྦྱོར་ཐབས་འབད། །,"Through their crucial point, one strives in methods of application.","Candidate only: exact EWTS match; construction, whole-expression precedence and proposal scope not certified by assembly."
U01641,thabs,N-T39,དངོས་ནི་རླུང་གིས་སྦྱང་བའི་ཐབས། །,The actual is a method of training through wind.,"Candidate only: exact EWTS match; construction, whole-expression precedence and proposal scope not certified by assembly."
U01665,thabs,N-T39,སྣ་ཚོགས་རྫུ་འཕྲུལ་ཐབས་སྣ་ཚོགས། །,Manifold miracles have manifold methods.,"Candidate only: exact EWTS match; construction, whole-expression precedence and proposal scope not certified by assembly."
U01822,thabs,N-T39,འབྱུང་བ་ཕོ་མོའི་ཐབས་དབྱེ་ལས། །,"through distinguishing the means of male and female elements,","Candidate only: exact EWTS match; construction, whole-expression precedence and proposal scope not certified by assembly."
U01921,thabs,N-T39,གནད་ཀྱི་སྤོ་ལ་གཏང་ཐབས་དང་། །,"For transferring at the crucial point, the method of releasing","Candidate only: exact EWTS match; construction, whole-expression precedence and proposal scope not certified by assembly."
U02590,thabs,N-T39,དཔེ་དང་བྱ་བྱེད་བསླབ་ཐབས་ལ། །,"examples, actions, and methods of training—","Candidate only: exact EWTS match; construction, whole-expression precedence and proposal scope not certified by assembly."
U03002,thabs,N-T39,ཉི་མའི་བསླབ་ཐབས་རྣལ་འབྱོར་པས། །,"The yogin, in the methods of training with the sun,","Candidate only: exact EWTS match; construction, whole-expression precedence and proposal scope not certified by assembly."
U03011,thabs,N-T39,འདི་དུས་ཐབས་ཀྱིས་བཅོས་པ་གནད། །,"At this time, adjustment through methods is the crucial point.","Candidate only: exact EWTS match; construction, whole-expression precedence and proposal scope not certified by assembly."
U03041,thabs,N-T39,ཐབས་དང་ཤེས་རབ་རྫོགས་པ་ཡིས། །,"Through methods and discerning knowing being complete,","Candidate only: exact EWTS match; construction, whole-expression precedence and proposal scope not certified by assembly."
U03311,thabs,N-T39,ཐབས་དང་ཤེས་རབ་ཁྱད་པར་ལས། །,"through the distinction of methods and discerning knowing,","Candidate only: exact EWTS match; construction, whole-expression precedence and proposal scope not certified by assembly."
U03371,thabs,N-T39,དུས་དང་ཐབས་དང་དཔེ་ཉིད་དང་། །,"time, method, and example,","Candidate only: exact EWTS match; construction, whole-expression precedence and proposal scope not certified by assembly."
U03388,thabs,N-T39,དུས་དང་ཐབས་དང་དཔེ་དང་ཚད། །,"time, method, example, and measure;","Candidate only: exact EWTS match; construction, whole-expression precedence and proposal scope not certified by assembly."
U03429,thabs,N-T39,དུས་དང་ཐབས་དང་གནད་དང་ཚིག །,"Through time, method, crucial point, and word,","Candidate only: exact EWTS match; construction, whole-expression precedence and proposal scope not certified by assembly."
U03686,thabs,N-T39,དེ་ལ་སེམས་ཉིད་གནས་པའི་ཐབས། །,The method of making the nature of ordinary mind abide there:,"Candidate only: exact EWTS match; construction, whole-expression precedence and proposal scope not certified by assembly."
U03845,thabs,N-T39,གནས་སུ་འཇུག་པ་ཐབས་ཀྱིས་དབྱེའོ། །,distinguish entry into abiding through methods.,"Candidate only: exact EWTS match; construction, whole-expression precedence and proposal scope not certified by assembly."
U03906,thabs,N-T39,འཇུག་ཅིང་ཐབས་ཀྱིས་རབ་ཏུ་འབྱེད། །,one enters and thoroughly distinguishes through methods.,"Candidate only: exact EWTS match; construction, whole-expression precedence and proposal scope not certified by assembly."
U04162,thabs,N-T39,རྟོག་འཇུག་ཐབས་ཀྱི་བྱེ་བྲག་སྟོན།,it shows distinctions in the methods by which conceptual thought enters.,"Candidate only: exact EWTS match; construction, whole-expression precedence and proposal scope not certified by assembly."
U04486,thabs,N-T39,སྣང་བ་འཁྲིད་པའི་ཐབས་ཀྱིས་ཀྱང་། །,"Through methods of guiding appearance,","Candidate only: exact EWTS match; construction, whole-expression precedence and proposal scope not certified by assembly."
U05094,thabs,N-T39,མཚན་མ་མཚན་མ་བཟོ་ཡི་ཡང་བྱུང་ཐབས་བཟོའི་སྦྱོར་བ་ཡི། །,Through applications of signs and skillful craft—[Source variant: ‘craft of signs.’],"Candidate only: exact EWTS match; construction, whole-expression precedence and proposal scope not certified by assembly."
U05095,thabs,N-T39,ལུས་སེམས་ཐབས་ཀྱི་ཁྱད་པར་གྱིས། །,"through the distinct methods for body and ordinary mind,","Candidate only: exact EWTS match; construction, whole-expression precedence and proposal scope not certified by assembly."
U05313,thabs,N-T39,སྣ་ཚོགས་ཐབས་ལས་གྲུབ་པའོ། །,and established from diverse methods.,"Candidate only: exact EWTS match; construction, whole-expression precedence and proposal scope not certified by assembly."
U00018,bskyed pa,N-T40,འདུས་ཤིང་བསྐྱེད་པའི་གཞལ་མེད་ཁང་། །,"The immeasurable palace, gathered and generated,","Candidate only: exact EWTS match; construction, whole-expression precedence and proposal scope not certified by assembly."
U01542,bskyed pa,N-T40,འཇིག་རྟེན་ལུས་རྫོགས་བསྐྱེད་པ་དང་། །,"In the world, it generates the complete body,","Candidate only: exact EWTS match; construction, whole-expression precedence and proposal scope not certified by assembly."
U02837,bskyed pa,N-T40,འབྱུང་བ་བཞི་ཡིས་བསྐྱེད་པའི་རྒྱུ། །,The causes generated by the four elements,"Candidate only: exact EWTS match; construction, whole-expression precedence and proposal scope not certified by assembly."
U02903,bskyed pa,N-T40,ལུས་དང་ཡན་ལག་བསྐྱེད་པ་དང་། །,they generate the body and limbs,"Candidate only: exact EWTS match; construction, whole-expression precedence and proposal scope not certified by assembly."
U02921,bskyed pa,N-T40,ངོ་བོའི་གཟི་མདངས་བསྐྱེད་པའོ། །,and generates the splendor of essence.,"Candidate only: exact EWTS match; construction, whole-expression precedence and proposal scope not certified by assembly."
U03182,bskyed pa,N-T40,འབྱུང་བ་བསྐྱེད་པའི་ཆོ་ག་ཡིས། །,"Through the rite of generating the elements,","Candidate only: exact EWTS match; construction, whole-expression precedence and proposal scope not certified by assembly."
U04293,bskyed pa,N-T40,ཡོན་ཏན་བསྐྱེད་པའི་སེར་པོ་ལས། །,"From the yellow that generates qualities,","Candidate only: exact EWTS match; construction, whole-expression precedence and proposal scope not certified by assembly."
U04449,bskyed pa,N-T40,ཕྲ་ཞིང་བསྐྱེད་པ་མེད་པ་ལས། །,"subtle and without generation,","Candidate only: exact EWTS match; construction, whole-expression precedence and proposal scope not certified by assembly."
U03338,cog bzhag,N-T42,ཅོག་བཞག་རང་གྲོལ་རྒྱས་གདབ་པོ། །,and seal leaving just as it is with self-liberation. [N-145],"Candidate only: exact EWTS match; construction, whole-expression precedence and proposal scope not certified by assembly."
U02306,bla ma,N-T43,དམིགས་པ་བླ་མ་རྡོ་རྗེ་མཆེད། །,The objects of focus—the guru and vajra siblings—,"Candidate only: exact EWTS match; construction, whole-expression precedence and proposal scope not certified by assembly."
U02427,bla ma,N-T43,བླ་མ་མཆོད་ཅིང་གཏོར་མ་བྱ། །,offer to the guru and make a torma.,"Candidate only: exact EWTS match; construction, whole-expression precedence and proposal scope not certified by assembly."
U02493,bla ma,N-T43,འདི་དུས་བླ་མའི་མན་ངག་ནུབ། །,"At this time, the guru's pith instructions subside.","Candidate only: exact EWTS match; construction, whole-expression precedence and proposal scope not certified by assembly."
U03435,bla ma,N-T43,བླ་མ་མཆོད་དང་གཏོར་མ་བྱ། །,should offer to the guru and make a torma.,"Candidate only: exact EWTS match; construction, whole-expression precedence and proposal scope not certified by assembly."
U04264,bla ma,N-T43,སྔོན་དུ་བླ་མ་མཆོད་བྱས་ལ། །,first make offerings to the lama.,"Candidate only: exact EWTS match; construction, whole-expression precedence and proposal scope not certified by assembly."
U04285,bla ma,N-T43,ཆོས་ནི་བླ་མའི་ལུང་དང་བསྟུན། །,"Concerning phenomena, accord with the lama's authoritative transmission.","Candidate only: exact EWTS match; construction, whole-expression precedence and proposal scope not certified by assembly."
U04796,bla ma,N-T43,གཏོང་བར་ནུས་ཤིང་བླ་མ་གུས། །,"are able to give and respect the lama,","Candidate only: exact EWTS match; construction, whole-expression precedence and proposal scope not certified by assembly."
U04863,bla ma,N-T43,ལུང་དང་བླ་མའི་མན་ངག་ལས། །,Neither authoritative transmission nor the lama's pith instructions,"Candidate only: exact EWTS match; construction, whole-expression precedence and proposal scope not certified by assembly."
U04965,bla ma,N-T43,ཚོགས་དང་བླ་མ་མཆོད་པ་མེད། །,no gathering offerings or offerings to the lama;,"Candidate only: exact EWTS match; construction, whole-expression precedence and proposal scope not certified by assembly."
U05048,bla ma,N-T43,གྲོགས་དང་བླ་མ་མི་སྨོད་དོ། །,Do not disparage companions or the lama. [N-219],"Candidate only: exact EWTS match; construction, whole-expression precedence and proposal scope not certified by assembly."
U05050,bla ma,N-T43,བླ་མ་སངས་རྒྱས་མཆོད་པའི་རྟེན། །,Lamas and buddhas are supports for offerings;,"Candidate only: exact EWTS match; construction, whole-expression precedence and proposal scope not certified by assembly."
U05054,bla ma,N-T43,བླ་མ་མཚན་ཉིད་ལྡན་མཐོང་ན། །,"On seeing a lama endowed with the characteristics,","Candidate only: exact EWTS match; construction, whole-expression precedence and proposal scope not certified by assembly."
U05077,bla ma,N-T43,བླ་མ་བསྟེན་པས་འཁོར་རྒྱུན་འགགས། །,relying on the lama ceases the flow of samsara;,"Candidate only: exact EWTS match; construction, whole-expression precedence and proposal scope not certified by assembly."
U00919,byang chub,N-T45,ཐམས་ཅད་བྱང་ཆུབ་སེམས་ཆེན་པོ། །,"All will be great bodhisattvas,","Candidate only: exact EWTS match; construction, whole-expression precedence and proposal scope not certified by assembly."
U01009,byang chub,N-T45,བྱང་ཆུབ་སེམས་དཔའ་དག་གིས་འཛིན། །,bodhisattvas—will uphold it.,"Candidate only: exact EWTS match; construction, whole-expression precedence and proposal scope not certified by assembly."
U01062,byang chub,N-T45,བྱང་ཆུབ་སེམས་དཔའ་ཆེན་པོའི་འཁོར། །,a retinue of great bodhisattvas—,"Candidate only: exact EWTS match; construction, whole-expression precedence and proposal scope not certified by assembly."
U01164,byang chub,N-T45,བྱང་ཆུབ་སེམས་ནི་འཇིལ་བ་དང་། །,"Awakening ordinary mind dissipates, [N-T25]","Candidate only: exact EWTS match; construction, whole-expression precedence and proposal scope not certified by assembly."
U04978,byang chub,N-T45,འདོད་ཆགས་ཞེ་སྡང་གཏི་མུག་བྱང་ཆུབ་བཞི། །,"Desire, hatred, dull confusion, and awakening—four. [N-214]","Candidate only: exact EWTS match; construction, whole-expression precedence and proposal scope not certified by assembly."
U04994,byang chub,N-T45,བྱང་ཆུབ་ས་བོན་སྟོངས་པར་བྱས། །,the seed of awakening is emptied out.,"Candidate only: exact EWTS match; construction, whole-expression precedence and proposal scope not certified by assembly."
U05289,byang chub,N-T45,བྱང་ཆུབ་སེམས་དཔའ་རྣམས་ལ་ཡང་། །,"and for bodhisattvas too,","Candidate only: exact EWTS match; construction, whole-expression precedence and proposal scope not certified by assembly."
U02651,rang rig,N-T46,རང་རིག་ཡེ་ཤེས་གནས་པ་གང་། །,Where does the primordial knowing of self-awareness abide?,"Candidate only: exact EWTS match; construction, whole-expression precedence and proposal scope not certified by assembly."
U02858,rang rig,N-T46,རང་རིག་ཡེ་ཤེས་ལུས་ལ་གནས། །,"The primordial knowing of self-awareness abides in the body,","Candidate only: exact EWTS match; construction, whole-expression precedence and proposal scope not certified by assembly."
U04005,rang rig,N-T46,མཐའ་ལ་མི་གནས་རང་རིག་དག །,Pure self-awareness does not abide at an extreme;,"Candidate only: exact EWTS match; construction, whole-expression precedence and proposal scope not certified by assembly."
U04039,rang rig,N-T46,རང་རིག་གསལ་བའི་བདག་ཉིད་ལས། །,"From the very identity of clear self-awareness,","Candidate only: exact EWTS match; construction, whole-expression precedence and proposal scope not certified by assembly."
U04127,rang rig,N-T46,བསྡུས་པས་ངོ་བོ་རང་རིག་པ། །,"Through ‘encompassed,’ essence is self-awareness.","Candidate only: exact EWTS match; construction, whole-expression precedence and proposal scope not certified by assembly."
U04719,rang rig,N-T46,རང་རིག་ཡེ་ཤེས་སྒྲོན་འོད་འབར། །,The lamp-light of self-aware primordial knowing blazes.,"Candidate only: exact EWTS match; construction, whole-expression precedence and proposal scope not certified by assembly."
U04722,rang rig,N-T46,རང་རིག་སྨིན་པས་རྫོགས་རང་བྱུང༌། །,"with self-awareness ripened, completeness arises naturally;","Candidate only: exact EWTS match; construction, whole-expression precedence and proposal scope not certified by assembly."
U04731,rang rig,N-T46,རང་རིག་བསྟན་པས་ངོ་སྤྲོད་སྤྲས། །,"Self-awareness being taught, it is adorned with pointing out.","Candidate only: exact EWTS match; construction, whole-expression precedence and proposal scope not certified by assembly."
U04846,rang rig,N-T46,རང་རིག་མངོན་སུམ་མཐོང་མེད་པས། །,"Without seeing self-awareness directly,","Candidate only: exact EWTS match; construction, whole-expression precedence and proposal scope not certified by assembly."
U04882,rang rig,N-T46,གསང་བ་རང་རིག་ལ་བལྟས་པས། །,"The secret: viewing self-awareness,","Candidate only: exact EWTS match; construction, whole-expression precedence and proposal scope not certified by assembly."
U04949,rang rig,N-T46,རང་རིག་ཁམས་གསུམ་འཆིང་བ་དང་། །,self-awareness is bound in the three realms;,"Candidate only: exact EWTS match; construction, whole-expression precedence and proposal scope not certified by assembly."
U05100,rang rig,N-T46,མ་རིག་གཞི་བཟློག་རང་རིག་གོ། །,Reverse the Ground of ignorance: self-awareness. [N-221],"Candidate only: exact EWTS match; construction, whole-expression precedence and proposal scope not certified by assembly."
U00353,dbye,N-T47,ཡན་ལག་དོན་གྱིས་རྒྱས་པར་དབྱེ། །,and its extensive division through the meanings of the limbs.,"Candidate only: exact EWTS match; construction, whole-expression precedence and proposal scope not certified by assembly."
U01248,dbye,N-T47,ཞག་ནི་ཕོ་མོ་ལས་ཀྱི་དབྱེ། །,Days are distinguished as male and female according to activity. [N-060],"Candidate only: exact EWTS match; construction, whole-expression precedence and proposal scope not certified by assembly."
U01566,dbye,N-T47,འཁྲུག་མར་གནས་པའི་མཐའ་ཡིས་དབྱེ། །,they are distinguished by the extent of their abiding in confusion. [N-075],"Candidate only: exact EWTS match; construction, whole-expression precedence and proposal scope not certified by assembly."
U01622,dbye,N-T47,དབྱེ་ན་བརྗོད་ཀྱིས་མི་ལངས་ཀྱང་། །,"if differentiated, cannot be encompassed by expression;","Candidate only: exact EWTS match; construction, whole-expression precedence and proposal scope not certified by assembly."
U01636,dbye,N-T47,དབང་པོ་དག་གི་དབྱེ་བ་ཡིས། །,according to distinctions in faculties:,"Candidate only: exact EWTS match; construction, whole-expression precedence and proposal scope not certified by assembly."
U01669,dbye,N-T47, ལུས་དང་དབང་པོ་བསྒྲུབ་པས་དབྱེ། །,They are differentiated through accomplishing body and faculties.,"Candidate only: exact EWTS match; construction, whole-expression precedence and proposal scope not certified by assembly."
U01722,dbye,N-T47,རྣལ་འབྱོར་པ་ཡི་རིག་པས་དབྱེ། །,are distinguished through the yogin's awareness.,"Candidate only: exact EWTS match; construction, whole-expression precedence and proposal scope not certified by assembly."
U01726,dbye,N-T47,སྡུག་བསྔལ་ལས་ཀྱང་མཐའ་དབྱེའོ། །,and distinguish the extent of suffering as well. [N-079],"Candidate only: exact EWTS match; construction, whole-expression precedence and proposal scope not certified by assembly."
U01730,dbye,N-T47,ཕྱི་རོལ་ནང་གི་དབྱེ་བ་ལས། །,"Through the distinction of outer and inner,","Candidate only: exact EWTS match; construction, whole-expression precedence and proposal scope not certified by assembly."
U01773,dbye,N-T47,རྣམ་པར་དབྱེ་བའི་རིམ་པ་ཉིད། །,there is a sequence of differentiation.,"Candidate only: exact EWTS match; construction, whole-expression precedence and proposal scope not certified by assembly."
U01794,dbye,N-T47,ནང་མཐུན་དབྱེ་བ་བཅུ་དྲུག་གིས། །,"Through sixteen inwardly concordant distinctions,","Candidate only: exact EWTS match; construction, whole-expression precedence and proposal scope not certified by assembly."
U01822,dbye,N-T47,འབྱུང་བ་ཕོ་མོའི་ཐབས་དབྱེ་ལས། །,"through distinguishing the means of male and female elements,","Candidate only: exact EWTS match; construction, whole-expression precedence and proposal scope not certified by assembly."
U01826,dbye,N-T47,དགེ་དང་མི་དགེ་དབྱེ་བའོ། །,virtue and nonvirtue are distinguished.,"Candidate only: exact EWTS match; construction, whole-expression precedence and proposal scope not certified by assembly."
U01886,dbye,N-T47,སྒྲ་ལ་སོགས་པའི་དབྱེ་བ་ནི། །,The distinctions of sound and so forth,"Candidate only: exact EWTS match; construction, whole-expression precedence and proposal scope not certified by assembly."
U01979,dbye,N-T47,ལུས་དང་ཡན་ལག་མཁས་པས་དབྱེ། །,"The skilled person distinguishes body and limbs,","Candidate only: exact EWTS match; construction, whole-expression precedence and proposal scope not certified by assembly."
U02232,dbye,N-T47,ཆོ་འཕྲུལ་གྱིས་ཀྱང་ངེས་པར་དབྱེ། །,"the magical displays, too, are definitely distinguished.","Candidate only: exact EWTS match; construction, whole-expression precedence and proposal scope not certified by assembly."
U02266,dbye,N-T47,དབྱེ་བ་བཞི་ཡི་ཚུལ་གྱིས་ནི། །,"through these four distinctions,","Candidate only: exact EWTS match; construction, whole-expression precedence and proposal scope not certified by assembly."
U02307,dbye,N-T47,བསྲུང་བའི་ཡུལ་གྱི་རྣམ་པར་དབྱེ། །,are distinguished as the objects to be guarded.,"Candidate only: exact EWTS match; construction, whole-expression precedence and proposal scope not certified by assembly."
U02375,dbye,N-T47,ཐུན་མོང་མཆོག་གི་དབྱེ་བས་བརྟགས། །,examined as common and supreme.,"Candidate only: exact EWTS match; construction, whole-expression precedence and proposal scope not certified by assembly."
U02387,dbye,N-T47,མཆོག་དང་ཐུན་མོང་མཐའ་ཡི་དབྱེ་བའོ། །,the distinction between supreme and common culminations.,"Candidate only: exact EWTS match; construction, whole-expression precedence and proposal scope not certified by assembly."
U02397,dbye,N-T47,འདི་ཡི་དགོས་པ་གོང་གིས་དབྱེ། །,Its purposes are distinguished by what was said above.,"Candidate only: exact EWTS match; construction, whole-expression precedence and proposal scope not certified by assembly."
U02542,dbye,N-T47,རྣལ་འབྱོར་ལུས་ལ་མཐུན་པར་དབྱེ། །,in accord with the yogin's body.,"Candidate only: exact EWTS match; construction, whole-expression precedence and proposal scope not certified by assembly."
U02761,dbye,N-T47,སོ་སོའི་འབྱུང་བ་དུས་ཀྱིས་དབྱེ། །,and the respective elements are distinguished by time.,"Candidate only: exact EWTS match; construction, whole-expression precedence and proposal scope not certified by assembly."
U02856,dbye,N-T47,འཇུག་འཕེལ་ལས་ཀྱི་མཐའ་ཡིས་དབྱེའོ། །,distinguish [it] by the culmination of activities of entering and increasing. [N-124],"Candidate only: exact EWTS match; construction, whole-expression precedence and proposal scope not certified by assembly."
U02871,dbye,N-T47,ལས་འབྱུང་འཇུག་པའི་དབྱེ་བ་ལས། །,"through distinctions of arising and entering activity,","Candidate only: exact EWTS match; construction, whole-expression precedence and proposal scope not certified by assembly."
U02882,dbye,N-T47,འཇུག་པའི་ལས་ནི་མཐའ་ཡིས་དབྱེའོ། །,The activity of entering is distinguished by its culmination.,"Candidate only: exact EWTS match; construction, whole-expression precedence and proposal scope not certified by assembly."
U02902,dbye,N-T47, ཀུན་རྫོབ་དོན་དམ་དབྱེ་བ་ཡིས། །,"through the distinction of relative and ultimate,","Candidate only: exact EWTS match; construction, whole-expression precedence and proposal scope not certified by assembly."
U03080,dbye,N-T47,ལ་བཟླ་ཤན་དབྱེ་དག་གིས་སོ། །,"decisive resolution, and distinguishing. [N-134]","Candidate only: exact EWTS match; construction, whole-expression precedence and proposal scope not certified by assembly."
U03357,dbye,N-T47,ངོ་བོ་ངེས་ཚིག་དབྱེ་བ་བཤད། །,"Its essence, word explanation, and subdivisions are explained.","Candidate only: exact EWTS match; construction, whole-expression precedence and proposal scope not certified by assembly."
U03359,dbye,N-T47,དབྱེ་བ་ཡུལ་དང་སྦྱོར་བ་དང༌། །,"Its subdivisions are object, application,","Candidate only: exact EWTS match; construction, whole-expression precedence and proposal scope not certified by assembly."
U03366,dbye,N-T47,དབྱེ་བ་ཆོས་དང་ལོངས་སྤྲུལ་སྐུ། །,"Its subdivisions: dharma, complete enjoyment, and emanation embodiments.","Candidate only: exact EWTS match; construction, whole-expression precedence and proposal scope not certified by assembly."
U03367,dbye,N-T47,གསུམ་གྱི་དབྱེ་བས་ཁྱད་པར་འཇུག །,"Through this threefold division, distinctions apply.","Candidate only: exact EWTS match; construction, whole-expression precedence and proposal scope not certified by assembly."
U03370,dbye,N-T47,དེ་ལྟར་དབྱེ་བའི་གནད་ཀྱིས་ནི། །,"Thus, through the crucial point of distinguishing,","Candidate only: exact EWTS match; construction, whole-expression precedence and proposal scope not certified by assembly."
U03378,dbye,N-T47,དབྱེ་བ་དག་དང་མ་དག་པ། །,Its subdivisions are pure and impure.,"Candidate only: exact EWTS match; construction, whole-expression precedence and proposal scope not certified by assembly."
U03384,dbye,N-T47,དབྱེ་བ་དག་ནི་གསུམ་དུ་འདོད། །,Its subdivisions are held to be three.,"Candidate only: exact EWTS match; construction, whole-expression precedence and proposal scope not certified by assembly."
U03387,dbye,N-T47,དེ་ཉིད་དབྱེ་བའི་དོན་བསྟན་པ། །,The meaning of distinguishing these is taught:,"Candidate only: exact EWTS match; construction, whole-expression precedence and proposal scope not certified by assembly."
U03397,dbye,N-T47,དོན་དམ་ཀུན་རྫོབ་དབྱེ་བ་ལས། །,"through the distinction of ultimate and relative,","Candidate only: exact EWTS match; construction, whole-expression precedence and proposal scope not certified by assembly."
U03814,dbye,N-T47,སོ་སོའི་བསོད་ནམས་ལས་ཀྱིས་དབྱེ། །,distinguished by their respective merit and karma.,"Candidate only: exact EWTS match; construction, whole-expression precedence and proposal scope not certified by assembly."
U03824,dbye,N-T47,མ་དག་པ་ཡང་བཅུད་ཀྱིས་དབྱེ། །,"or impure, distinguished by their inhabitants.","Candidate only: exact EWTS match; construction, whole-expression precedence and proposal scope not certified by assembly."
U03844,dbye,N-T47,དགུ་པ་ཡི་ནི་རླུང་གིས་དབྱེ། །,Distinguish through the ninth wind;,"Candidate only: exact EWTS match; construction, whole-expression precedence and proposal scope not certified by assembly."
U03845,dbye,N-T47,གནས་སུ་འཇུག་པ་ཐབས་ཀྱིས་དབྱེའོ། །,distinguish entry into abiding through methods.,"Candidate only: exact EWTS match; construction, whole-expression precedence and proposal scope not certified by assembly."
U03875,dbye,N-T47,མཐའ་ནི་འབྱུང་བའི་གནད་ཀྱིས་དབྱེ། །,Limits are distinguished through the elements' crucial points.,"Candidate only: exact EWTS match; construction, whole-expression precedence and proposal scope not certified by assembly."
U03890,dbye,N-T47,གང་དུའང་ཡོད་མེད་མཐའ་ཡིས་དབྱེ། །,Distinguish them everywhere through the extremes of existence and nonexistence.,"Candidate only: exact EWTS match; construction, whole-expression precedence and proposal scope not certified by assembly."
U03967,dbye,N-T47,དབྱེ་བ་དག་གིས་ཤེས་པར་འགྱུར། །,and subdivisions.,"Candidate only: exact EWTS match; construction, whole-expression precedence and proposal scope not certified by assembly."
U04161,dbye,N-T47,དབྱེ་བ་བཞི་ཡིས་བསྡུས་པ་ལས། །,"Gathered into four divisions,","Candidate only: exact EWTS match; construction, whole-expression precedence and proposal scope not certified by assembly."
U04320,dbye,N-T47,དུས་ཀྱི་ཆོས་ཉིད་ཅི་ལྟར་དབྱེ། །,How is the nature of phenomena of time distinguished?,"Candidate only: exact EWTS match; construction, whole-expression precedence and proposal scope not certified by assembly."
U04623,dbye,N-T47,དབྱེ་ན་རྣམ་པ་བཞི་དག་ལས། །,"Distinguished, there are four aspects;","Candidate only: exact EWTS match; construction, whole-expression precedence and proposal scope not certified by assembly."
U05307,dbye,N-T47,ངེས་ཚིག་དབྱེ་བ་རྣམས་དང་ནི། །,"definitive wording, and divisions;","Candidate only: exact EWTS match; construction, whole-expression precedence and proposal scope not certified by assembly."
U03377,dran bsam,N-T48,དྲན་བསམ་རྣམས་ཀྱི་གཞི་པའོ། །,it is the Ground of mindfulness and reflection.,"Candidate only: exact EWTS match; construction, whole-expression precedence and proposal scope not certified by assembly."
U04196,dran bsam,N-T48,རྣམ་རྟོག་འདུས་པའི་དྲན་བསམ་ལས། །,"from mindfulness and reflection in which differentiating conceptualization gathers,","Candidate only: exact EWTS match; construction, whole-expression precedence and proposal scope not certified by assembly."
U04204,dran bsam,N-T48,དྲན་བསམ་འདུས་པའི་རང་བཞིན་ལས། །,"From the intrinsic nature of gathered mindfulness and reflection,","Candidate only: exact EWTS match; construction, whole-expression precedence and proposal scope not certified by assembly."
U02635,man ngag,N-T49,སྣ་ཚོགས་བཀོད་པ་རང་བྱུང་མན་ངག་གི་རྩ་་བ་ངེས་པར་འབྱུང་བའི་ལེའུ་སྟེ་དང་པོའོ།།,this is the first chapter: ‘Array of Diversity: The Definite Arising of the Root of Naturally Arisen Pith Instructions.’ [N-115],"Candidate only: exact EWTS match; construction, whole-expression precedence and proposal scope not certified by assembly."
U03431,man ngag,N-T49,འབྱུང་བའི་གནད་ཀྱི་མན་ངག་རྫོགས། །,the pith instructions on the elements' crucial points are complete. [N-149],"Candidate only: exact EWTS match; construction, whole-expression precedence and proposal scope not certified by assembly."
U03498,man ngag,N-T49,དེ་ཡི་གནད་ཀྱི་མན་ངག་ནི། །,The pith instructions on their crucial points:,"Candidate only: exact EWTS match; construction, whole-expression precedence and proposal scope not certified by assembly."
U04692,man ngag,N-T49,དེ་ལས་མ་བསྒྱུར་མན་ངག་གོ། །,not altering that is the pith instruction. [N-200],"Candidate only: exact EWTS match; construction, whole-expression precedence and proposal scope not certified by assembly."
U04863,man ngag,N-T49,ལུང་དང་བླ་མའི་མན་ངག་ལས། །,Neither authoritative transmission nor the lama's pith instructions,"Candidate only: exact EWTS match; construction, whole-expression precedence and proposal scope not certified by assembly."
U04989,man ngag,N-T49,རྒྱུད་ལ་མ་བརྟེན་མན་ངག་གིས། །,"and pith instructions not relying on the continuum,","Candidate only: exact EWTS match; construction, whole-expression precedence and proposal scope not certified by assembly."
U00719,dam tshig,N-T50,དབང་དང་དམ་ཚིག་སྡོམ་པ་རྫོགས། །,"Empowerment, pledges, and vows are complete.","Candidate only: exact EWTS match; construction, whole-expression precedence and proposal scope not certified by assembly."
U02927,dam tshig,N-T50, ཆུ་ཡང་དམ་ཚིག་གིས་ནི་རབ་བརྟག་གོ། །,"Water, too, is to be thoroughly examined through the pledge. [N-127]","Candidate only: exact EWTS match; construction, whole-expression precedence and proposal scope not certified by assembly."
U05049,dam tshig,N-T50,གཞན་ཡང་དམ་ཚིག་སྡོམ་པ་བཤད། །,"Furthermore, I shall explain pledges and vows.","Candidate only: exact EWTS match; construction, whole-expression precedence and proposal scope not certified by assembly."
U05062,dam tshig,N-T50,སྡོམ་ལྡན་དམ་ཚིག་གནས་པར་བྱའོ། །,"Possessing vows, abide in the pledges. [N-219]","Candidate only: exact EWTS match; construction, whole-expression precedence and proposal scope not certified by assembly."
U05079,dam tshig,N-T50,དམ་ཚིག་བསྟེན་པས་དངོས་གྲུབ་འབྱུང༌། ། །,relying on pledges brings accomplishments;,"Candidate only: exact EWTS match; construction, whole-expression precedence and proposal scope not certified by assembly."
U05082,dam tshig,N-T50,འདི་ཉིད་དམ་ཚིག་སྡོམ་པའོ། །,is itself pledges and vows.,"Candidate only: exact EWTS match; construction, whole-expression precedence and proposal scope not certified by assembly."
U05358,dam tshig,N-T50,དམ་ཚིག་ཉམས་པར་འགྱུར་བའོ། །,pledges deteriorate. [N-232],"Candidate only: exact EWTS match; construction, whole-expression precedence and proposal scope not certified by assembly."
U05462,dam tshig,N-T50, སྣོད་མེད་པ་ལ་བྱིན་ན་དམ་ཚིག་གི་ཆད་པ་ཆོད་ཅིག །,"If it is given to an unfit vessel, impose the penalty of the pledge. [N-237]","Candidate only: exact EWTS match; construction, whole-expression precedence and proposal scope not certified by assembly."
U00419,sdom pa,N-T51,མཚན་ལྡན་སྡོམ་པ་རྫོགས་པ་ལ། །,"when the grouping with its marks is complete,","Candidate only: exact EWTS match; construction, whole-expression precedence and proposal scope not certified by assembly."
U00719,sdom pa,N-T51,དབང་དང་དམ་ཚིག་སྡོམ་པ་རྫོགས། །,"Empowerment, pledges, and vows are complete.","Candidate only: exact EWTS match; construction, whole-expression precedence and proposal scope not certified by assembly."
U05049,sdom pa,N-T51,གཞན་ཡང་དམ་ཚིག་སྡོམ་པ་བཤད། །,"Furthermore, I shall explain pledges and vows.","Candidate only: exact EWTS match; construction, whole-expression precedence and proposal scope not certified by assembly."
U05082,sdom pa,N-T51,འདི་ཉིད་དམ་ཚིག་སྡོམ་པའོ། །,is itself pledges and vows.,"Candidate only: exact EWTS match; construction, whole-expression precedence and proposal scope not certified by assembly."
U04854,yid dpyod,N-T53,དེ་ལ་བསམ་པའི་ཡིད་དཔྱོད་དོ། །,is mental examination that thinks about it.,"Candidate only: exact EWTS match; construction, whole-expression precedence and proposal scope not certified by assembly."
U04862,yid dpyod,N-T53,ཡིད་དཔྱོད་ཚིག་གིས་འགྱུར་བ་མེད། །,unchanged by phrases of mental examination.,"Candidate only: exact EWTS match; construction, whole-expression precedence and proposal scope not certified by assembly."
U04879,yid dpyod,N-T53,ཡིད་དཔྱོད་འཛིན་པ་ཉིད་དུ་འདོད། །,mental examination and grasping are maintained. [N-209],"Candidate only: exact EWTS match; construction, whole-expression precedence and proposal scope not certified by assembly."
U03119,chos nyid mngon sum snang ba,N-T54,ཆོས་ཉིད་མངོན་སུམ་སྣང་བ་ལ། །,"relying on the vision of the direct perception of the nature of phenomena,","Candidate only: exact EWTS match; construction, whole-expression precedence and proposal scope not certified by assembly."
U03443,chos nyid mngon sum snang ba,N-T54,ཆོས་ཉིད་མངོན་སུམ་སྣང་བའོ། །,is the vision of the direct perception of the nature of phenomena.,"Candidate only: exact EWTS match; construction, whole-expression precedence and proposal scope not certified by assembly."
U05145,chos nyid mngon sum snang ba,N-T54,ཆོས་ཉིད་མངོན་སུམ་སྣང་བ་ནི། །,The vision of the direct perception of the nature of phenomena,"Candidate only: exact EWTS match; construction, whole-expression precedence and proposal scope not certified by assembly."
U00249,srog shing,N-T55,བསྒོམ་པའི་སྲོག་ཤིང་གང་དང་གང་། །,What are the life-pillars of cultivation?,"Candidate only: exact EWTS match; construction, whole-expression precedence and proposal scope not certified by assembly."
U00779,srog shing,N-T55,བསྟན་པའི་སྲོག་ཤིང་དེར་བབས་ཤིང༌། །,the life-pillar of the teaching will descend.,"Candidate only: exact EWTS match; construction, whole-expression precedence and proposal scope not certified by assembly."
U00975,srog shing,N-T55,བསྟན་པའི་སྲོག་ཤིང་དམ་པ་ཡི། །,"as the sacred life-pillar of the teaching,","Candidate only: exact EWTS match; construction, whole-expression precedence and proposal scope not certified by assembly."
U00967,gzer,N-T55,བསྟན་པའི་གཟེར་དང་འཕྲུལ་ཡིག་བཅས། །,"together with the nails of the teaching and the magical letters,","Candidate only: exact EWTS match; construction, whole-expression precedence and proposal scope not certified by assembly."
U02356,gzer,N-T55,ཐོབ་པ་གསུམ་གྱིས་གཟེར་བཏབ་པས། །,"Fixing [this] with the three attainments,","Candidate only: exact EWTS match; construction, whole-expression precedence and proposal scope not certified by assembly."
U05239,gzer,N-T55,གཟེར་བུ་བརྒྱ་དང་བརྒྱད་ཅུ་ལ། །,"there are a hundred and eighty fixings,","Candidate only: exact EWTS match; construction, whole-expression precedence and proposal scope not certified by assembly."
U03717,'du byed,N-T56,ཆ་ནི་འདུ་བྱེད་ལ་སོགས་པས། །,"As for portions, through formations and so forth,","Candidate only: exact EWTS match; construction, whole-expression precedence and proposal scope not certified by assembly."
U03973,'du byed,N-T56,འདུ་བྱེད་བློ་དང་ཤེས་པའི་བརྡའོ། །,formations are a symbol of conceptual mind and knowing.,"Candidate only: exact EWTS match; construction, whole-expression precedence and proposal scope not certified by assembly."
U02832,skye mched,N-T56,སྐྱེ་མཆེད་ལས་ཀྱི་ཚོགས་པ་འདུས། །,sense bases—the gatherings of activities assemble.,"Candidate only: exact EWTS match; construction, whole-expression precedence and proposal scope not certified by assembly."
U05138,skye mched,N-T56,ཕུང་པོ་ཁམས་དང་སྐྱེ་མཆེད་རྣམས། །,"aggregates, elements, and sense bases—","Candidate only: exact EWTS match; construction, whole-expression precedence and proposal scope not certified by assembly."
U03211,reg pa,N-T56,རེག་པ་ཙམ་གྱིས་ཆོས་ཉིད་ལ། །,"through mere touch, in the nature of phenomena,","Candidate only: exact EWTS match; construction, whole-expression precedence and proposal scope not certified by assembly."
U05105,sred pa,N-T56,གཞན་འདོད་སྲེད་པ་དྲུངས་ནས་འདོན། །,Draw out from the root craving that desires another.,"Candidate only: exact EWTS match; construction, whole-expression precedence and proposal scope not certified by assembly."
U00253,len pa,N-T56,བཅུད་ཀྱིས་ལེན་པ་ཇི་ལྟ་བུ། །,What is the taking of nourishment from vital essences? [N-T16],"Candidate only: exact EWTS match; construction, whole-expression precedence and proposal scope not certified by assembly."
U01142,len pa,N-T56,དྲིས་ནི་བཅུད་ཀྱིས་ལེན་པ་འགྲུབ། །,"Through smell, taking nourishment from vital essences is accomplished. [N-T16]","Candidate only: exact EWTS match; construction, whole-expression precedence and proposal scope not certified by assembly."
U01452,len pa,N-T56,བཅུད་ཀྱིས་ལེན་པ་ཆེན་པོར་ཡང་། །,there is no doubt that it becomes,"Candidate only: exact EWTS match; construction, whole-expression precedence and proposal scope not certified by assembly."
U02511,len pa,N-T56,བཅུད་ཀྱིས་ལེན་པ་འདི་ལྟ་བུ། །,Taking nourishment from vital essences is like this:,"Candidate only: exact EWTS match; construction, whole-expression precedence and proposal scope not certified by assembly."
U02534,len pa,N-T56,དེ་ལྟར་བཅུད་ཀྱི་ལེན་པ་ཡིས། །,"Through taking nourishment from vital essences in this way,","Candidate only: exact EWTS match; construction, whole-expression precedence and proposal scope not certified by assembly."
U02659,len pa,N-T56,ཉམས་སུ་ཅི་ལྟར་ལེན་པ་ལགས། །,How is [this] to be taken up in experience?,"Candidate only: exact EWTS match; construction, whole-expression precedence and proposal scope not certified by assembly."
U03193,len pa,N-T56,ཉམས་སུ་ལེན་པའི་གནད་འདིའོ། །,This is the crucial point of taking [the teaching] up in experience:,"Candidate only: exact EWTS match; construction, whole-expression precedence and proposal scope not certified by assembly."
U04386,len pa,N-T56,ལེན་པ་མེད་ཅིང་གྲོལ་བ་མེད། །,There is no taking and no liberation.,"Candidate only: exact EWTS match; construction, whole-expression precedence and proposal scope not certified by assembly."
U04819,len pa,N-T56,སྲོག་གཅོད་མ་བྱིན་ལེན་པ་ཡང་། །,Even taking life and taking what is not given,"Candidate only: exact EWTS match; construction, whole-expression precedence and proposal scope not certified by assembly."
U01218,srid pa,N-T56,སྲིད་པའི་འཁྲུལ་འཁོར་ཉིད་དུའོ། །,the mechanism of existence itself.,"Candidate only: exact EWTS match; construction, whole-expression precedence and proposal scope not certified by assembly."
U03237,srid pa,N-T56,སྲིད་པའི་སྣང་བ་ཕྱད་ཕྱོད་དང་། །,"The appearances of becoming are fitful,","Candidate only: exact EWTS match; construction, whole-expression precedence and proposal scope not certified by assembly."
U05426,sems bskyed,N-T57,རབ་ཏུ་མགུ་བའི་སེམས་བསྐྱེད་ནས། །,"having aroused an utterly delighted ordinary mind,","Candidate only: exact EWTS match; construction, whole-expression precedence and proposal scope not certified by assembly."
U03193,nyams su len pa,N-T57,ཉམས་སུ་ལེན་པའི་གནད་འདིའོ། །,This is the crucial point of taking [the teaching] up in experience:,"Candidate only: exact EWTS match; construction, whole-expression precedence and proposal scope not certified by assembly."
U02776,kun brtags,N-T58,ཀུན་བརྟགས་ལས་དང་བརྗོད་པས་སྟོང༌། །,empty of imputed activity and expression;,"Candidate only: exact EWTS match; construction, whole-expression precedence and proposal scope not certified by assembly."
U02883,las rlung,N-T59,དེ་ཡི་འགྱུ་བྱེད་ལས་རླུང་ཟད། །,"The karmic wind that causes its movement is exhausted,","Candidate only: exact EWTS match; construction, whole-expression precedence and proposal scope not certified by assembly."
U02930,las rlung,N-T59,ལས་རླུང་བཟློག་ཅིང་ཡེ་ཤེས་འཛིན། །,It reverses karmic wind and retains primordial knowing.,"Candidate only: exact EWTS match; construction, whole-expression precedence and proposal scope not certified by assembly."
U03506,las rlung,N-T59,བྱེད་ལས་རླུང་གི་གྲངས་ཚད་ཀྱིས། །,"Through the numerical measure of wind's activities,","Candidate only: exact EWTS match; construction, whole-expression precedence and proposal scope not certified by assembly."
U04441,las rlung,N-T59,མིག་ལས་རླུང་གཉིས་གཟུང་དང་འཛིན། །,"From the eyes, the two winds of apprehended object and apprehending subject:","Candidate only: exact EWTS match; construction, whole-expression precedence and proposal scope not certified by assembly."
U03403,lus zungs,N-T60,དྭངས་མས་ལུས་ཟུངས་རྫོགས་པ་དང་། །,"The refined part completes the bodily constituents,","Candidate only: exact EWTS match; construction, whole-expression precedence and proposal scope not certified by assembly."
U00013,'das pa,N-T61,འཁོར་དང་འདས་པའི་ཐོག་མར་ནི། །,"At the beginning of samsara and what is beyond it,","Candidate only: exact EWTS match; construction, whole-expression precedence and proposal scope not certified by assembly."
U00269,'das pa,N-T61,མྱ་ངན་འདས་པའི་ལམ་སྣ་ཟིན། །,they will find the entrance to the path beyond sorrow.,"Candidate only: exact EWTS match; construction, whole-expression precedence and proposal scope not certified by assembly."
U00429,'das pa,N-T61,དེ་བཞིན་འདས་པའི་ལྷ་དག་དང༌། །,"likewise the gods beyond the world,","Candidate only: exact EWTS match; construction, whole-expression precedence and proposal scope not certified by assembly."
U00532,'das pa,N-T61,བཅུ་དགུ་འདས་པའི་ཡང་སྟེང་ན། །,"still higher, beyond nineteen worlds,","Candidate only: exact EWTS match; construction, whole-expression precedence and proposal scope not certified by assembly."
U01548,'das pa,N-T61,འདས་པའི་སྐུ་དང་ཡེ་ཤེས་དང༌། །,"For the transcendent: embodiments, primordial knowing,","Candidate only: exact EWTS match; construction, whole-expression precedence and proposal scope not certified by assembly."
U02004,'das pa,N-T61,འཇིག་རྟེན་པ་དང་འདས་པ་ཡི། །,the worldly and the transcendent,"Candidate only: exact EWTS match; construction, whole-expression precedence and proposal scope not certified by assembly."
U02041,'das pa,N-T61,དགོངས་པ་བློ་ལས་འདས་པ་དང༌། །,Enlightened intent transcends conceptual mind;,"Candidate only: exact EWTS match; construction, whole-expression precedence and proposal scope not certified by assembly."
U02045,'das pa,N-T61,བློ་ཟད་ཡིད་ལས་འདས་པའོ། །,"conceptual mind is exhausted, and the mental faculty is transcended. [N-091]","Candidate only: exact EWTS match; construction, whole-expression precedence and proposal scope not certified by assembly."
U02158,'das pa,N-T61,འཁོར་དང་འདས་པ་མི་གནས་པས། །,"Because samsara and nirvana do not abide,","Candidate only: exact EWTS match; construction, whole-expression precedence and proposal scope not certified by assembly."
U03275,'das pa,N-T61,འཁོར་བ་འདས་པ་ཆད་པ་མིན། །,Samsara and passing beyond are not cut off.,"Candidate only: exact EWTS match; construction, whole-expression precedence and proposal scope not certified by assembly."
U04090,'das pa,N-T61,རྟོག་དཔྱོད་ཡུལ་ལས་འདས་པ་སྟེ། །,"Beyond the object of conceptual thought and examination,","Candidate only: exact EWTS match; construction, whole-expression precedence and proposal scope not certified by assembly."
U04421,'das pa,N-T61,མྱ་ངན་འདས་པའི་མཚན་ཉིད་འཛིན། །,the characteristics of passing beyond sorrow are held.,"Candidate only: exact EWTS match; construction, whole-expression precedence and proposal scope not certified by assembly."
U04761,'das pa,N-T61,སྨྲ་བསམ་བརྗོད་པ་ཀུན་འདས་པའོ། །,"beyond all speaking, thinking, and expression. [N-203]","Candidate only: exact EWTS match; construction, whole-expression precedence and proposal scope not certified by assembly."
U04959,'das pa,N-T61,འཁོར་བ་དག་པས་འདས་པའོ། །,"Samsara being purified, there is passing beyond sorrow.","Candidate only: exact EWTS match; construction, whole-expression precedence and proposal scope not certified by assembly."
U04990,'das pa,N-T61,མྱ་ངན་འདས་པའི་རྩ་བ་བཅད། །,"one cuts the root of passing beyond sorrow,","Candidate only: exact EWTS match; construction, whole-expression precedence and proposal scope not certified by assembly."
U05023,'das pa,N-T61,མྱ་ངན་འདས་པ་ཕྱགས་མས་བཏབ། །,one sweeps away passing beyond sorrow.,"Candidate only: exact EWTS match; construction, whole-expression precedence and proposal scope not certified by assembly."
U05182,'das pa,N-T61,ཁམས་གསུམ་དག་ལས་འདས་པའོ། །,one passes beyond the three realms.,"Candidate only: exact EWTS match; construction, whole-expression precedence and proposal scope not certified by assembly."
U03298,tsit+ta,N-T62,ཙིཏྟ་རིན་ཆེན་གཞལ་ཡས་ན། །,"within the precious palace of the heart (citta),","Candidate only: exact EWTS match; construction, whole-expression precedence and proposal scope not certified by assembly."
U04408,tsit+ta,N-T62,སྤྱི་དང་ཙིཏྟ་རྩ་ཡི་གནད། །,"the general [body], the heart, and the channels—","Candidate only: exact EWTS match; construction, whole-expression precedence and proposal scope not certified by assembly."
U04415,tsit+ta,N-T62,ཙིཏྟའི་ནང་ན་སྐུར་གནས་ཏེ། །,Within the heart it abides as embodiment.,"Candidate only: exact EWTS match; construction, whole-expression precedence and proposal scope not certified by assembly."
U00101,ba min,N-T62,གཞན་འབད་པ་ལས་བྱུང་བ་མིན། །,It does not arise from other exertion.,"Candidate only: exact EWTS match; construction, whole-expression precedence and proposal scope not certified by assembly."
U00528,ba min,N-T62,རགས་པའི་གཟུགས་བརྙན་སྣང་བ་མིན། །,Coarse reflected forms do not appear.,"Candidate only: exact EWTS match; construction, whole-expression precedence and proposal scope not certified by assembly."
U00946,ba min,N-T62,འདི་ལ་འཕེལ་འགྲིབ་འབྱུང་བ་མིན། །,There will be no increase or decline in it.,"Candidate only: exact EWTS match; construction, whole-expression precedence and proposal scope not certified by assembly."
U02793,ba min,N-T62,འཁྲུལ་ནས་དམིགས་པར་སྣང་བ་མིན། །,There is no appearance as an object of focus through delusion.,"Candidate only: exact EWTS match; construction, whole-expression precedence and proposal scope not certified by assembly."
U04847,ba min,N-T62,རིམ་དགུའི་འདོད་པས་གྲོལ་བ་མིན། །,the assertions of the nine stages do not liberate.,"Candidate only: exact EWTS match; construction, whole-expression precedence and proposal scope not certified by assembly."
U03304,ro ma,N-T63,རོ་མ་རྐྱང་མ་ཀུན་འདར་མ།,"Roma, Kyangma, and Kundarma;","Candidate only: exact EWTS match; construction, whole-expression precedence and proposal scope not certified by assembly."
U03304,rkyang ma,N-T63,རོ་མ་རྐྱང་མ་ཀུན་འདར་མ།,"Roma, Kyangma, and Kundarma;","Candidate only: exact EWTS match; construction, whole-expression precedence and proposal scope not certified by assembly."
U03304,kun 'dar ma,N-T63,རོ་མ་རྐྱང་མ་ཀུན་འདར་མ།,"Roma, Kyangma, and Kundarma;","Candidate only: exact EWTS match; construction, whole-expression precedence and proposal scope not certified by assembly."
U03027,rgyang zhags,N-T64,རྒྱང་ཞགས་སྒྲོན་མའི་མཚན་ཉིད་ནི། །,The characteristic of the far-reaching-lasso lamp:,"Candidate only: exact EWTS match; construction, whole-expression precedence and proposal scope not certified by assembly."
U03068,rgyang zhags,N-T64,རྒྱང་ཞགས་ཡུལ་ནི་གཟུགས་ལ་སོགས། །,The far-reaching lasso's objects are forms and so forth.,"Candidate only: exact EWTS match; construction, whole-expression precedence and proposal scope not certified by assembly."
U03097,rgyang zhags,N-T64,རྒྱང་ཞགས་རྟེན་ནི་སྣང་བ་ལ། །,The far-reaching lasso's support is appearance.,"Candidate only: exact EWTS match; construction, whole-expression precedence and proposal scope not certified by assembly."
U03115,rgyang zhags,N-T64,རྒྱང་ཞགས་ཉིད་ལས་རྟེན་པས་ནི། །,"By relying on the far-reaching lasso itself,","Candidate only: exact EWTS match; construction, whole-expression precedence and proposal scope not certified by assembly."
U03314,rgyang zhags,N-T64,ཇི་སྙེད་པ་ནི་རྒྱང་ཞགས་དང་། །,Knowing the multiplicity matures as the far-reaching-lasso [lamp] and,"Candidate only: exact EWTS match; construction, whole-expression precedence and proposal scope not certified by assembly."
U03405,rgyang zhags,N-T64,རྒྱང་ཞགས་སྒྲོན་མར་སྨིན་པ་དང༌། །,and matures as the far-reaching-lasso lamp.,"Candidate only: exact EWTS match; construction, whole-expression precedence and proposal scope not certified by assembly."
U01385,thig le stong pa,N-T64,ཐིག་ལེ་སྟོང་པའི་དྲ་བར་ནི། །,"into a net of empty spheres,","Candidate only: exact EWTS match; construction, whole-expression precedence and proposal scope not certified by assembly."
U01615,thig le stong pa,N-T64,ཐིག་ལེ་སྟོང་པའི་སྒྲོན་མ་ཉིད། །,"Packing the lamp of the empty sphere itself,","Candidate only: exact EWTS match; construction, whole-expression precedence and proposal scope not certified by assembly."
U03035,thig le stong pa,N-T64,ཐིག་ལེ་སྟོང་པའི་མཚན་ཉིད་ནི། །,The characteristics of the empty sphere:,"Candidate only: exact EWTS match; construction, whole-expression precedence and proposal scope not certified by assembly."
U03105,thig le stong pa,N-T64,ཐིག་ལེ་སྟོང་པའི་བརྟེན་པ་ནི། །,The empty sphere relies on,"Candidate only: exact EWTS match; construction, whole-expression precedence and proposal scope not certified by assembly."
U03441,thig le stong pa,N-T64,ཐིག་ལེ་སྟོང་པའི་སྒྲོན་མ་གཏེམས། །,one packs the lamp of the empty sphere.,"Candidate only: exact EWTS match; construction, whole-expression precedence and proposal scope not certified by assembly."
U03310,dwangs ma,N-T65,དྭངས་མ་འདུས་པའི་མིག་གཉིས་ནས། །,"From the two eyes, where the refined parts gather,","Candidate only: exact EWTS match; construction, whole-expression precedence and proposal scope not certified by assembly."
U00321,snyigs ma,N-T65,སྙིགས་མ་རྣམས་ནི་འབྱེད་པའི་ལས། །,and performs the activity of separating the dregs,"Candidate only: exact EWTS match; construction, whole-expression precedence and proposal scope not certified by assembly."
U03400,snyigs ma,N-T65,ས་ཡི་སྙིགས་མ་རགས་པ་ལས། །,Earth's turbid part is coarse.,"Candidate only: exact EWTS match; construction, whole-expression precedence and proposal scope not certified by assembly."
U01546,gzi mdangs,N-T65,འགྲོ་བའི་བཀྲག་དང་གཟི་མདངས་བསྐྱེད། །,it generates beings' luster and splendor;,"Candidate only: exact EWTS match; construction, whole-expression precedence and proposal scope not certified by assembly."
U03048,gzi mdangs,N-T65,ཡེ་ཤེས་རྣམས་ཀྱི་གཟི་མདངས་སྟོན། །,"they reveal the splendor of the primordial knowings,","Candidate only: exact EWTS match; construction, whole-expression precedence and proposal scope not certified by assembly."
U00278,mdangs,N-T65,མདངས་དང་ལྡན་པའི་དབང་པོ་ལ། །,"to the faculties endowed with luster,","Candidate only: exact EWTS match; construction, whole-expression precedence and proposal scope not certified by assembly."
U01546,mdangs,N-T65,འགྲོ་བའི་བཀྲག་དང་གཟི་མདངས་བསྐྱེད། །,it generates beings' luster and splendor;,"Candidate only: exact EWTS match; construction, whole-expression precedence and proposal scope not certified by assembly."
U03048,mdangs,N-T65,ཡེ་ཤེས་རྣམས་ཀྱི་གཟི་མདངས་སྟོན། །,"they reveal the splendor of the primordial knowings,","Candidate only: exact EWTS match; construction, whole-expression precedence and proposal scope not certified by assembly."
U03049,mdangs,N-T65,འོད་ཀྱི་གཏིང་མདངས་བཀྲག་ཀྱང་སྟོན། །,and also reveal the deep splendor and luster of light.,"Candidate only: exact EWTS match; construction, whole-expression precedence and proposal scope not certified by assembly."
U03087,mdangs,N-T65,གསལ་དང་སྒྲིབ་བྲལ་མདངས་འབྱིན་པ། །,"clear, free from obscuration, and emitting splendor;","Candidate only: exact EWTS match; construction, whole-expression precedence and proposal scope not certified by assembly."
U03165,ting 'dzin,N-T67,ཆུ་ཡིས་ཏིང་འཛིན་དམིགས་པ་གསལ། །,[Wind's] water makes the object of deep absorption clear.,"Candidate only: exact EWTS match; construction, whole-expression precedence and proposal scope not certified by assembly."
U04581,ting 'dzin,N-T67,རྟོག་མེད་ཏིང་འཛིན་རང་གནས་ཏེ། །,Deep absorption free from conceptualization abides of itself.,"Candidate only: exact EWTS match; construction, whole-expression precedence and proposal scope not certified by assembly."
U00054,bag la nyal ba,N-T68,བག་ལ་ཉལ་བ་མ་ཡིན་པས། །,"they were not lying dormant,","Candidate only: exact EWTS match; construction, whole-expression precedence and proposal scope not certified by assembly."
U03727,bag la nyal ba,N-T68,རྣམ་རྟོག་བག་ལ་ཉལ་བ་དང༌། །,"Differentiating conceptualization: dormant tendencies,","Candidate only: exact EWTS match; construction, whole-expression precedence and proposal scope not certified by assembly."
U00054,bag la nyal,N-T68,བག་ལ་ཉལ་བ་མ་ཡིན་པས། །,"they were not lying dormant,","Candidate only: exact EWTS match; construction, whole-expression precedence and proposal scope not certified by assembly."
U03727,bag la nyal,N-T68,རྣམ་རྟོག་བག་ལ་ཉལ་བ་དང༌། །,"Differentiating conceptualization: dormant tendencies,","Candidate only: exact EWTS match; construction, whole-expression precedence and proposal scope not certified by assembly."
U04575,bag la nyal,N-T68,བག་ལ་ཉལ་དང་ཀུན་ནས་ལྡང་། །,neither dormancy nor manifest arising—,"Candidate only: exact EWTS match; construction, whole-expression precedence and proposal scope not certified by assembly."
U02333,la bzla,N-T71,ལ་བཟླ་བ་ཡང་བསྟན་པར་བྱའོ། །,"and likewise passing beyond, are to be taught.","Candidate only: exact EWTS match; construction, whole-expression precedence and proposal scope not certified by assembly."
U04486,'khrid,N-T71,སྣང་བ་འཁྲིད་པའི་ཐབས་ཀྱིས་ཀྱང་། །,"Through methods of guiding appearance,","Candidate only: exact EWTS match; construction, whole-expression precedence and proposal scope not certified by assembly."
U04486,khrid,N-T71,སྣང་བ་འཁྲིད་པའི་ཐབས་ཀྱིས་ཀྱང་། །,"Through methods of guiding appearance,","Candidate only: exact EWTS match; construction, whole-expression precedence and proposal scope not certified by assembly."
U05003,khrid,N-T71,ཆོས་ཀྱིས་ངན་སོང་གསུམ་དུ་ཁྲིད། །,leads through Dharma to the three lower destinies.,"Candidate only: exact EWTS match; construction, whole-expression precedence and proposal scope not certified by assembly."
U05099,srang,N-T72,སྟོང་གསུམ་རི་རབ་སྲང་ལ་གཞལ། །,Weigh the Mount Merus of a three-thousandfold world on a balance.,"Candidate only: exact EWTS match; construction, whole-expression precedence and proposal scope not certified by assembly."
U00265,'dun pa,N-T72,འདི་ལ་དད་ཅིང་འདུན་པ་ཀུན། །,all who have faith in and aspire to this,"Candidate only: exact EWTS match; construction, whole-expression precedence and proposal scope not certified by assembly."
U01046,'dun pa,N-T72,རབ་ཏུ་དད་ཅིང་འདུན་པ་ཉིད། །,will have intense faith and aspiration;,"Candidate only: exact EWTS match; construction, whole-expression precedence and proposal scope not certified by assembly."
U00479,bzo,N-T78,བཟོ་དང་སྒྱུ་རྩལ་སྣ་ཚོགས་དང༌། །,"crafts and various magical skills,","Candidate only: exact EWTS match; construction, whole-expression precedence and proposal scope not certified by assembly."
U05094,bzo,N-T78,མཚན་མ་མཚན་མ་བཟོ་ཡི་ཡང་བྱུང་ཐབས་བཟོའི་སྦྱོར་བ་ཡི། །,Through applications of signs and skillful craft—[Source variant: ‘craft of signs.’],"Candidate only: exact EWTS match; construction, whole-expression precedence and proposal scope not certified by assembly."
U00479,sgyu rtsal,N-T78,བཟོ་དང་སྒྱུ་རྩལ་སྣ་ཚོགས་དང༌། །,"crafts and various magical skills,","Candidate only: exact EWTS match; construction, whole-expression precedence and proposal scope not certified by assembly."
U00853,sgyu rtsal,N-T78,འཕོང་དང་སྒྱུ་རྩལ་རྣམས་ཀྱིས་བརྒྱན། །,and be adorned with archery and magical skills.,"Candidate only: exact EWTS match; construction, whole-expression precedence and proposal scope not certified by assembly."
U04259,ltos gzhi,N-T79,ལྟོས་གཞི་ཐམས་ཅད་ཟད་པའོ། །,all bases of dependence are exhausted.,"Candidate only: exact EWTS match; construction, whole-expression precedence and proposal scope not certified by assembly."
U04382,ltos gzhi,N-T79,ལྟོས་གཞི་རང་དག་འཁྲུལ་པ་དག །,"The basis of dependence is self-purified, and delusion is purified.","Candidate only: exact EWTS match; construction, whole-expression precedence and proposal scope not certified by assembly."
U00293,me long,N-T80,ཆོས་ཀྱི་མེ་ལོང་དོན་གྱིས་སྡུད། །,"It gathers, through meaning, the mirror of the teachings;","Candidate only: exact EWTS match; construction, whole-expression precedence and proposal scope not certified by assembly."
U03342,me long,N-T80,བཞིན་དང་མེ་ལོང་ལྟ་བུ་ལས། །,"as with a face and a mirror,","Candidate only: exact EWTS match; construction, whole-expression precedence and proposal scope not certified by assembly."
U03465,me long,N-T80,མེ་ལོང་དག་གི་དབྱིབས་ཙམ་ལས། །,"From merely the form of a mirror,","Candidate only: exact EWTS match; construction, whole-expression precedence and proposal scope not certified by assembly."
U03640,me long,N-T80,མེ་ལོང་ལྟ་བུ་ཅི་ཡི་ཕྱིར། །,Why is [primordial knowing] like a mirror?,"Candidate only: exact EWTS match; construction, whole-expression precedence and proposal scope not certified by assembly."
U04049,me long,N-T80,མེ་ལོང་ཡེ་ཤེས་གཟུགས་ཅན་གསལ། །,Mirror-like primordial knowing makes forms clear;,"Candidate only: exact EWTS match; construction, whole-expression precedence and proposal scope not certified by assembly."
U04725,me long,N-T80,རང་གནས་སྟོང་པའི་སྙིང་མེ་ལོང༌། །,self-abiding emptiness is the mirror of the core;,"Candidate only: exact EWTS match; construction, whole-expression precedence and proposal scope not certified by assembly."
U04726,me long,N-T80,གོལ་ས་རང་གཅོད་ཐུགས་མེ་ལོང་། །,deviations are cut of themselves: the mirror of awakened mind.,"Candidate only: exact EWTS match; construction, whole-expression precedence and proposal scope not certified by assembly."
U05251,me long,N-T80,སྙིང་དང་ཐུགས་ཀྱི་མེ་ལོང་དང༌། །,"Mirror of the Core and Mirror of Awakened Mind,","Candidate only: exact EWTS match; construction, whole-expression precedence and proposal scope not certified by assembly."
U02325,mnyam nyid,N-T80,མཉམ་ཉིད་འདྲེས་པ་མེད་པས་སྤྱད། །,is enacted through evenness without mixing. [N-102],"Candidate only: exact EWTS match; construction, whole-expression precedence and proposal scope not certified by assembly."
U03394,mnyam nyid,N-T80,མཉམ་ཉིད་རྫོགས་པའི་བྱེ་བྲག་གོ། །,and the distinction of complete evenness. [N-148],"Candidate only: exact EWTS match; construction, whole-expression precedence and proposal scope not certified by assembly."
U04615,mnyam nyid,N-T80,མཉམ་ཉིད་འདུ་འབྲལ་མེད་པའོ། །,there is evenness without joining or separating.,"Candidate only: exact EWTS match; construction, whole-expression precedence and proposal scope not certified by assembly."
U03642,so sor rtogs,N-T80,སོ་སོར་རྟོགས་པ་གང་ཙམ་ཞིག །,What is the extent of discriminating [primordial knowing]?,"Candidate only: exact EWTS match; construction, whole-expression precedence and proposal scope not certified by assembly."
U04073,so sor rtogs,N-T80,སོ་སོར་རྟོགས་པ་དབང་པོའི་རིགས། །,"Discriminating [primordial knowing]: the types of faculty,","Candidate only: exact EWTS match; construction, whole-expression precedence and proposal scope not certified by assembly."
U03646,ji snyed,N-T81,ཇི་སྙེད་པ་ལ་ཁྱབ་པ་ཅི། །,What pervades the multiplicity?,"Candidate only: exact EWTS match; construction, whole-expression precedence and proposal scope not certified by assembly."
U04133,ji snyed,N-T81,དེ་ལ་ཤེས་བྱ་ཇི་སྙེད་བཤད། །,"Of these, I shall explain objects of knowledge in their multiplicity.","Candidate only: exact EWTS match; construction, whole-expression precedence and proposal scope not certified by assembly."
U00017,sems,N-T83,དབུས་སུ་རླུང་སེམས་རྒྱུ་དང་རྐྱེན། །,"at the center, wind-mind, causes and conditions.","Candidate only: exact EWTS match; construction, whole-expression precedence and proposal scope not certified by assembly."
U00203,sems,N-T83,སེམས་ཅན་དུས་ཀྱི་རིམ་པ་གང༌། །,What are the successive ages of sentient beings?,"Candidate only: exact EWTS match; construction, whole-expression precedence and proposal scope not certified by assembly."
U00215,sems,N-T83,སེམས་འདུལ་བསྒོམ་པ་གང་ལ་བགྱི། །,To what should cultivation for taming ordinary mind be applied?,"Candidate only: exact EWTS match; construction, whole-expression precedence and proposal scope not certified by assembly."
U00246,sems,N-T83,སེམས་འཛིན་བསླབ་རིམ་གང་ཙམ་ཞིག །,How many stages are there in training to hold ordinary mind? [N-T15],"Candidate only: exact EWTS match; construction, whole-expression precedence and proposal scope not certified by assembly."
U00272,sems,N-T83,དེ་ནས་རྒྱུད་ཀྱི་ཆེ་བ་རྣམ་པར་བཀོད་པའི་བཀོད་པ་ཁྱབ་བདག་སེམས་དཔའ་ནི། །,"Then—[Source heading: The array setting out the greatness of the continuum]—the all-pervading lord, the hero, [N-020]","Candidate only: exact EWTS match; construction, whole-expression precedence and proposal scope not certified by assembly."
U00285,sems,N-T83,དྲི་མ་སྤངས་པའི་སེམས་ཀྱིས་ཉོན། །,listen with ordinary mind from which stains have been abandoned.,"Candidate only: exact EWTS match; construction, whole-expression precedence and proposal scope not certified by assembly."
U00335,sems,N-T83,དགོས་པ་སེམས་ཀྱི་གནས་པ་ཤེས། །,Know its purpose in the abiding of ordinary mind.,"Candidate only: exact EWTS match; construction, whole-expression precedence and proposal scope not certified by assembly."
U00426,sems,N-T83,དེ་བཞིན་ངག་དང་སེམས་ལ་ཡང་། །,and likewise for speech and ordinary mind—,"Candidate only: exact EWTS match; construction, whole-expression precedence and proposal scope not certified by assembly."
U00682,sems,N-T83,གནད་འདུས་བཀོད་པ་སེམས་ཀྱི་རྟེན། །,"the Array of the Gathered Crucial Points, the support of ordinary mind,","Candidate only: exact EWTS match; construction, whole-expression precedence and proposal scope not certified by assembly."
U00688,sems,N-T83,ཡོན་ཏན་རྫོགས་པའི་སེམས་ཉིད་ལུང༌། །,"is the transmission on the nature of ordinary mind, complete in qualities. [N-T22]","Candidate only: exact EWTS match; construction, whole-expression precedence and proposal scope not certified by assembly."
U00698,sems,N-T83,ལུང་བསྟན་རྗེས་འཛིན་སེམས་ཀྱི་གནད། །,"prophecy, guidance, and the crucial point of ordinary mind,","Candidate only: exact EWTS match; construction, whole-expression precedence and proposal scope not certified by assembly."
U00841,sems,N-T83,དགེ་སློང་གཟུགས་ལ་བྱམས་སེམས་བྲལ། །,"one in the form of a monk, lacking a loving mind,","Candidate only: exact EWTS match; construction, whole-expression precedence and proposal scope not certified by assembly."
U00919,sems,N-T83,ཐམས་ཅད་བྱང་ཆུབ་སེམས་ཆེན་པོ། །,"All will be great bodhisattvas,","Candidate only: exact EWTS match; construction, whole-expression precedence and proposal scope not certified by assembly."
U00921,sems,N-T83,དགེ་བའི་སེམས་ལྡན་འབའ་ཞིག་འབྱུང་། །,and only those with virtuous minds will appear.,"Candidate only: exact EWTS match; construction, whole-expression precedence and proposal scope not certified by assembly."
U00980,sems,N-T83,སེམས་ཅན་རྣམས་ནི་སྨིན་པར་བྱེད། །,will be brought to maturity.,"Candidate only: exact EWTS match; construction, whole-expression precedence and proposal scope not certified by assembly."
U00985,sems,N-T83,གདུལ་ཡུལ་སེམས་ཅན་རྣམས་ལ་སྣང༌། །,will appear to the sentient beings who are to be trained.,"Candidate only: exact EWTS match; construction, whole-expression precedence and proposal scope not certified by assembly."
U01009,sems,N-T83,བྱང་ཆུབ་སེམས་དཔའ་དག་གིས་འཛིན། །,bodhisattvas—will uphold it.,"Candidate only: exact EWTS match; construction, whole-expression precedence and proposal scope not certified by assembly."
U01062,sems,N-T83,བྱང་ཆུབ་སེམས་དཔའ་ཆེན་པོའི་འཁོར། །,a retinue of great bodhisattvas—,"Candidate only: exact EWTS match; construction, whole-expression precedence and proposal scope not certified by assembly."
U01069,sems,N-T83,སེམས་ཅན་རྣམས་ཀྱིས་སངས་རྒྱས་འཐོབ། །,sentient beings will attain buddhahood;,"Candidate only: exact EWTS match; construction, whole-expression precedence and proposal scope not certified by assembly."
U01072,sems,N-T83,སེམས་ཅན་འཁོར་བ་རྒྱུན་ཆད་ནས། །,"the flow of sentient beings' samsara having been cut off, [N-T17]","Candidate only: exact EWTS match; construction, whole-expression precedence and proposal scope not certified by assembly."
U01075,sems,N-T83,སེམས་ཅན་ཉོན་མོངས་མངོན་མེད་ཀྱང༌། །,"although sentient beings' afflictions are not manifest,","Candidate only: exact EWTS match; construction, whole-expression precedence and proposal scope not certified by assembly."
U01079,sems,N-T83,གཟུགས་ཅན་སེམས་ཅན་ལུས་འཕེལ་འགྱུར། །,the bodies of sentient beings endowed with form will develop. [N-052],"Candidate only: exact EWTS match; construction, whole-expression precedence and proposal scope not certified by assembly."
U01125,sems,N-T83,སེམས་ཅན་ལས་ཀྱི་བརྟེན་སོ་ཡིས། །,"sentient beings, with karma as their support,","Candidate only: exact EWTS match; construction, whole-expression precedence and proposal scope not certified by assembly."
U01145,sems,N-T83,རྩི་ནི་སེམས་ཅན་གཞན་དོན་དང་། །,The nectar completes the benefit of other sentient beings,"Candidate only: exact EWTS match; construction, whole-expression precedence and proposal scope not certified by assembly."
U01148,sems,N-T83,སེམས་ཅན་དུས་ནི་རྣམ་པ་བརྒྱད། །,The times of sentient beings have eight aspects:,"Candidate only: exact EWTS match; construction, whole-expression precedence and proposal scope not certified by assembly."
U01150,sems,N-T83,ཤེས་པ་ཉོན་མོངས་བྱང་སེམས་དང་། །,"knowing, afflictions, awakening ordinary mind, [N-T25]","Candidate only: exact EWTS match; construction, whole-expression precedence and proposal scope not certified by assembly."
U01155,sems,N-T83,སེམས་ཅན་རླུང་སེམས་འཕོ་བའི་དུས། །,This is the time of sentient beings' wind-mind shifting.,"Candidate only: exact EWTS match; construction, whole-expression precedence and proposal scope not certified by assembly."
U01164,sems,N-T83,བྱང་ཆུབ་སེམས་ནི་འཇིལ་བ་དང་། །,"Awakening ordinary mind dissipates, [N-T25]","Candidate only: exact EWTS match; construction, whole-expression precedence and proposal scope not certified by assembly."
U01168,sems,N-T83,སེམས་ཅན་གཅིག་གི་དུས་ཡིན་ནོ། །,This is the time of an individual sentient being.,"Candidate only: exact EWTS match; construction, whole-expression precedence and proposal scope not certified by assembly."
U01169,sems,N-T83,སེམས་ཅན་སྤྱི་ཡི་དུས་དག་ནི། །,As for the times common to sentient beings:,"Candidate only: exact EWTS match; construction, whole-expression precedence and proposal scope not certified by assembly."
U01283,sems,N-T83,སྙོམས་པས་རླུང་སེམས་གཅིག་དུ་སྡུད། །,its equalizing gathers wind-mind into one.,"Candidate only: exact EWTS match; construction, whole-expression precedence and proposal scope not certified by assembly."
U01384,sems,N-T83,མི་སྣང་འདོད་པས་སེམས་བཞག་ལ། །,One wishing to become invisible rests the ordinary mind;,"Candidate only: exact EWTS match; construction, whole-expression precedence and proposal scope not certified by assembly."
U01386,sems,N-T83,ལུས་དང་སེམས་གཉིས་བཅུག་པས་འགྲུབ། །,"placing both body and ordinary mind, one accomplishes [invisibility].","Candidate only: exact EWTS match; construction, whole-expression precedence and proposal scope not certified by assembly."
U01392,sems,N-T83,འབྱུང་བ་བཞི་ལ་སེམས་གཏད་དེ། །,directs the ordinary mind toward the four elements.,"Candidate only: exact EWTS match; construction, whole-expression precedence and proposal scope not certified by assembly."
U01486,sems,N-T83,རྣལ་འབྱོར་སེམས་ཀྱི་རྩལ་སྦྱངས་ཏེ། །,one trains the expressiveness of the yogic ordinary mind.,"Candidate only: exact EWTS match; construction, whole-expression precedence and proposal scope not certified by assembly."
U01489,sems,N-T83,ལུས་དང་ངག་སེམས་ངེས་བསྡུས་ནས། །,"definitely gathering body, speech, and ordinary mind,","Candidate only: exact EWTS match; construction, whole-expression precedence and proposal scope not certified by assembly."
U01495,sems,N-T83,སྔོན་དུ་ལུས་ངག་སེམས་སྦྱངས་ཏེ། །,"First training body, speech, and ordinary mind,","Candidate only: exact EWTS match; construction, whole-expression precedence and proposal scope not certified by assembly."
U01515,sems,N-T83,སྐྱེས་བུས་རང་སེམས་མ་ཐུལ་བ། །,"A person's own ordinary mind, when untamed,","Candidate only: exact EWTS match; construction, whole-expression precedence and proposal scope not certified by assembly."
U01524,sems,N-T83,ལུས་སྦྱང་སེམས་ལ་ཕན་པའོ། །,"one trains the body, benefiting the ordinary mind.","Candidate only: exact EWTS match; construction, whole-expression precedence and proposal scope not certified by assembly."
U01528,sems,N-T83,དེ་ལྟར་ངག་སྦྱང་སེམས་ལ་ཕན། །,"one thus trains speech, benefiting the ordinary mind.","Candidate only: exact EWTS match; construction, whole-expression precedence and proposal scope not certified by assembly."
U01529,sems,N-T83,སེམས་ནི་ཐོག་མ་བྱུང་བ་དང་། །,"For the ordinary mind: where it initially arises,","Candidate only: exact EWTS match; construction, whole-expression precedence and proposal scope not certified by assembly."
U01532,sems,N-T83,སེམས་སྦྱང་སེམས་ཀྱི་གནས་ལུགས་ཤེས། །,one trains the ordinary mind and knows its natural state.,"Candidate only: exact EWTS match; construction, whole-expression precedence and proposal scope not certified by assembly."
U01535,sems,N-T83,སེམས་ཀྱི་གནད་ལ་བརྟེན་པ་ཡིས། །,and the crucial point of ordinary mind.,"Candidate only: exact EWTS match; construction, whole-expression precedence and proposal scope not certified by assembly."
U01538,sems,N-T83,ལུས་དང་སེམས་ཀྱི་འབྲེལ་ཆད་དེ། །,the connection between body and ordinary mind is cut;,"Candidate only: exact EWTS match; construction, whole-expression precedence and proposal scope not certified by assembly."
U01552,sems,N-T83,སེམས་ཀྱི་རྟོག་པ་འགགས་པ་དང༌། །,the stopping of the ordinary mind's conceptual thought;,"Candidate only: exact EWTS match; construction, whole-expression precedence and proposal scope not certified by assembly."
U01555,sems,N-T83,རླུང་སེམས་གཉིས་སུ་འདྲེས་པ་སྟེ། །,"and the mixing of wind and ordinary mind, the two. [N-074]","Candidate only: exact EWTS match; construction, whole-expression precedence and proposal scope not certified by assembly."
U01612,sems,N-T83,ལུས་དང་སེམས་གཉིས་གོ་བཟློག་བྱའོ། །,"Body and ordinary mind, the two, are to exchange their positions. [N-076]","Candidate only: exact EWTS match; construction, whole-expression precedence and proposal scope not certified by assembly."
U01646,sems,N-T83,དངོས་མེད་སེམས་ཀྱི་གོམས་སྟོབས་བརྟན། །,"For the nonactual, stabilize the power of the ordinary mind's familiarity.","Candidate only: exact EWTS match; construction, whole-expression precedence and proposal scope not certified by assembly."
U01696,sems,N-T83,དེ་བཞིན་སེམས་ཀྱི་གནས་ཀྱིས་དགྲོལ། །,"and likewise the abiding of ordinary mind, one is liberated.","Candidate only: exact EWTS match; construction, whole-expression precedence and proposal scope not certified by assembly."
U01720,sems,N-T83,སེམས་ནི་དྲན་པ་སྣ་ཚོགས་དང༌། །,"For ordinary mind, manifold forms of mindfulness,","Candidate only: exact EWTS match; construction, whole-expression precedence and proposal scope not certified by assembly."
U01724,sems,N-T83,ཡང་ན་སེམས་ཀྱི་བྱ་བའི་ལས། །,"Or, through the activity of ordinary mind's doing,","Candidate only: exact EWTS match; construction, whole-expression precedence and proposal scope not certified by assembly."
U01915,sems,N-T83,སྟོང་པ་སེམས་ཀྱི་གོམས་པ་གཙོ། །,"For emptiness, familiarity of ordinary mind is primary.","Candidate only: exact EWTS match; construction, whole-expression precedence and proposal scope not certified by assembly."
U01919,sems,N-T83,སེམས་ཀྱང་དེ་ཡི་ངང་ལའོ། །,"ordinary mind, too, is in that condition.","Candidate only: exact EWTS match; construction, whole-expression precedence and proposal scope not certified by assembly."
U01935,sems,N-T83,འཇུག་པའི་སེམས་དང་ལྡན་པ་ཡིས། །,"Possessing an ordinary mind that enters,","Candidate only: exact EWTS match; construction, whole-expression precedence and proposal scope not certified by assembly."
U01939,sems,N-T83,རིགས་བཅས་སེམས་ཀྱི་བསྡུས་པ་ལ། །,"within what is gathered by ordinary mind, together with its family,","Candidate only: exact EWTS match; construction, whole-expression precedence and proposal scope not certified by assembly."
U01953,sems,N-T83,རྣལ་འབྱོར་སེམས་ཀྱི་སྟོབས་ཀྱིས་བསྒྱུར། །,through the power of the yogin's ordinary mind.,"Candidate only: exact EWTS match; construction, whole-expression precedence and proposal scope not certified by assembly."
U01963,sems,N-T83,འདི་ཉིད་སེམས་ལ་དམིགས་གསལ་ན། །,"When this itself is clear as an object of focus in ordinary mind,","Candidate only: exact EWTS match; construction, whole-expression precedence and proposal scope not certified by assembly."
U01986,sems,N-T83,ངེས་པར་སྦྱར་ཏེ་སེམས་ལྡོག་བྱའོ། །,one should turn ordinary mind back. [N-088],"Candidate only: exact EWTS match; construction, whole-expression precedence and proposal scope not certified by assembly."
U01990,sems,N-T83,སེམས་ནི་ས་ཆུ་མེ་རླུང་དང་། །,"For ordinary mind, relate earth, water, fire, and wind,","Candidate only: exact EWTS match; construction, whole-expression precedence and proposal scope not certified by assembly."
U02068,sems,N-T83,རྒྱས་གདབ་སེམས་ལ་རྫོགས་པ་བརྟེན། །,Apply the seal; rely on completion in ordinary mind.,"Candidate only: exact EWTS match; construction, whole-expression precedence and proposal scope not certified by assembly."
U02084,sems,N-T83,སེམས་ནི་ཡི་གེ་རབ་གསལ་ཏེ། །,"For ordinary mind, the letters are exceedingly clear;","Candidate only: exact EWTS match; construction, whole-expression precedence and proposal scope not certified by assembly."
U02095,sems,N-T83,རང་སེམས་དག་པ་གནས་བསམས་ཏེ། །,imagines one's own ordinary mind abiding pure.,"Candidate only: exact EWTS match; construction, whole-expression precedence and proposal scope not certified by assembly."
U02101,sems,N-T83,སེམས་ཀྱི་རྣལ་འབྱོར་རྫོགས་པའོ། །,of empty ordinary mind is perfected.,"Candidate only: exact EWTS match; construction, whole-expression precedence and proposal scope not certified by assembly."
U02119,sems,N-T83,རྣལ་འབྱོར་པ་ཡི་སེམས་གནས་བྱའོ། །,the yogin's ordinary mind is to abide.,"Candidate only: exact EWTS match; construction, whole-expression precedence and proposal scope not certified by assembly."
U02171,sems,N-T83,རྣལ་འབྱོར་སེམས་ཀྱི་འཁྲུལ་ངོས་བཟུང་། །,identify the delusion of the yogin's ordinary mind.,"Candidate only: exact EWTS match; construction, whole-expression precedence and proposal scope not certified by assembly."
U02190,sems,N-T83,རླུང་སེམས་འབྲེལ་པའི་སྤྲོས་པ་གཅོད། །,cut the elaborations of the connection of wind-mind.,"Candidate only: exact EWTS match; construction, whole-expression precedence and proposal scope not certified by assembly."
U02243,sems,N-T83,འབྱུང་བའི་འགྱུར་དང་སེམས་ཀྱི་གནད། །,"when the elements transform, and at the crucial point of ordinary mind.","Candidate only: exact EWTS match; construction, whole-expression precedence and proposal scope not certified by assembly."
U02259,sems,N-T83,འགྲོ་བའི་ལུས་ངག་ཡིད་སེམས་བཞི། །,"the four—beings' bodies, speech, mental faculty, and ordinary mind—","Candidate only: exact EWTS match; construction, whole-expression precedence and proposal scope not certified by assembly."
U02295,sems,N-T83,སེམས་ཀྱི་དཀྱིལ་འཁོར་སྒོ་ཕྱེ་ལ། །,"open the gate of the maṇḍala of ordinary mind,","Candidate only: exact EWTS match; construction, whole-expression precedence and proposal scope not certified by assembly."
U02300,sems,N-T83,རྟོག་མེད་སེམས་དཔའ་ལྷ་ཡི་བུ། །,"Hero Free from Conceptualization, son of the gods,","Candidate only: exact EWTS match; construction, whole-expression precedence and proposal scope not certified by assembly."
U02312,sems,N-T83,མ་འོངས་གདུལ་བྱའི་སེམས་ཅན་རྣམས། །,future sentient beings to be trained,"Candidate only: exact EWTS match; construction, whole-expression precedence and proposal scope not certified by assembly."
U02314,sems,N-T83,རྟོག་པ་རགས་པའི་སེམས་ཅན་རྣམས། །,"Sentient beings with coarse conceptual thought,","Candidate only: exact EWTS match; construction, whole-expression precedence and proposal scope not certified by assembly."
U02328,sems,N-T83,མངོན་སུམ་གནད་ནི་ལུས་ངག་སེམས། །,"The crucial point of direct perception: body, speech, and ordinary mind.","Candidate only: exact EWTS match; construction, whole-expression precedence and proposal scope not certified by assembly."
U02334,sems,N-T83,སེམས་ནི་དབྱིངས་ལ་གཏད་པས་འགྲུབ། །,Ordinary mind is accomplished by directing it toward basic space.,"Candidate only: exact EWTS match; construction, whole-expression precedence and proposal scope not certified by assembly."
U02352,sems,N-T83,རླུང་སེམས་གནད་ལ་ཕེབ་པའོ། །,one arrives at the crucial point of wind-mind.,"Candidate only: exact EWTS match; construction, whole-expression precedence and proposal scope not certified by assembly."
U02369,sems,N-T83,དྲན་པའི་སེམས་ཀྱིས་མངོན་བསླངས་ཏེ། །,"Rousing [these] with a mindful ordinary mind,","Candidate only: exact EWTS match; construction, whole-expression precedence and proposal scope not certified by assembly."
U02371,sems,N-T83, སེམས་ཀྱིས་བླངས་ཏེ་ལུས་ཀྱིས་བྱའོ། །,take [them] up in ordinary mind and perform [them] with the body.,"Candidate only: exact EWTS match; construction, whole-expression precedence and proposal scope not certified by assembly."
U02385,sems,N-T83,སེམས་ཀྱི་དྲན་བསམ་ངག་གིས་བརྗོད། །,utter ordinary mind's mindfulness and reflection through speech. [N-104],"Candidate only: exact EWTS match; construction, whole-expression precedence and proposal scope not certified by assembly."
U02389,sems,N-T83,རྣལ་འབྱོར་པ་ཡིས་སེམས་སྦྱང་བྱ། །,the yogin should train ordinary mind.,"Candidate only: exact EWTS match; construction, whole-expression precedence and proposal scope not certified by assembly."
U02392,sems,N-T83,དགའ་དང་མི་དགའ་བཟང་ངན་སེམས། །,"Ordinary minds of liking and disliking, favorable and unfavorable—","Candidate only: exact EWTS match; construction, whole-expression precedence and proposal scope not certified by assembly."
U02412,sems,N-T83,འདུག་པའི་ཚེ་ན་སེམས་འཕང་ངོ་། །,"While remaining, project ordinary mind. [N-105]","Candidate only: exact EWTS match; construction, whole-expression precedence and proposal scope not certified by assembly."
U02414,sems,N-T83,སེམས་འཛིན་བསླབ་པ་ཉེར་གཅིག་གིས། །,"Through twenty-one trainings in retaining ordinary mind,","Candidate only: exact EWTS match; construction, whole-expression precedence and proposal scope not certified by assembly."
U02416,sems,N-T83,གཉིས་པ་ལུས་སེམས་འབྲལ་བ་དང༌། །,"second, separate body and ordinary mind;","Candidate only: exact EWTS match; construction, whole-expression precedence and proposal scope not certified by assembly."
U02418,sems,N-T83,འདི་དུས་ལུས་ངག་སེམས་ཀྱི་གནད། །,"At this time, the crucial points of body, speech, and ordinary mind","Candidate only: exact EWTS match; construction, whole-expression precedence and proposal scope not certified by assembly."
U02423,sems,N-T83,སེམས་ཀྱི་རྟོག་པ་རྒྱུན་ཆད་དོ། །,the flow of ordinary mind's conceptual thought is cut. [N-105],"Candidate only: exact EWTS match; construction, whole-expression precedence and proposal scope not certified by assembly."
U02435,sems,N-T83,སེམས་ཅན་དོན་ཕྱིར་ལྷ་དབང་ཁྱོད། །,"Lord of the gods, for the sake of sentient beings,","Candidate only: exact EWTS match; construction, whole-expression precedence and proposal scope not certified by assembly."
U02465,sems,N-T83,སེམས་ཀྱི་ལུང་གིས་ངེས་སྦྱར་ཏེ། །,Definitely relate [this] through the authoritative transmission of ordinary mind.,"Candidate only: exact EWTS match; construction, whole-expression precedence and proposal scope not certified by assembly."
U02469,sems,N-T83,ལུས་སྦྱངས་སེམས་ཉིད་གདུལ་བ་དང་། །,"Training the body, taming the nature of ordinary mind,","Candidate only: exact EWTS match; construction, whole-expression precedence and proposal scope not certified by assembly."
U02471,sems,N-T83,སེམས་ཉིད་ལམ་དུ་ཞུགས་པའོ། །,the nature of ordinary mind enters the path.,"Candidate only: exact EWTS match; construction, whole-expression precedence and proposal scope not certified by assembly."
U02472,sems,N-T83,རླུང་ལ་བརྟེན་ཏེ་ལུས་སེམས་བྲལ། །,"Relying on wind, body and ordinary mind separate.","Candidate only: exact EWTS match; construction, whole-expression precedence and proposal scope not certified by assembly."
U02477,sems,N-T83,སེམས་ཉིད་ཆོས་དང་བསྲེ་བའི་ཕྱིར། །,"In order to mix the nature of ordinary mind with phenomena,","Candidate only: exact EWTS match; construction, whole-expression precedence and proposal scope not certified by assembly."
U02497,sems,N-T83,སངས་རྒྱས་མེད་ཅིང་སེམས་ཅན་མེད། །,there are neither buddhas nor sentient beings.,"Candidate only: exact EWTS match; construction, whole-expression precedence and proposal scope not certified by assembly."
U02514,sems,N-T83,ལྷ་བདག་སེམས་དཔའ་ཁྱོད་ཉོན་ཅིག །,"Lord of gods, hero, listen!","Candidate only: exact EWTS match; construction, whole-expression precedence and proposal scope not certified by assembly."
U02612,sems,N-T83,སེམས་ཀྱི་བདག་པོས་ལུས་བཟུང་སྟེ། །,the master of ordinary mind holds the body.,"Candidate only: exact EWTS match; construction, whole-expression precedence and proposal scope not certified by assembly."
U02638,sems,N-T83,མ་འོངས་དུས་ཀྱི་སེམས་ཅན་ལ། །,"for the sentient beings of future times,","Candidate only: exact EWTS match; construction, whole-expression precedence and proposal scope not certified by assembly."
U02641,sems,N-T83,སེམས་བསྐྱེད་སྔོན་དུ་བཏང་ནས་ནི། །,"first arousing ordinary mind,","Candidate only: exact EWTS match; construction, whole-expression precedence and proposal scope not certified by assembly."
U02644,sems,N-T83,སེམས་ཅན་ཁམས་གསུམ་འཁོར་བ་ལས། །,"For sentient beings, from the samsara of the three realms,","Candidate only: exact EWTS match; construction, whole-expression precedence and proposal scope not certified by assembly."
U02647,sems,N-T83,སེམས་ཅན་འཁོར་བའི་ཐོག་མ་གང༌། །,What is the beginning of sentient beings' samsara?,"Candidate only: exact EWTS match; construction, whole-expression precedence and proposal scope not certified by assembly."
U02650,sems,N-T83,སེམས་ཅན་འཁྲུལ་པ་ཅི་ལས་བྱུང་། །,From what does sentient beings' delusion arise?,"Candidate only: exact EWTS match; construction, whole-expression precedence and proposal scope not certified by assembly."
U02662,sems,N-T83,རང་སེམས་གྲོལ་བ་གང་གིས་གྲོལ། །,By what is the liberation of one's own ordinary mind effected?,"Candidate only: exact EWTS match; construction, whole-expression precedence and proposal scope not certified by assembly."
U02668,sems,N-T83,སེམས་དང་ཡེ་ཤེས་གནད་ཉིད་ཅི། །,What is the crucial point concerning ordinary mind and primordial knowing?,"Candidate only: exact EWTS match; construction, whole-expression precedence and proposal scope not certified by assembly."
U02673,sems,N-T83,སེམས་ཀྱི་སྦྱང་བ་རྣམ་པ་དུ། །,How many aspects of training ordinary mind are there?,"Candidate only: exact EWTS match; construction, whole-expression precedence and proposal scope not certified by assembly."
U02731,sems,N-T83,རེག་ཆ་སེམས་ཀྱི་འཁྲུལ་པའི་ལུགས། །,"For the portion of contact, the manner of ordinary mind's delusion:","Candidate only: exact EWTS match; construction, whole-expression precedence and proposal scope not certified by assembly."
U02737,sems,N-T83,ཡིད་སེམས་འགྱུར་བ་བརྒྱད་ཅུར་འགྱུར། །,transformations of mental faculty and ordinary mind become eighty.,"Candidate only: exact EWTS match; construction, whole-expression precedence and proposal scope not certified by assembly."
U02749,sems,N-T83,དེ་ཡིས་རྟོག་བཅས་ཡུལ་སེམས་བཅིངས། །,"Through this, objects and ordinary mind, with conceptual thought, are bound.","Candidate only: exact EWTS match; construction, whole-expression precedence and proposal scope not certified by assembly."
U02764,sems,N-T83,སེམས་ཅན་ཁམས་ནི་དུ་མར་བཅས། །,"For sentient beings' realms, with their many [aspects],","Candidate only: exact EWTS match; construction, whole-expression precedence and proposal scope not certified by assembly."
U02773,sems,N-T83,འདས་པ་གཞག་ཕྱིར་སེམས་ཅན་ཁམས། །,"To posit transcendence, the realm of sentient beings,","Candidate only: exact EWTS match; construction, whole-expression precedence and proposal scope not certified by assembly."
U02814,sems,N-T83,སེམས་ཅན་འཁྲུལ་པ་གོང་མ་ཡི། །,"Sentient beings' delusion, by wandering in","Candidate only: exact EWTS match; construction, whole-expression precedence and proposal scope not certified by assembly."
U02908,sems,N-T83,བདེ་བས་ལུས་སེམས་རྒྱས་པར་བྱེད། །,expands body and ordinary mind through bliss.,"Candidate only: exact EWTS match; construction, whole-expression precedence and proposal scope not certified by assembly."
U02937,sems,N-T83,ཐིག་ལེ་ལུས་དང་སེམས་ཀྱིས་བྱའོ། །,Spheres are to be [worked with] through body and ordinary mind. [N-127],"Candidate only: exact EWTS match; construction, whole-expression precedence and proposal scope not certified by assembly."
U02941,sems,N-T83,སེམས་ཀྱི་བདག་པོ་ཡིད་ཀྱིས་བཟུང་། །,The master of ordinary mind is held by the mental faculty;,"Candidate only: exact EWTS match; construction, whole-expression precedence and proposal scope not certified by assembly."
U03045,sems,N-T83,ཁྱབ་བདག་སེམས་དཔའི་གཟུགས་བརྙན་སྟོན། །,"They reveal a reflection of the all-pervading lord, the hero.","Candidate only: exact EWTS match; construction, whole-expression precedence and proposal scope not certified by assembly."
U03063,sems,N-T83,ཡེ་ཤེས་འདུས་པས་སེམས་རྒྱུན་འགགས། །,"Through primordial knowing gathering, ordinary mind's flow stops.","Candidate only: exact EWTS match; construction, whole-expression precedence and proposal scope not certified by assembly."
U03122,sems,N-T83,རྟོག་དཔྱོད་ཟད་པའི་སེམས་ཉིད་ཀྱིས། །,"Through the nature of ordinary mind in which conceptual thought and examination are exhausted,","Candidate only: exact EWTS match; construction, whole-expression precedence and proposal scope not certified by assembly."
U03172,sems,N-T83,ཆོས་ཀྱི་སེམས་ཀྱང་སྤང་བའོ། །,Even the ordinary mind [oriented] toward the teaching is abandoned. [N-137],"Candidate only: exact EWTS match; construction, whole-expression precedence and proposal scope not certified by assembly."
U03190,sems,N-T83,དྲི་མ་མེད་པའི་སེམས་ཉིད་ཀྱང༌། །,"the stainless nature of ordinary mind, too,","Candidate only: exact EWTS match; construction, whole-expression precedence and proposal scope not certified by assembly."
U03212,sems,N-T83,འབྲལ་མེད་སེམས་ཀྱི་གནས་པའོ། །,ordinary mind abides without separation. [N-138],"Candidate only: exact EWTS match; construction, whole-expression precedence and proposal scope not certified by assembly."
U03213,sems,N-T83,སེམས་ནི་བཟུང་དང་གནས་པ་དང་། །,"For ordinary mind: holding and abiding,","Candidate only: exact EWTS match; construction, whole-expression precedence and proposal scope not certified by assembly."
U03223,sems,N-T83,སེམས་ནི་འཕོ་བར་ནུས་པའོ། །,Ordinary mind is capable of transference.,"Candidate only: exact EWTS match; construction, whole-expression precedence and proposal scope not certified by assembly."
U03243,sems,N-T83,རང་སེམས་གྲོལ་བ་ཞེས་བྱ་བ། །,What is called the liberation of one's own ordinary mind,"Candidate only: exact EWTS match; construction, whole-expression precedence and proposal scope not certified by assembly."
U03245,sems,N-T83,གང་གིས་བཀྲོལ་བ་མེད་པའི་སེམས། །,Ordinary mind is not released by anyone.,"Candidate only: exact EWTS match; construction, whole-expression precedence and proposal scope not certified by assembly."
U03249,sems,N-T83,རང་གསལ་གནས་པའི་སེམས་དེ་ནི། །,"That ordinary mind, abiding in its own clarity,","Candidate only: exact EWTS match; construction, whole-expression precedence and proposal scope not certified by assembly."
U03260,sems,N-T83,དེ་ལྟར་གྲོལ་བའི་སེམས་ཉིད་ལ། །,"In the nature of ordinary mind liberated in this way,","Candidate only: exact EWTS match; construction, whole-expression precedence and proposal scope not certified by assembly."
U03268,sems,N-T83,དེ་ཡང་སེམས་ཉིད་སྨིན་པའི་ཚེ། །,"Furthermore, when the nature of ordinary mind matures,","Candidate only: exact EWTS match; construction, whole-expression precedence and proposal scope not certified by assembly."
U03374,sems,N-T83,སེམས་དང་ཡེ་ཤེས་གནད་ཉིད་ནི། །,The crucial point of ordinary mind and primordial knowing:,"Candidate only: exact EWTS match; construction, whole-expression precedence and proposal scope not certified by assembly."
U03375,sems,N-T83,སེམས་ཞེས་བྱ་བ་འཁྲུལ་རྟོག་ལ། །,what is called ordinary mind concerns delusive conceptual thought.,"Candidate only: exact EWTS match; construction, whole-expression precedence and proposal scope not certified by assembly."
U03391,sems,N-T83,ལུས་དང་ངག་དང་སེམས་ཀྱིས་ཀྱང་། །,"Through body, speech, and ordinary mind, too,","Candidate only: exact EWTS match; construction, whole-expression precedence and proposal scope not certified by assembly."
U03404,sems,N-T83,དོན་དམ་བྱང་སེམས་སྤེལ་བ་དང༌། །,"increases ultimate awakening ordinary mind, [N-149] [N-T82]","Candidate only: exact EWTS match; construction, whole-expression precedence and proposal scope not certified by assembly."
U03424,sems,N-T83,དྭངས་མས་སེམས་བདེ་ནུས་པ་དང༌།,The refined part gives ordinary mind ease and capacity.,"Candidate only: exact EWTS match; construction, whole-expression precedence and proposal scope not certified by assembly."
U03512,sems,N-T83,སེམས་ཀྱི་སྦྱངས་པ་འདི་ལྟ་སྟེ། །,The training of ordinary mind is like this:,"Candidate only: exact EWTS match; construction, whole-expression precedence and proposal scope not certified by assembly."
U03514,sems,N-T83,བར་དུ་ལུས་དང་སེམས་བསྡམས་པས། །,"between them, restraining body and ordinary mind;","Candidate only: exact EWTS match; construction, whole-expression precedence and proposal scope not certified by assembly."
U03516,sems,N-T83,མཆོག་ཏུ་སེམས་ཀྱིས་སེམས་ལ་སྦྱང་། །,"supremely, training ordinary mind with ordinary mind.","Candidate only: exact EWTS match; construction, whole-expression precedence and proposal scope not certified by assembly."
U03521,sems,N-T83,ལུས་སེམས་བསྡོམ་པའི་བར་དུ་བརྟགས། །,Examine the interval in which body and ordinary mind are joined.,"Candidate only: exact EWTS match; construction, whole-expression precedence and proposal scope not certified by assembly."
U03525,sems,N-T83,མཆོག་ཏུ་སེམས་ནི་འགྲོ་འོང་གནས། །,"Supremely, ordinary mind's going, coming, and abiding—","Candidate only: exact EWTS match; construction, whole-expression precedence and proposal scope not certified by assembly."
U03540,sems,N-T83,བདེན་པ་གཉིས་ལས་སེམས་གཉིས་འཁྲུལ། །,"from the two truths, two ordinary minds become deluded. [N-155]","Candidate only: exact EWTS match; construction, whole-expression precedence and proposal scope not certified by assembly."
U03564,sems,N-T83,འགྲོ་བའི་སེམས་ཀྱི་རྟོག་པ་ཀུན། །,All the conceptual thoughts of beings' ordinary minds—,"Candidate only: exact EWTS match; construction, whole-expression precedence and proposal scope not certified by assembly."
U03566,sems,N-T83,རང་སེམས་རྟོགས་ལས་གྲོལ་བས་ན། །,"Because one is liberated through realizing one's own ordinary mind,","Candidate only: exact EWTS match; construction, whole-expression precedence and proposal scope not certified by assembly."
U03576,sems,N-T83,གཞན་ཡང་ཁམས་གསུམ་སེམས་ཅན་ཀུན། །,"Furthermore, all sentient beings of the three realms,","Candidate only: exact EWTS match; construction, whole-expression precedence and proposal scope not certified by assembly."
U03583,sems,N-T83,སངས་རྒྱས་སེམས་ཅན་འབྱེད་པ་མེད། །,there is no division into buddhas and sentient beings.,"Candidate only: exact EWTS match; construction, whole-expression precedence and proposal scope not certified by assembly."
U03588,sems,N-T83,སེམས་ཅན་ཐམས་ཅད་སངས་རྒྱས་ལས། །,all sentient beings do not abide,"Candidate only: exact EWTS match; construction, whole-expression precedence and proposal scope not certified by assembly."
U03590,sems,N-T83,ལུས་ཅན་སེམས་ཀྱིས་ཁྱབ་པའི་ཕྱིར། །,"Because those with bodies are pervaded by ordinary mind,","Candidate only: exact EWTS match; construction, whole-expression precedence and proposal scope not certified by assembly."
U03591,sems,N-T83,སངས་རྒྱས་མ་ཡིན་སེམས་ཅན་མིན། །,not a buddha—not a sentient being. [N-157],"Candidate only: exact EWTS match; construction, whole-expression precedence and proposal scope not certified by assembly."
U03597,sems,N-T83,གཞན་ཡང་རྐྱེན་གྱིས་སེམས་ཅན་རྣམས། །,"Furthermore, through conditions, among sentient beings,","Candidate only: exact EWTS match; construction, whole-expression precedence and proposal scope not certified by assembly."
U03604,sems,N-T83,ལུས་སེམས་འདུས་པས་དབྱིངས་རིག་འབྲེལ། །,"Through body and ordinary mind gathering, basic space and awareness are connected.","Candidate only: exact EWTS match; construction, whole-expression precedence and proposal scope not certified by assembly."
U03609,sems,N-T83,དེས་ན་སེམས་ཅན་སངས་རྒྱས་སོ། །,"Therefore, sentient beings are buddhas. [N-157]","Candidate only: exact EWTS match; construction, whole-expression precedence and proposal scope not certified by assembly."
U03630,sems,N-T83,སེམས་ཅན་ཐ་དད་ཅི་ཡི་རྒྱུ། །,What causes sentient beings to differ?,"Candidate only: exact EWTS match; construction, whole-expression precedence and proposal scope not certified by assembly."
U03675,sems,N-T83,ཕྱི་རོལ་ཡུལ་དང་ནང་གི་སེམས། །,"in outer objects and inner ordinary mind,","Candidate only: exact EWTS match; construction, whole-expression precedence and proposal scope not certified by assembly."
U03686,sems,N-T83,དེ་ལ་སེམས་ཉིད་གནས་པའི་ཐབས། །,The method of making the nature of ordinary mind abide there:,"Candidate only: exact EWTS match; construction, whole-expression precedence and proposal scope not certified by assembly."
U03696,sems,N-T83,དྲི་མེད་སེམས་ཀྱང་དེ་བཞིན་ནོ། །,"Stainless ordinary mind, too, is like that.","Candidate only: exact EWTS match; construction, whole-expression precedence and proposal scope not certified by assembly."
U03704,sems,N-T83,རྒྱུ་ཡིས་གནས་པའི་སེམས་དེ་ནི། །,"Ordinary mind that abides through a cause,","Candidate only: exact EWTS match; construction, whole-expression precedence and proposal scope not certified by assembly."
U03792,sems,N-T83,སེམས་སྡུད་པ་དང་བཀོད་པའོ། །,gathering and arranging ordinary mind. [N-165],"Candidate only: exact EWTS match; construction, whole-expression precedence and proposal scope not certified by assembly."
U03794,sems,N-T83,སེམས་ཅན་ཀུན་གྱི་ཐ་དད་རྒྱུ། །,The causes of all sentient beings' differences:,"Candidate only: exact EWTS match; construction, whole-expression precedence and proposal scope not certified by assembly."
U03808,sems,N-T83,སེམས་ཅན་ལུས་ཀྱང་ཐ་དད་དོ། །,the bodies of beings differ.,"Candidate only: exact EWTS match; construction, whole-expression precedence and proposal scope not certified by assembly."
U03826,sems,N-T83,སེམས་ཅན་ལུས་ཀྱང་ཐ་དད་དོ། །,the bodies of beings differ. [N-166],"Candidate only: exact EWTS match; construction, whole-expression precedence and proposal scope not certified by assembly."
U03891,sems,N-T83,ལུས་སེམས་གཉིས་ལ་བརྟགས་གཞིག་པས། །,"Through examining and analyzing body and ordinary mind, the two,","Candidate only: exact EWTS match; construction, whole-expression precedence and proposal scope not certified by assembly."
U03899,sems,N-T83,སེམས་ཅན་ལས་དང་དབང་པོ་ནི། །,Sentient beings' karma and faculties:,"Candidate only: exact EWTS match; construction, whole-expression precedence and proposal scope not certified by assembly."
U03903,sems,N-T83,སེམས་ཅན་ལས་ནི་རླུང་གི་ཡང༌། །,"Sentient beings' karma, too, is impelled","Candidate only: exact EWTS match; construction, whole-expression precedence and proposal scope not certified by assembly."
U03915,sems,N-T83,ཁྱབ་བྱེད་སེམས་ཅན་ཐམས་ཅད་ལ། །,"Pervading: all sentient beings,","Candidate only: exact EWTS match; construction, whole-expression precedence and proposal scope not certified by assembly."
U03961,sems,N-T83,སེམས་དང་ཡིད་དང་འགྱུ་བ་དང༌། །,"ordinary mind, mental faculty, movement,","Candidate only: exact EWTS match; construction, whole-expression precedence and proposal scope not certified by assembly."
U03964,sems,N-T83,སེམས་ནི་དག་དང་མ་དག་པའི། །,Ordinary mind: the pure and impure,"Candidate only: exact EWTS match; construction, whole-expression precedence and proposal scope not certified by assembly."
U03987,sems,N-T83,གཟུང་བ་ཡུལ་ལ་འཛིན་པ་སེམས། །,The apprehended object is the object; the apprehending subject is ordinary mind.,"Candidate only: exact EWTS match; construction, whole-expression precedence and proposal scope not certified by assembly."
U03988,sems,N-T83,ཡུལ་སེམས་འདུས་པས་དུག་གསུམ་མོ། །,Object and ordinary mind gathered together are the three poisons.,"Candidate only: exact EWTS match; construction, whole-expression precedence and proposal scope not certified by assembly."
U03989,sems,N-T83,ཡུལ་གནད་དབང་ལ་དབང་གནད་སེམས། །,The object's crucial point is in the faculties; the faculties' crucial point is ordinary mind.,"Candidate only: exact EWTS match; construction, whole-expression precedence and proposal scope not certified by assembly."
U03990,sems,N-T83,སེམས་གནད་མིག་ལ་མིག་གནད་རྩ། །,Ordinary mind's crucial point is in the eyes; the eyes' crucial point is the channels.,"Candidate only: exact EWTS match; construction, whole-expression precedence and proposal scope not certified by assembly."
U04023,sems,N-T83,སངས་རྒྱས་སེམས་ཅན་དག་ཡུལ་ལོ། །,it is the pure domain of buddhas and sentient beings.,"Candidate only: exact EWTS match; construction, whole-expression precedence and proposal scope not certified by assembly."
U04036,sems,N-T83,ཐུགས་ཀྱིས་སེམས་ཅན་རྣམས་ལ་འཆར། །,arises for sentient beings through awakened mind.,"Candidate only: exact EWTS match; construction, whole-expression precedence and proposal scope not certified by assembly."
U04068,sems,N-T83,སེམས་ཉིད་རྟོག་པ་ཀུན་ཟད་པའོ། །,"In the nature of ordinary mind, all conceptual thought is exhausted.","Candidate only: exact EWTS match; construction, whole-expression precedence and proposal scope not certified by assembly."
U04114,sems,N-T83,སངས་རྒྱས་སེམས་ཅན་ཐམས་ཅད་ལ། །,pervades all buddhas and sentient beings,"Candidate only: exact EWTS match; construction, whole-expression precedence and proposal scope not certified by assembly."
U04118,sems,N-T83,སེམས་ཅན་རིགས་དྲུག་སྣང་ཆ་ལ། །,"In the appearance aspect of sentient beings of the six classes,","Candidate only: exact EWTS match; construction, whole-expression precedence and proposal scope not certified by assembly."
U04139,sems,N-T83,ཡེ་ནི་སེམས་ཅན་ཀུན་དོན་ལ། །,‘Primordial’ concerns the benefit of all sentient beings;,"Candidate only: exact EWTS match; construction, whole-expression precedence and proposal scope not certified by assembly."
U04171,sems,N-T83,དེ་ལ་རྣལ་འབྱོར་སེམས་རྫོགས་སོ། །,There the yogin's ordinary mind is complete.,"Candidate only: exact EWTS match; construction, whole-expression precedence and proposal scope not certified by assembly."
U04315,sems,N-T83,མ་འོངས་འཇུག་པའི་སེམས་ཅན་རྣམས། །,"for sentient beings who will enter in the future,","Candidate only: exact EWTS match; construction, whole-expression precedence and proposal scope not certified by assembly."
U04322,sems,N-T83,སེམས་ཅན་དུས་ན་ཅི་ལྟར་གནས། །,How does it abide at the time of sentient beings?,"Candidate only: exact EWTS match; construction, whole-expression precedence and proposal scope not certified by assembly."
U04336,sems,N-T83,འདི་དག་སེམས་ཅན་དོན་དུ་གསུང་། །,Speak of these for the benefit of sentient beings.’,"Candidate only: exact EWTS match; construction, whole-expression precedence and proposal scope not certified by assembly."
U04388,sems,N-T83,སངས་རྒྱས་སེམས་ཅན་གཞི་མར་སྣང༌། །,"buddhas and sentient beings appear as a foundation,","Candidate only: exact EWTS match; construction, whole-expression precedence and proposal scope not certified by assembly."
U04391,sems,N-T83,གལ་ཏེ་འཁྲུལ་པའི་སེམས་ཅན་ལ། །,As for deluded sentient beings:,"Candidate only: exact EWTS match; construction, whole-expression precedence and proposal scope not certified by assembly."
U04410,sems,N-T83,སེམས་ཅན་ཀུན་གྱི་ལུས་སྤྱི་ལ། །,"Throughout the bodies of all sentient beings,","Candidate only: exact EWTS match; construction, whole-expression precedence and proposal scope not certified by assembly."
U04522,sems,N-T83,སྒྲ་མེད་སེམས་ཀྱི་སྤྱོད་པ་སྟེ། །,There is activity of ordinary mind without sound.,"Candidate only: exact EWTS match; construction, whole-expression precedence and proposal scope not certified by assembly."
U04528,sems,N-T83,འདི་དུས་སེམས་ནི་གསལ་བ་དང༌། །,At this time ordinary mind is clear;,"Candidate only: exact EWTS match; construction, whole-expression precedence and proposal scope not certified by assembly."
U04533,sems,N-T83,དེ་བཞིན་སྐུ་ཡང་སེམས་ལ་སྣང༌། །,and likewise embodiments appear to ordinary mind.,"Candidate only: exact EWTS match; construction, whole-expression precedence and proposal scope not certified by assembly."
U04534,sems,N-T83,སྟོང་པའི་སེམས་ལ་དྲི་མ་ཟད། །,"In empty ordinary mind, stains are exhausted.","Candidate only: exact EWTS match; construction, whole-expression precedence and proposal scope not certified by assembly."
U04541,sems,N-T83,ལུས་སེམས་འབྲེལ་པ་ཆོད་པ་ནི། །,the connection between body and ordinary mind is severed.,"Candidate only: exact EWTS match; construction, whole-expression precedence and proposal scope not certified by assembly."
U04543,sems,N-T83,ཕྱིར་འབྱུང་མཚན་ཉིད་གསལ་བའི་སེམས། །,"ordinary mind, characterized by clarity, emerges outward.","Candidate only: exact EWTS match; construction, whole-expression precedence and proposal scope not certified by assembly."
U04552,sems,N-T83,སེམས་ནི་མེ་སྟག་འཕྲོ་བ་བཞིན། །,"ordinary mind is like proliferating sparks,","Candidate only: exact EWTS match; construction, whole-expression precedence and proposal scope not certified by assembly."
U04555,sems,N-T83,འདིས་ནི་ལུས་སེམས་འབྲེལ་ཆད་ནས། །,"Through this, the connection between body and ordinary mind is severed,","Candidate only: exact EWTS match; construction, whole-expression precedence and proposal scope not certified by assembly."
U04614,sems,N-T83,རྣལ་འབྱོར་ལྡན་པས་སེམས་གནས་པས། །,"when the yogin's ordinary mind abides,","Candidate only: exact EWTS match; construction, whole-expression precedence and proposal scope not certified by assembly."
U04694,sems,N-T83,འཛིན་པ་མེད་པའི་སེམས་ཤར་བ། །,ordinary mind arises without an apprehending subject.,"Candidate only: exact EWTS match; construction, whole-expression precedence and proposal scope not certified by assembly."
U04763,sems,N-T83, ཆོས་ཉིད་བཀོད་པ་སེམས་སྣང་གི་རྩ་བ་བསྟན་པའི་ལེའུ་སྟེ་བཞི་པའོ།། །།,"the fourth chapter, the Array of the Nature of Phenomena, teaching the root of ordinary mind's appearance.","Candidate only: exact EWTS match; construction, whole-expression precedence and proposal scope not certified by assembly."
U04886,sems,N-T83,བསྒོམ་པ་ཞེས་ནི་སེམས་གནས་ལ། །,"What is called cultivation is ordinary mind abiding,","Candidate only: exact EWTS match; construction, whole-expression precedence and proposal scope not certified by assembly."
U04905,sems,N-T83,གོ་བས་སེམས་ཉིད་འཛིན་པ་དང༌། །,"Through understanding, the nature of ordinary mind is held,","Candidate only: exact EWTS match; construction, whole-expression precedence and proposal scope not certified by assembly."
U04972,sems,N-T83,སྟོང་དང་གསལ་བ་སེམས་ཀྱི་འདོད་པ་འགག །,Ordinary mind's assertions of emptiness and clarity cease.,"Candidate only: exact EWTS match; construction, whole-expression precedence and proposal scope not certified by assembly."
U04982,sems,N-T83,སེམས་དང་མ་རིག་འཁྲུལ་པ་ཆོས་ཉིད་གཞི། །,"Ordinary mind, ignorance, and delusion are the Ground of the nature of phenomena.","Candidate only: exact EWTS match; construction, whole-expression precedence and proposal scope not certified by assembly."
U05032,sems,N-T83,གཞན་ཡང་འདོད་སེམས་བལྟ་བ་བཤད། །,"Furthermore, I shall explain the view of desiring ordinary mind.","Candidate only: exact EWTS match; construction, whole-expression precedence and proposal scope not certified by assembly."
U05061,sems,N-T83,དགེ་ལྡན་སེམས་ནི་མི་དཀྲུགས་ཏེ། །,do not disturb the ordinary minds of those possessing virtue.,"Candidate only: exact EWTS match; construction, whole-expression precedence and proposal scope not certified by assembly."
U05066,sems,N-T83,སེམས་ནི་གནས་དང་བརྟགས་ཤིང་དཔྱད། །,"Let ordinary mind abide, and examine and investigate it.","Candidate only: exact EWTS match; construction, whole-expression precedence and proposal scope not certified by assembly."
U05086,sems,N-T83,སེམས་ཀྱི་འཇུག་པ་སུམ་ཅུ་གཉིས། །,ordinary mind's entry is thirty-twofold.,"Candidate only: exact EWTS match; construction, whole-expression precedence and proposal scope not certified by assembly."
U05087,sems,N-T83,ལུས་སེམས་ཁྱད་པར་བྱེད་པ་ཉིད། །,The special functioning of body and ordinary mind,"Candidate only: exact EWTS match; construction, whole-expression precedence and proposal scope not certified by assembly."
U05091,sems,N-T83,སྦྱངས་པས་སེམས་ཀྱི་གནས་པར་འགྱུར། །,ordinary mind comes to abide.,"Candidate only: exact EWTS match; construction, whole-expression precedence and proposal scope not certified by assembly."
U05093,sems,N-T83,སེམས་ནི་བགས་ཀྱིས་དགུག་པར་བྱའོ། །,draw ordinary mind in gently.,"Candidate only: exact EWTS match; construction, whole-expression precedence and proposal scope not certified by assembly."
U05095,sems,N-T83,ལུས་སེམས་ཐབས་ཀྱི་ཁྱད་པར་གྱིས། །,"through the distinct methods for body and ordinary mind,","Candidate only: exact EWTS match; construction, whole-expression precedence and proposal scope not certified by assembly."
U05096,sems,N-T83,རྣལ་འབྱོར་སེམས་ནི་གནས་པར་བྱའོ། །,make the yogin's ordinary mind abide. [N-220],"Candidate only: exact EWTS match; construction, whole-expression precedence and proposal scope not certified by assembly."
U05111,sems,N-T83,སྲིད་བྲལ་འདོད་པ་མེད་པའི་སེམས། །,"Ordinary mind free from existence and without desire,","Candidate only: exact EWTS match; construction, whole-expression precedence and proposal scope not certified by assembly."
U05114,sems,N-T83,ཆོས་མེད་སངས་རྒྱས་མེད་ཅིང་སེམས་ཅན་མེད། །,"There are no phenomena, no buddhas, and no sentient beings.","Candidate only: exact EWTS match; construction, whole-expression precedence and proposal scope not certified by assembly."
U05118,sems,N-T83,སེམས་ཞེས་གནས་པ་ཙམ་དུའང་མེད། །,there is not even mere abiding called ordinary mind.,"Candidate only: exact EWTS match; construction, whole-expression precedence and proposal scope not certified by assembly."
U05143,sems,N-T83,སེམས་ཅན་ལས་ནི་སྣ་ཚོགས་སོ། །,the activities of sentient beings are diverse. [N-222],"Candidate only: exact EWTS match; construction, whole-expression precedence and proposal scope not certified by assembly."
U05199,sems,N-T83,སེམས་ཅན་འཁྲུལ་རྟོག་དུ་མ་ལས། །,"from the many deluded conceptual thoughts of sentient beings,","Candidate only: exact EWTS match; construction, whole-expression precedence and proposal scope not certified by assembly."
U05237,sems,N-T83,གདུལ་བྱའི་སེམས་ཅན་རྟོག་པ་གཅོད། །,and cuts the conceptual thoughts of beings to be trained. [N-226],"Candidate only: exact EWTS match; construction, whole-expression precedence and proposal scope not certified by assembly."
U05257,sems,N-T83,གདུལ་ཡུལ་སེམས་ཅན་རྣམས་ལ་སྣང༌། །,and appear to sentient beings to be trained.,"Candidate only: exact EWTS match; construction, whole-expression precedence and proposal scope not certified by assembly."
U05289,sems,N-T83,བྱང་ཆུབ་སེམས་དཔའ་རྣམས་ལ་ཡང་། །,"and for bodhisattvas too,","Candidate only: exact EWTS match; construction, whole-expression precedence and proposal scope not certified by assembly."
U05337,sems,N-T83,ཆོས་སྐུའི་ས་བོན་རང་སེམས་ལ། །,"in one's own ordinary mind, the seed of the dharma embodiment,","Candidate only: exact EWTS match; construction, whole-expression precedence and proposal scope not certified by assembly."
U05397,sems,N-T83,ཆོས་སྐུ་སེམས་ཀྱི་ལས་ཀྱིས་དང༌། །,the dharma embodiment is through the activity of ordinary mind;,"Candidate only: exact EWTS match; construction, whole-expression precedence and proposal scope not certified by assembly."
U05403,sems,N-T83,སེམས་ནི་དངོས་མེད་ཟང་ཐལ་ལོ། །,"Ordinary mind, without things, is unimpeded penetration.","Candidate only: exact EWTS match; construction, whole-expression precedence and proposal scope not certified by assembly."
U05426,sems,N-T83,རབ་ཏུ་མགུ་བའི་སེམས་བསྐྱེད་ནས། །,"having aroused an utterly delighted ordinary mind,","Candidate only: exact EWTS match; construction, whole-expression precedence and proposal scope not certified by assembly."
U05435,sems,N-T83,དགའ་མགུ་རང་བའི་སེམས་སྐྱེས་ནས། །,"with ordinary minds of joy, delight, and gladness arisen,","Candidate only: exact EWTS match; construction, whole-expression precedence and proposal scope not certified by assembly."
U02999,mdzub,N-T84,རྩ་དང་མཐེབ་མཛུབ་མ་བྲལ་བས། །,"By not separating the channels, thumb, and finger,","Candidate only: exact EWTS match; construction, whole-expression precedence and proposal scope not certified by assembly."
U03440,mdzub,N-T84,རང་གི་མཐེབ་དང་མཛུབ་མོ་ཡིས། །,with one's own thumb and forefinger—[Editorial note: Do not infer or perform eye pressure from this draft.] [N-150],"Candidate only: exact EWTS match; construction, whole-expression precedence and proposal scope not certified by assembly."
U04503,yab yum,N-T84,དེ་ལ་ཡབ་ཡུམ་འཁྲིལ་པ་དང་། །,"there, father and mother embrace;","Candidate only: exact EWTS match; construction, whole-expression precedence and proposal scope not certified by assembly."
U04222,gdar sha chod pa,N-T85,ཁམས་གསུམ་གདར་ཤ་ཆོད་པ་ལས། །,decisively resolves the three realms,"Candidate only: exact EWTS match; construction, whole-expression precedence and proposal scope not certified by assembly."
U04701,cer mthong,N-T85,ལུ་གུ་རྒྱུད་དུ་ཅེར་མཐོང་བས། །,"Through naked seeing in vajra chains,","Candidate only: exact EWTS match; construction, whole-expression precedence and proposal scope not certified by assembly."
U04858,cer mthong,N-T85,ཅེར་མཐོང་བ་དང་ཅེར་གྲོལ་དུ། །,"Through naked seeing and naked liberation,","Candidate only: exact EWTS match; construction, whole-expression precedence and proposal scope not certified by assembly."
U03342,me long lta bu,N-T87,བཞིན་དང་མེ་ལོང་ལྟ་བུ་ལས། །,"as with a face and a mirror,","Candidate only: exact EWTS match; construction, whole-expression precedence and proposal scope not certified by assembly."
U03314,ji snyed pa,N-T87,ཇི་སྙེད་པ་ནི་རྒྱང་ཞགས་དང་། །,Knowing the multiplicity matures as the far-reaching-lasso [lamp] and,"Candidate only: exact EWTS match; construction, whole-expression precedence and proposal scope not certified by assembly."
U04144,ji lta mkhyen,N-T87,ཇི་ལྟ་མཁྱེན་པའི་ཡེ་ཤེས་བཤད། །,I shall explain the primordial knowing that knows how [things are].,"Candidate only: exact EWTS match; construction, whole-expression precedence and proposal scope not certified by assembly."
U05200,tha snyad gzhi,N-T88,སྒྲ་ཚིག་ཐ་སྙད་གཞི་མར་ཡང་། །,"also as a foundation for words, phrases, and conventions,","Candidate only: exact EWTS match; construction, whole-expression precedence and proposal scope not certified by assembly."
U02796,rtog bral,N-T90,འཛིན་རྟོག་བྲལ་ནས་ཡེ་སངས་རྒྱས། །,"Free from holding and conceptualizing, there is primordial buddhahood.","Candidate only: exact EWTS match; construction, whole-expression precedence and proposal scope not certified by assembly."
U03024,rtog bral,N-T90,རྟོག་བྲལ་ཡེ་ཤེས་སྡུད་པར་བྱེད། །,they gather primordial knowing free from conceptualization.,"Candidate only: exact EWTS match; construction, whole-expression precedence and proposal scope not certified by assembly."
U04169,rtog bral,N-T90,རྟོག་བྲལ་ཆོས་ཉིད་རང་གདངས་ལས། །,"from the self-radiance of the nature of phenomena, free from conceptual thought,","Candidate only: exact EWTS match; construction, whole-expression precedence and proposal scope not certified by assembly."
U04316,rtog bral,N-T90,རྟོག་བྲལ་ཡེ་ཤེས་རྫོགས་དོན་དུ། །,"so that primordial knowing free from conceptual thought may be complete,","Candidate only: exact EWTS match; construction, whole-expression precedence and proposal scope not certified by assembly."
U04574,rtog bral,N-T90,རྟོག་བྲལ་ཞེན་པ་མི་གནས་པས། །,"Free from conceptual thought, clinging does not abide;","Candidate only: exact EWTS match; construction, whole-expression precedence and proposal scope not certified by assembly."
U00871,seng,N-T91,དཔལ་གྱི་སེང་གེ་ཞེས་བྱ་བས། །,one called Glorious Lion,"Candidate only: exact EWTS match; construction, whole-expression precedence and proposal scope not certified by assembly."
U00886,seng,N-T91,དམངས་ཀྱི་རིགས་ལ་སེང་གེའི་མགོ། །,one of the commoner class will have a lion's head.,"Candidate only: exact EWTS match; construction, whole-expression precedence and proposal scope not certified by assembly."
U01012,seng,N-T91,དེ་འོག་རྒྱལ་པོ་སེང་གེ་སྟེ། །,"After that, the king Lion—","Candidate only: exact EWTS match; construction, whole-expression precedence and proposal scope not certified by assembly."
U01698,seng,N-T91,སེང་གེ་ཉིད་དང་གླང་པོ་ཆེ། །,"the lion and elephant,","Candidate only: exact EWTS match; construction, whole-expression precedence and proposal scope not certified by assembly."
U04470,seng,N-T91,ཆོས་སྐུའི་བཞུགས་སྟངས་སེང་གེ་ཡིས། །,"Through the lion posture of the dharma embodiment,","Candidate only: exact EWTS match; construction, whole-expression precedence and proposal scope not certified by assembly."
U04721,seng,N-T91,ལྟ་བ་འཇིགས་བྲལ་སེང་རྩལ་རྫོགས། །,"The view, free from fear, completes the lion's expressiveness;","Candidate only: exact EWTS match; construction, whole-expression precedence and proposal scope not certified by assembly."
U01218,'khrul 'khor,N-T96,སྲིད་པའི་འཁྲུལ་འཁོར་ཉིད་དུའོ། །,the mechanism of existence itself.,"Candidate only: exact EWTS match; construction, whole-expression precedence and proposal scope not certified by assembly."
U01697,'khrul 'khor,N-T96,ལུས་ནི་འཁྲུལ་འཁོར་སྣ་ཚོགས་ལ། །,"For the body, in the various bodily mechanisms:","Candidate only: exact EWTS match; construction, whole-expression precedence and proposal scope not certified by assembly."
U01702,'khrul 'khor,N-T96,འཁྲུལ་འཁོར་རྣམ་པ་སྣ་ཚོགས་ཀྱིས། །,"and manifold bodily mechanisms,","Candidate only: exact EWTS match; construction, whole-expression precedence and proposal scope not certified by assembly."
U01982,'khrul 'khor,N-T96,ལུས་ཀྱིས་འཁྲུལ་འཁོར་སྣ་ཚོགས་དང༌། །,Through the body's manifold bodily mechanisms,"Candidate only: exact EWTS match; construction, whole-expression precedence and proposal scope not certified by assembly."
U02174,'khrul 'khor,N-T96,མཐའ་ལྡན་ཚད་ཀྱི་འཁྲུལ་འཁོར་གྱིས། །,"Through the bounded measuring mechanism,","Candidate only: exact EWTS match; construction, whole-expression precedence and proposal scope not certified by assembly."
U02366,'khrul 'khor,N-T96,བཅུད་ཅིང་འཁྲུལ་འཁོར་སྣ་ཚོགས་དང༌། །,"compressing [the body] and manifold bodily mechanisms,","Candidate only: exact EWTS match; construction, whole-expression precedence and proposal scope not certified by assembly."
U02599,'khrul 'khor,N-T96,ཁྲོམ་གྱི་འཁྲུལ་འཁོར་བསྟེན་པ་སྟེ། །,relies on the mechanism of the market (khrom).,"Candidate only: exact EWTS match; construction, whole-expression precedence and proposal scope not certified by assembly."
U02816,'khrul 'khor,N-T96,འཁྲུལ་འཁོར་རྩིས་ཀྱི་གཞི་མར་བྱུང༌། །,arises as the foundation of calculating delusion's mechanism.,"Candidate only: exact EWTS match; construction, whole-expression precedence and proposal scope not certified by assembly."
U04288,'khrul 'khor,N-T96,ཁམས་གསུམ་འཁྲུལ་འཁོར་རྒྱུན་ཆད་དོ། །,and the flow of the machinery of delusion in the three realms is cut.,"Candidate only: exact EWTS match; construction, whole-expression precedence and proposal scope not certified by assembly."
U05090,'khrul 'khor,N-T96,ལུས་ནི་འཁྲུལ་འཁོར་སྣ་ཚོགས་ཀྱིས། །,"through training the body with diverse bodily exercises,","Candidate only: exact EWTS match; construction, whole-expression precedence and proposal scope not certified by assembly."
U00524,dra ba,N-T97,པདྨ་རྒྱས་པའི་དབྱིབས་འདྲ་བ། །,"resembles the shape of an opened lotus,","Candidate only: exact EWTS match; construction, whole-expression precedence and proposal scope not certified by assembly."
U02211,dra ba,N-T97,འདོད་འཇོའི་བ་དང་འདྲ་བ་ཡི། །,and a cow that yields whatever is desired:,"Candidate only: exact EWTS match; construction, whole-expression precedence and proposal scope not certified by assembly."
U04188,dra ba,N-T97,དཀྱིལ་འཁོར་རྫོགས་པའི་གཟུགས་འདྲ་བ། །,there is a likeness of the form of a complete mandala.,"Candidate only: exact EWTS match; construction, whole-expression precedence and proposal scope not certified by assembly."
U03202,har,N-T97,ཕེག་དང་ཧར་ལ་སོགས་པའོ། །,and sounds such as ‘phek’ and ‘har.’ [N-138],"Candidate only: exact EWTS match; construction, whole-expression precedence and proposal scope not certified by assembly."
U03202,pheg,N-T97,ཕེག་དང་ཧར་ལ་སོགས་པའོ། །,and sounds such as ‘phek’ and ‘har.’ [N-138],"Candidate only: exact EWTS match; construction, whole-expression precedence and proposal scope not certified by assembly."
U05253,sku gdung,N-T102,སྐུ་གདུང་འབར་བ་རིན་ཆེན་སྤུངས། །,"Blazing Embodiment-Relics, Heap of Jewels,","Candidate only: exact EWTS match; construction, whole-expression precedence and proposal scope not certified by assembly."
U02616,spro bsdu,N-T106,སྤྲོ་བསྡུ་བསྟིམ་འཁྱིལ་པས་བྱའོ། །,"perform proliferating, gathering, absorbing, and coiling.","Candidate only: exact EWTS match; construction, whole-expression precedence and proposal scope not certified by assembly."
U05281,spro bsdu,N-T106,སྤྲོ་བསྡུ་རྣམ་པའི་འཁོར་ལོ་ཡི། །,a wheel of the aspects of proliferating and gathering.,"Candidate only: exact EWTS match; construction, whole-expression precedence and proposal scope not certified by assembly."
U01319,'gag,N-T108,འདི་ཤེས་འཁོར་བའི་ལམ་འགག་གོ། །,Knowing this blocks the path of samsara.,"Candidate only: exact EWTS match; construction, whole-expression precedence and proposal scope not certified by assembly."
U01334,'gag,N-T108,འདིས་ཀྱང་འཁོར་བའི་སྒོ་འགག་གོ། །,"This, too, blocks the gate of samsara.","Candidate only: exact EWTS match; construction, whole-expression precedence and proposal scope not certified by assembly."
U02809,'gag,N-T108,མཐའ་གྲོལ་འགག་པ་མེད་པ་ལས། །,"Free from extremes and without cessation,","Candidate only: exact EWTS match; construction, whole-expression precedence and proposal scope not certified by assembly."
U02913,'gag,N-T108,གཏར་ཞིང་བསྲེགས་ན་ཡེ་ཤེས་འགག །,bloodletting and cauterization obstruct primordial knowing.,"Candidate only: exact EWTS match; construction, whole-expression precedence and proposal scope not certified by assembly."
U03781,'gag,N-T108,མ་བྱུང་བས་ན་འགག་མེད་དོ། །,"Because it has not arisen, it does not cease.","Candidate only: exact EWTS match; construction, whole-expression precedence and proposal scope not certified by assembly."
U04013,'gag,N-T108,མ་སྐྱེས་པས་ན་འགག་སྟོང་ངོ༌། །,"Since it has not arisen, cessation is empty. [N-174]","Candidate only: exact EWTS match; construction, whole-expression precedence and proposal scope not certified by assembly."
U04016,'gag,N-T108,མི་སྐྱེ་མི་འགག་ཅིར་མི་དགོངས། །,"does not arise, does not cease, and directs enlightened intent toward nothing,","Candidate only: exact EWTS match; construction, whole-expression precedence and proposal scope not certified by assembly."
U04018,'gag,N-T108,རྩལ་དང་ཡོན་ཏན་འགག་མེད་པས། །,"Since expressiveness and qualities do not cease,","Candidate only: exact EWTS match; construction, whole-expression precedence and proposal scope not certified by assembly."
U04041,'gag,N-T108,མ་འགགས་འགག་པ་མེད་པའོ། །,has not ceased and does not cease.,"Candidate only: exact EWTS match; construction, whole-expression precedence and proposal scope not certified by assembly."
U04151,'gag,N-T108,མཁྱེན་པ་འགག་པ་མེད་ཕྱིར་རྫོགས། །,‘Knowing’ is complete because it does not cease.,"Candidate only: exact EWTS match; construction, whole-expression precedence and proposal scope not certified by assembly."
U04256,'gag,N-T108,དྲན་པའི་ཁོང་འགག་ངོ་བོ་གསལ། །,The interior of mindfulness ceases; essence is clear. [N-183],"Candidate only: exact EWTS match; construction, whole-expression precedence and proposal scope not certified by assembly."
U04384,'gag,N-T108,མ་བྱུང་མ་སྐྱེས་འགག་པ་མེད། །,"Not having come about or arisen, it does not cease.","Candidate only: exact EWTS match; construction, whole-expression precedence and proposal scope not certified by assembly."
U04888,'gag,N-T108,གཟུང་དང་འཛིན་པ་འགག་པའོ། །,and ceasing apprehended object and apprehending subject.,"Candidate only: exact EWTS match; construction, whole-expression precedence and proposal scope not certified by assembly."
U04972,'gag,N-T108,སྟོང་དང་གསལ་བ་སེམས་ཀྱི་འདོད་པ་འགག །,Ordinary mind's assertions of emptiness and clarity cease.,"Candidate only: exact EWTS match; construction, whole-expression precedence and proposal scope not certified by assembly."
U05273,'gag,N-T108,ཤུགས་འབྱུང་བ་དང་འགག་པ་མེད། །,it comes about of its own force and does not cease.,"Candidate only: exact EWTS match; construction, whole-expression precedence and proposal scope not certified by assembly."
U00535,sil,N-T109,རིན་ཆེན་སིལ་མ་སྣ་ཚོགས་པས། །,"With diverse small jewels,","Candidate only: exact EWTS match; construction, whole-expression precedence and proposal scope not certified by assembly."
U00556,sil,N-T109,མེ་ཏོག་སིལ་མའི་ཆར་དང་དྲི། །,"With showers of scattered flowers and fragrance,","Candidate only: exact EWTS match; construction, whole-expression precedence and proposal scope not certified by assembly."
U00833,sdig,N-T109,སྨེ་བ་ནག་པོ་སྡིག་པའི་དབྱིབས། །,"there will be a black mole in the shape of a scorpion,","Candidate only: exact EWTS match; construction, whole-expression precedence and proposal scope not certified by assembly."
U02156,sdig,N-T109,དགེ་དང་སྡིག་པའང་འགྲུབ་པ་མེད། །,"neither virtue nor misdeeds are established,","Candidate only: exact EWTS match; construction, whole-expression precedence and proposal scope not certified by assembly."
U02157,sdig,N-T109,དགེ་སྡིག་གཉིས་ཀ་སེལ་ཕྱིར་རོ། །,for both virtue and misdeeds are excluded.,"Candidate only: exact EWTS match; construction, whole-expression precedence and proposal scope not certified by assembly."
U03186,sdig,N-T109,སྡིག་སྤང་དགེ་བ་སྤྱོད་པར་སྨིན། །,maturing into one who abandons misdeeds and acts virtuously. [N-137],"Candidate only: exact EWTS match; construction, whole-expression precedence and proposal scope not certified by assembly."
U04346,sdig,N-T109,གཤིས་ཀྱི་གནས་པས་དགེ་སྡིག་བྲལ། །,"abiding in its fundamental disposition, it is free from virtue and wrongdoing;","Candidate only: exact EWTS match; construction, whole-expression precedence and proposal scope not certified by assembly."
U04797,sdig,N-T109,བརྟུལ་ཞུགས་ཅན་ལ་སྡིག་ལ་འཛེམ། །,possess disciplined observance and avoid wrongdoing;,"Candidate only: exact EWTS match; construction, whole-expression precedence and proposal scope not certified by assembly."
U04831,sdig,N-T109,སྲོག་གཅོད་དགེ་སྡིག་བྲལ་བ་དང༌། །,"taking life, and freedom from virtue and wrongdoing;","Candidate only: exact EWTS match; construction, whole-expression precedence and proposal scope not certified by assembly."
U04845,sdig,N-T109,དགེ་སྡིག་གཉིས་ཀ་རྣམ་པར་སེལ། །,"virtue and wrongdoing, both, are removed. [N-207]","Candidate only: exact EWTS match; construction, whole-expression precedence and proposal scope not certified by assembly."
U05004,sdig,N-T109,སྡིག་སྤྱད་པས་ནི་དགེ་ཐོབ་པོ། །,"Through practicing wrongdoing, virtue is attained. [N-217]","Candidate only: exact EWTS match; construction, whole-expression precedence and proposal scope not certified by assembly."
U00005,rgya,N-T111,གཾགརྦམཏགཱ རྒྱ་གར་སྐད་དུ།,gaṃgarbamatagā. [N-002] In the language of India:,"Candidate only: exact EWTS match; construction, whole-expression precedence and proposal scope not certified by assembly."
U00506,rgya,N-T111,རྒྱ་ཁྱོན་དཔག་དཀའ་རབ་ཏུ་མཛེས། །,"its extent difficult to measure, utterly beautiful.","Candidate only: exact EWTS match; construction, whole-expression precedence and proposal scope not certified by assembly."
U00963,rgya,N-T111,གདོན་མི་ཟ་བར་འཚང་རྒྱ་ངེས། །,"one will certainly, unfailingly awaken. [N-048]","Candidate only: exact EWTS match; construction, whole-expression precedence and proposal scope not certified by assembly."
U01002,rgya,N-T111,ཕྱག་རྒྱ་རྒྱ་ཆེན་དག་གིས་འཛིན། །,Vast Seal—will uphold it. [N-050],"Candidate only: exact EWTS match; construction, whole-expression precedence and proposal scope not certified by assembly."
U01190,rgya,N-T111,རྒྱ་ཁྱོན་ས་ལ་མཐུག་ཁོད་སྙོམས། །,The earth's extent and thickness are equal. [N-058],"Candidate only: exact EWTS match; construction, whole-expression precedence and proposal scope not certified by assembly."
U01196,rgya,N-T111,རྒྱ་མཚོ་ཆེན་པོའི་ཟབས་ཀྱིས་བསྐོར། །,surrounded by the depths of the great ocean.,"Candidate only: exact EWTS match; construction, whole-expression precedence and proposal scope not certified by assembly."
U01960,rgya,N-T111,འགུགས་པའི་ཕྱག་རྒྱ་ལྡན་པ་ཡིས། །,"Possessing the gesture of summoning,","Candidate only: exact EWTS match; construction, whole-expression precedence and proposal scope not certified by assembly."
U02033,rgya,N-T111,ཕྱག་རྒྱ་ཆེན་པོ་ཉིད་ཀྱི་མཐའ། །,The culmination of Mahamudra itself:,"Candidate only: exact EWTS match; construction, whole-expression precedence and proposal scope not certified by assembly."
U02155,rgya,N-T111,རྒྱ་ཆད་ཕྱོགས་ལྷུང་མེད་པའི་ཕྱིར། །,"Because there is no confinement or falling to a side,","Candidate only: exact EWTS match; construction, whole-expression precedence and proposal scope not certified by assembly."
U02997,rgya,N-T111,བསྒྲུབ་པའི་གནད་ཀྱིས་རྒྱ་ཉིད་བསྐྱེད། །,"and through the crucial point of accomplishment, expand its extent.","Candidate only: exact EWTS match; construction, whole-expression precedence and proposal scope not certified by assembly."
U03017,rgya,N-T111,འདི་ལ་མངོན་པར་འཚང་རྒྱའོ། །,one attains manifest buddhahood in this. [N-131],"Candidate only: exact EWTS match; construction, whole-expression precedence and proposal scope not certified by assembly."
U03052,rgya,N-T111,འདི་ཉིད་སུས་མཐོང་འཚང་རྒྱ་སྟེ། །,whoever sees this attains buddhahood.,"Candidate only: exact EWTS match; construction, whole-expression precedence and proposal scope not certified by assembly."
U04607,rgya,N-T111,འདིས་ནི་གནད་ཀྱི་འཚང་རྒྱའོ། །,"Through this, buddhahood comes through the crucial points. [N-197]","Candidate only: exact EWTS match; construction, whole-expression precedence and proposal scope not certified by assembly."
U04998,rgya,N-T111,སྲོག་མ་བཅད་ན་སངས་མི་རྒྱ། །,"If life is not cut, one does not become buddha. [N-216]","Candidate only: exact EWTS match; construction, whole-expression precedence and proposal scope not certified by assembly."
U05029,rgya,N-T111,རྒྱ་ཆེ་དཀྱིལ་སྟོང་གཅིག་མ་ཤོངས། །,"With great breadth and an empty center, not even one [thing] fits.","Candidate only: exact EWTS match; construction, whole-expression precedence and proposal scope not certified by assembly."
U05041,rgya,N-T111,མི་ལེན་མི་འདོར་སྐུ་ཡི་རྒྱ། །,neither taking nor casting away is the seal of embodiment.,"Candidate only: exact EWTS match; construction, whole-expression precedence and proposal scope not certified by assembly."
U05046,rgya,N-T111,སྔགས་དང་ཕྱག་རྒྱ་རྒྱུན་མི་བཅད། །,Do not interrupt the flow of mantra and gestures.,"Candidate only: exact EWTS match; construction, whole-expression precedence and proposal scope not certified by assembly."
U05059,rgya,N-T111,ཕྱག་རྒྱ་བསྟེན་པ་ཡང་དག་ཉིད། །,and gestures is authentic.,"Candidate only: exact EWTS match; construction, whole-expression precedence and proposal scope not certified by assembly."
U05098,rgya,N-T111,ཉི་ཟླའི་འོད་བསྡུས་རྒྱ་མཚོ་དྲངས། །,Gather the light of sun and moon; draw in the ocean.,"Candidate only: exact EWTS match; construction, whole-expression precedence and proposal scope not certified by assembly."
U05219,rgya,N-T111,ནམ་མཁའ་ལྡིང་གི་ཕྱག་རྒྱ་མཛད། །,and made the gesture of the sky-soarer.,"Candidate only: exact EWTS match; construction, whole-expression precedence and proposal scope not certified by assembly."
